Relationship,Number
BirthAsphyxia and HypDistrib are related,1
BirthAsphyxia and HypoxiaInO2 are related,1
BirthAsphyxia and CO2 are related,1
BirthAsphyxia and ChestXray are related,1
BirthAsphyxia and Grunting are related,1
BirthAsphyxia and LVHreport are related,1
BirthAsphyxia and LowerBodyO2 are related,1
BirthAsphyxia and RUQO2 are related,1
BirthAsphyxia and CO2Report are related,1
BirthAsphyxia and XrayReport are related,1
BirthAsphyxia and Disease are related,1
BirthAsphyxia and GruntingReport are related,1
BirthAsphyxia and Age are related,1
BirthAsphyxia and LVH are related,1
BirthAsphyxia and DuctFlow are related,1
BirthAsphyxia and CardiacMixing are related,1
BirthAsphyxia and LungParench are related,1
BirthAsphyxia and LungFlow are related,1
BirthAsphyxia and Sick are related,1
HypDistrib and BirthAsphyxia are related,1
HypDistrib and HypoxiaInO2 are conditionally related under BirthAsphyxia,1
HypDistrib and HypoxiaInO2 are not conditionally related under CO2,0
HypDistrib and HypoxiaInO2 are not conditionally related under ChestXray,0
HypDistrib and HypoxiaInO2 are not conditionally related under Grunting,0
HypDistrib and HypoxiaInO2 are not conditionally related under LVHreport,0
HypDistrib and HypoxiaInO2 are conditionally related under LowerBodyO2,1
HypDistrib and HypoxiaInO2 are not conditionally related under RUQO2,0
HypDistrib and HypoxiaInO2 are not conditionally related under CO2Report,0
HypDistrib and HypoxiaInO2 are not conditionally related under XrayReport,0
HypDistrib and HypoxiaInO2 are conditionally related under Disease,1
HypDistrib and HypoxiaInO2 are not conditionally related under GruntingReport,0
HypDistrib and HypoxiaInO2 are not conditionally related under Age,0
HypDistrib and HypoxiaInO2 are not conditionally related under LVH,0
HypDistrib and HypoxiaInO2 are not conditionally related under DuctFlow,0
HypDistrib and HypoxiaInO2 are conditionally related under CardiacMixing,1
HypDistrib and HypoxiaInO2 are not conditionally related under LungParench,0
HypDistrib and HypoxiaInO2 are not conditionally related under LungFlow,0
HypDistrib and HypoxiaInO2 are not conditionally related under Sick,0
HypDistrib and CO2 are conditionally related under BirthAsphyxia,1
HypDistrib and CO2 are not conditionally related under HypoxiaInO2,0
HypDistrib and CO2 are not conditionally related under ChestXray,0
HypDistrib and CO2 are not conditionally related under Grunting,0
HypDistrib and CO2 are not conditionally related under LVHreport,0
HypDistrib and CO2 are not conditionally related under LowerBodyO2,0
HypDistrib and CO2 are not conditionally related under RUQO2,0
HypDistrib and CO2 are not conditionally related under CO2Report,0
HypDistrib and CO2 are not conditionally related under XrayReport,0
HypDistrib and CO2 are conditionally related under Disease,1
HypDistrib and CO2 are not conditionally related under GruntingReport,0
HypDistrib and CO2 are not conditionally related under Age,0
HypDistrib and CO2 are not conditionally related under LVH,0
HypDistrib and CO2 are not conditionally related under DuctFlow,0
HypDistrib and CO2 are not conditionally related under CardiacMixing,0
HypDistrib and CO2 are not conditionally related under LungParench,0
HypDistrib and CO2 are not conditionally related under LungFlow,0
HypDistrib and CO2 are not conditionally related under Sick,0
HypDistrib and ChestXray are conditionally related under BirthAsphyxia,1
HypDistrib and ChestXray are not conditionally related under HypoxiaInO2,0
HypDistrib and ChestXray are not conditionally related under CO2,0
HypDistrib and ChestXray are not conditionally related under Grunting,0
HypDistrib and ChestXray are not conditionally related under LVHreport,0
HypDistrib and ChestXray are not conditionally related under LowerBodyO2,0
HypDistrib and ChestXray are not conditionally related under RUQO2,0
HypDistrib and ChestXray are not conditionally related under CO2Report,0
HypDistrib and ChestXray are not conditionally related under XrayReport,0
HypDistrib and ChestXray are conditionally related under Disease,1
HypDistrib and ChestXray are not conditionally related under GruntingReport,0
HypDistrib and ChestXray are not conditionally related under Age,0
HypDistrib and ChestXray are not conditionally related under LVH,0
HypDistrib and ChestXray are not conditionally related under DuctFlow,0
HypDistrib and ChestXray are not conditionally related under CardiacMixing,0
HypDistrib and ChestXray are not conditionally related under LungParench,0
HypDistrib and ChestXray are not conditionally related under LungFlow,0
HypDistrib and ChestXray are not conditionally related under Sick,0
HypDistrib and Grunting are conditionally related under BirthAsphyxia,1
HypDistrib and Grunting are not conditionally related under HypoxiaInO2,0
HypDistrib and Grunting are not conditionally related under CO2,0
HypDistrib and Grunting are not conditionally related under ChestXray,0
HypDistrib and Grunting are not conditionally related under LVHreport,0
HypDistrib and Grunting are not conditionally related under LowerBodyO2,0
HypDistrib and Grunting are not conditionally related under RUQO2,0
HypDistrib and Grunting are not conditionally related under CO2Report,0
HypDistrib and Grunting are not conditionally related under XrayReport,0
HypDistrib and Grunting are conditionally related under Disease,1
HypDistrib and Grunting are not conditionally related under GruntingReport,0
HypDistrib and Grunting are not conditionally related under Age,0
HypDistrib and Grunting are not conditionally related under LVH,0
HypDistrib and Grunting are not conditionally related under DuctFlow,0
HypDistrib and Grunting are not conditionally related under CardiacMixing,0
HypDistrib and Grunting are not conditionally related under LungParench,0
HypDistrib and Grunting are not conditionally related under LungFlow,0
HypDistrib and Grunting are not conditionally related under Sick,0
HypDistrib and LVHreport are conditionally related under BirthAsphyxia,1
HypDistrib and LVHreport are not conditionally related under HypoxiaInO2,0
HypDistrib and LVHreport are not conditionally related under CO2,0
HypDistrib and LVHreport are not conditionally related under ChestXray,0
HypDistrib and LVHreport are not conditionally related under Grunting,0
HypDistrib and LVHreport are not conditionally related under LowerBodyO2,0
HypDistrib and LVHreport are not conditionally related under RUQO2,0
HypDistrib and LVHreport are not conditionally related under CO2Report,0
HypDistrib and LVHreport are not conditionally related under XrayReport,0
HypDistrib and LVHreport are conditionally related under Disease,1
HypDistrib and LVHreport are not conditionally related under GruntingReport,0
HypDistrib and LVHreport are not conditionally related under Age,0
HypDistrib and LVHreport are not conditionally related under LVH,0
HypDistrib and LVHreport are not conditionally related under DuctFlow,0
HypDistrib and LVHreport are not conditionally related under CardiacMixing,0
HypDistrib and LVHreport are not conditionally related under LungParench,0
HypDistrib and LVHreport are not conditionally related under LungFlow,0
HypDistrib and LVHreport are not conditionally related under Sick,0
HypDistrib and LowerBodyO2 are related,1
HypDistrib and RUQO2 are conditionally related under BirthAsphyxia,1
HypDistrib and RUQO2 are not conditionally related under HypoxiaInO2,0
HypDistrib and RUQO2 are not conditionally related under CO2,0
HypDistrib and RUQO2 are not conditionally related under ChestXray,0
HypDistrib and RUQO2 are not conditionally related under Grunting,0
HypDistrib and RUQO2 are not conditionally related under LVHreport,0
HypDistrib and RUQO2 are not conditionally related under LowerBodyO2,0
HypDistrib and RUQO2 are not conditionally related under CO2Report,0
HypDistrib and RUQO2 are not conditionally related under XrayReport,0
HypDistrib and RUQO2 are conditionally related under Disease,1
HypDistrib and RUQO2 are not conditionally related under GruntingReport,0
HypDistrib and RUQO2 are not conditionally related under Age,0
HypDistrib and RUQO2 are not conditionally related under LVH,0
HypDistrib and RUQO2 are not conditionally related under DuctFlow,0
HypDistrib and RUQO2 are conditionally related under CardiacMixing,1
HypDistrib and RUQO2 are not conditionally related under LungParench,0
HypDistrib and RUQO2 are not conditionally related under LungFlow,0
HypDistrib and RUQO2 are not conditionally related under Sick,0
HypDistrib and CO2Report are conditionally related under BirthAsphyxia,1
HypDistrib and CO2Report are not conditionally related under HypoxiaInO2,0
HypDistrib and CO2Report are not conditionally related under CO2,0
HypDistrib and CO2Report are not conditionally related under ChestXray,0
HypDistrib and CO2Report are not conditionally related under Grunting,0
HypDistrib and CO2Report are not conditionally related under LVHreport,0
HypDistrib and CO2Report are not conditionally related under LowerBodyO2,0
HypDistrib and CO2Report are not conditionally related under RUQO2,0
HypDistrib and CO2Report are not conditionally related under XrayReport,0
HypDistrib and CO2Report are conditionally related under Disease,1
HypDistrib and CO2Report are not conditionally related under GruntingReport,0
HypDistrib and CO2Report are not conditionally related under Age,0
HypDistrib and CO2Report are not conditionally related under LVH,0
HypDistrib and CO2Report are not conditionally related under DuctFlow,0
HypDistrib and CO2Report are not conditionally related under CardiacMixing,0
HypDistrib and CO2Report are not conditionally related under LungParench,0
HypDistrib and CO2Report are not conditionally related under LungFlow,0
HypDistrib and CO2Report are not conditionally related under Sick,0
HypDistrib and XrayReport are conditionally related under BirthAsphyxia,1
HypDistrib and XrayReport are not conditionally related under HypoxiaInO2,0
HypDistrib and XrayReport are not conditionally related under CO2,0
HypDistrib and XrayReport are not conditionally related under ChestXray,0
HypDistrib and XrayReport are not conditionally related under Grunting,0
HypDistrib and XrayReport are not conditionally related under LVHreport,0
HypDistrib and XrayReport are not conditionally related under LowerBodyO2,0
HypDistrib and XrayReport are not conditionally related under RUQO2,0
HypDistrib and XrayReport are not conditionally related under CO2Report,0
HypDistrib and XrayReport are conditionally related under Disease,1
HypDistrib and XrayReport are not conditionally related under GruntingReport,0
HypDistrib and XrayReport are not conditionally related under Age,0
HypDistrib and XrayReport are not conditionally related under LVH,0
HypDistrib and XrayReport are not conditionally related under DuctFlow,0
HypDistrib and XrayReport are not conditionally related under CardiacMixing,0
HypDistrib and XrayReport are not conditionally related under LungParench,0
HypDistrib and XrayReport are not conditionally related under LungFlow,0
HypDistrib and XrayReport are not conditionally related under Sick,0
HypDistrib and Disease are related,1
HypDistrib and GruntingReport are conditionally related under BirthAsphyxia,1
HypDistrib and GruntingReport are not conditionally related under HypoxiaInO2,0
HypDistrib and GruntingReport are not conditionally related under CO2,0
HypDistrib and GruntingReport are not conditionally related under ChestXray,0
HypDistrib and GruntingReport are not conditionally related under Grunting,0
HypDistrib and GruntingReport are not conditionally related under LVHreport,0
HypDistrib and GruntingReport are not conditionally related under LowerBodyO2,0
HypDistrib and GruntingReport are not conditionally related under RUQO2,0
HypDistrib and GruntingReport are not conditionally related under CO2Report,0
HypDistrib and GruntingReport are not conditionally related under XrayReport,0
HypDistrib and GruntingReport are conditionally related under Disease,1
HypDistrib and GruntingReport are not conditionally related under Age,0
HypDistrib and GruntingReport are not conditionally related under LVH,0
HypDistrib and GruntingReport are not conditionally related under DuctFlow,0
HypDistrib and GruntingReport are not conditionally related under CardiacMixing,0
HypDistrib and GruntingReport are not conditionally related under LungParench,0
HypDistrib and GruntingReport are not conditionally related under LungFlow,0
HypDistrib and GruntingReport are not conditionally related under Sick,0
HypDistrib and Age are conditionally related under BirthAsphyxia,1
HypDistrib and Age are not conditionally related under HypoxiaInO2,0
HypDistrib and Age are not conditionally related under CO2,0
HypDistrib and Age are not conditionally related under ChestXray,0
HypDistrib and Age are not conditionally related under Grunting,0
HypDistrib and Age are not conditionally related under LVHreport,0
HypDistrib and Age are not conditionally related under LowerBodyO2,0
HypDistrib and Age are not conditionally related under RUQO2,0
HypDistrib and Age are not conditionally related under CO2Report,0
HypDistrib and Age are not conditionally related under XrayReport,0
HypDistrib and Age are conditionally related under Disease,1
HypDistrib and Age are not conditionally related under GruntingReport,0
HypDistrib and Age are not conditionally related under LVH,0
HypDistrib and Age are not conditionally related under DuctFlow,0
HypDistrib and Age are not conditionally related under CardiacMixing,0
HypDistrib and Age are not conditionally related under LungParench,0
HypDistrib and Age are not conditionally related under LungFlow,0
HypDistrib and Age are not conditionally related under Sick,0
HypDistrib and LVH are conditionally related under BirthAsphyxia,1
HypDistrib and LVH are not conditionally related under HypoxiaInO2,0
HypDistrib and LVH are not conditionally related under CO2,0
HypDistrib and LVH are not conditionally related under ChestXray,0
HypDistrib and LVH are not conditionally related under Grunting,0
HypDistrib and LVH are not conditionally related under LVHreport,0
HypDistrib and LVH are not conditionally related under LowerBodyO2,0
HypDistrib and LVH are not conditionally related under RUQO2,0
HypDistrib and LVH are not conditionally related under CO2Report,0
HypDistrib and LVH are not conditionally related under XrayReport,0
HypDistrib and LVH are conditionally related under Disease,1
HypDistrib and LVH are not conditionally related under GruntingReport,0
HypDistrib and LVH are not conditionally related under Age,0
HypDistrib and LVH are not conditionally related under DuctFlow,0
HypDistrib and LVH are not conditionally related under CardiacMixing,0
HypDistrib and LVH are not conditionally related under LungParench,0
HypDistrib and LVH are not conditionally related under LungFlow,0
HypDistrib and LVH are not conditionally related under Sick,0
HypDistrib and DuctFlow are related,1
HypDistrib and CardiacMixing are related,1
HypDistrib and LungParench are conditionally related under BirthAsphyxia,1
HypDistrib and LungParench are not conditionally related under HypoxiaInO2,0
HypDistrib and LungParench are not conditionally related under CO2,0
HypDistrib and LungParench are not conditionally related under ChestXray,0
HypDistrib and LungParench are not conditionally related under Grunting,0
HypDistrib and LungParench are not conditionally related under LVHreport,0
HypDistrib and LungParench are conditionally related under LowerBodyO2,1
HypDistrib and LungParench are not conditionally related under RUQO2,0
HypDistrib and LungParench are not conditionally related under CO2Report,0
HypDistrib and LungParench are not conditionally related under XrayReport,0
HypDistrib and LungParench are conditionally related under Disease,1
HypDistrib and LungParench are not conditionally related under GruntingReport,0
HypDistrib and LungParench are not conditionally related under Age,0
HypDistrib and LungParench are not conditionally related under LVH,0
HypDistrib and LungParench are not conditionally related under DuctFlow,0
HypDistrib and LungParench are not conditionally related under CardiacMixing,0
HypDistrib and LungParench are not conditionally related under LungFlow,0
HypDistrib and LungParench are not conditionally related under Sick,0
HypDistrib and LungFlow are conditionally related under BirthAsphyxia,1
HypDistrib and LungFlow are not conditionally related under HypoxiaInO2,0
HypDistrib and LungFlow are not conditionally related under CO2,0
HypDistrib and LungFlow are not conditionally related under ChestXray,0
HypDistrib and LungFlow are not conditionally related under Grunting,0
HypDistrib and LungFlow are not conditionally related under LVHreport,0
HypDistrib and LungFlow are not conditionally related under LowerBodyO2,0
HypDistrib and LungFlow are not conditionally related under RUQO2,0
HypDistrib and LungFlow are not conditionally related under CO2Report,0
HypDistrib and LungFlow are not conditionally related under XrayReport,0
HypDistrib and LungFlow are conditionally related under Disease,1
HypDistrib and LungFlow are not conditionally related under GruntingReport,0
HypDistrib and LungFlow are not conditionally related under Age,0
HypDistrib and LungFlow are not conditionally related under LVH,0
HypDistrib and LungFlow are not conditionally related under DuctFlow,0
HypDistrib and LungFlow are not conditionally related under CardiacMixing,0
HypDistrib and LungFlow are not conditionally related under LungParench,0
HypDistrib and LungFlow are not conditionally related under Sick,0
HypDistrib and Sick are conditionally related under BirthAsphyxia,1
HypDistrib and Sick are not conditionally related under HypoxiaInO2,0
HypDistrib and Sick are not conditionally related under CO2,0
HypDistrib and Sick are not conditionally related under ChestXray,0
HypDistrib and Sick are not conditionally related under Grunting,0
HypDistrib and Sick are not conditionally related under LVHreport,0
HypDistrib and Sick are not conditionally related under LowerBodyO2,0
HypDistrib and Sick are not conditionally related under RUQO2,0
HypDistrib and Sick are not conditionally related under CO2Report,0
HypDistrib and Sick are not conditionally related under XrayReport,0
HypDistrib and Sick are conditionally related under Disease,1
HypDistrib and Sick are not conditionally related under GruntingReport,0
HypDistrib and Sick are not conditionally related under Age,0
HypDistrib and Sick are not conditionally related under LVH,0
HypDistrib and Sick are not conditionally related under DuctFlow,0
HypDistrib and Sick are not conditionally related under CardiacMixing,0
HypDistrib and Sick are not conditionally related under LungParench,0
HypDistrib and Sick are not conditionally related under LungFlow,0
HypoxiaInO2 and BirthAsphyxia are related,1
HypoxiaInO2 and HypDistrib are conditionally related under BirthAsphyxia,1
HypoxiaInO2 and HypDistrib are not conditionally related under CO2,0
HypoxiaInO2 and HypDistrib are not conditionally related under ChestXray,0
HypoxiaInO2 and HypDistrib are not conditionally related under Grunting,0
HypoxiaInO2 and HypDistrib are not conditionally related under LVHreport,0
HypoxiaInO2 and HypDistrib are conditionally related under LowerBodyO2,1
HypoxiaInO2 and HypDistrib are not conditionally related under RUQO2,0
HypoxiaInO2 and HypDistrib are not conditionally related under CO2Report,0
HypoxiaInO2 and HypDistrib are not conditionally related under XrayReport,0
HypoxiaInO2 and HypDistrib are conditionally related under Disease,1
HypoxiaInO2 and HypDistrib are not conditionally related under GruntingReport,0
HypoxiaInO2 and HypDistrib are not conditionally related under Age,0
HypoxiaInO2 and HypDistrib are not conditionally related under LVH,0
HypoxiaInO2 and HypDistrib are not conditionally related under DuctFlow,0
HypoxiaInO2 and HypDistrib are conditionally related under CardiacMixing,1
HypoxiaInO2 and HypDistrib are not conditionally related under LungParench,0
HypoxiaInO2 and HypDistrib are not conditionally related under LungFlow,0
HypoxiaInO2 and HypDistrib are not conditionally related under Sick,0
HypoxiaInO2 and CO2 are conditionally related under BirthAsphyxia,1
HypoxiaInO2 and CO2 are not conditionally related under HypDistrib,0
HypoxiaInO2 and CO2 are not conditionally related under ChestXray,0
HypoxiaInO2 and CO2 are not conditionally related under Grunting,0
HypoxiaInO2 and CO2 are not conditionally related under LVHreport,0
HypoxiaInO2 and CO2 are not conditionally related under LowerBodyO2,0
HypoxiaInO2 and CO2 are not conditionally related under RUQO2,0
HypoxiaInO2 and CO2 are not conditionally related under CO2Report,0
HypoxiaInO2 and CO2 are not conditionally related under XrayReport,0
HypoxiaInO2 and CO2 are conditionally related under Disease,1
HypoxiaInO2 and CO2 are not conditionally related under GruntingReport,0
HypoxiaInO2 and CO2 are not conditionally related under Age,0
HypoxiaInO2 and CO2 are not conditionally related under LVH,0
HypoxiaInO2 and CO2 are not conditionally related under DuctFlow,0
HypoxiaInO2 and CO2 are not conditionally related under CardiacMixing,0
HypoxiaInO2 and CO2 are conditionally related under LungParench,1
HypoxiaInO2 and CO2 are not conditionally related under LungFlow,0
HypoxiaInO2 and CO2 are not conditionally related under Sick,0
HypoxiaInO2 and ChestXray are conditionally related under BirthAsphyxia,1
HypoxiaInO2 and ChestXray are not conditionally related under HypDistrib,0
HypoxiaInO2 and ChestXray are not conditionally related under CO2,0
HypoxiaInO2 and ChestXray are not conditionally related under Grunting,0
HypoxiaInO2 and ChestXray are not conditionally related under LVHreport,0
HypoxiaInO2 and ChestXray are not conditionally related under LowerBodyO2,0
HypoxiaInO2 and ChestXray are not conditionally related under RUQO2,0
HypoxiaInO2 and ChestXray are not conditionally related under CO2Report,0
HypoxiaInO2 and ChestXray are not conditionally related under XrayReport,0
HypoxiaInO2 and ChestXray are conditionally related under Disease,1
HypoxiaInO2 and ChestXray are not conditionally related under GruntingReport,0
HypoxiaInO2 and ChestXray are not conditionally related under Age,0
HypoxiaInO2 and ChestXray are not conditionally related under LVH,0
HypoxiaInO2 and ChestXray are not conditionally related under DuctFlow,0
HypoxiaInO2 and ChestXray are not conditionally related under CardiacMixing,0
HypoxiaInO2 and ChestXray are conditionally related under LungParench,1
HypoxiaInO2 and ChestXray are not conditionally related under LungFlow,0
HypoxiaInO2 and ChestXray are not conditionally related under Sick,0
HypoxiaInO2 and Grunting are conditionally related under BirthAsphyxia,1
HypoxiaInO2 and Grunting are not conditionally related under HypDistrib,0
HypoxiaInO2 and Grunting are not conditionally related under CO2,0
HypoxiaInO2 and Grunting are not conditionally related under ChestXray,0
HypoxiaInO2 and Grunting are not conditionally related under LVHreport,0
HypoxiaInO2 and Grunting are not conditionally related under LowerBodyO2,0
HypoxiaInO2 and Grunting are not conditionally related under RUQO2,0
HypoxiaInO2 and Grunting are not conditionally related under CO2Report,0
HypoxiaInO2 and Grunting are not conditionally related under XrayReport,0
HypoxiaInO2 and Grunting are conditionally related under Disease,1
HypoxiaInO2 and Grunting are not conditionally related under GruntingReport,0
HypoxiaInO2 and Grunting are not conditionally related under Age,0
HypoxiaInO2 and Grunting are not conditionally related under LVH,0
HypoxiaInO2 and Grunting are not conditionally related under DuctFlow,0
HypoxiaInO2 and Grunting are not conditionally related under CardiacMixing,0
HypoxiaInO2 and Grunting are conditionally related under LungParench,1
HypoxiaInO2 and Grunting are not conditionally related under LungFlow,0
HypoxiaInO2 and Grunting are not conditionally related under Sick,0
HypoxiaInO2 and LVHreport are conditionally related under BirthAsphyxia,1
HypoxiaInO2 and LVHreport are not conditionally related under HypDistrib,0
HypoxiaInO2 and LVHreport are not conditionally related under CO2,0
HypoxiaInO2 and LVHreport are not conditionally related under ChestXray,0
HypoxiaInO2 and LVHreport are not conditionally related under Grunting,0
HypoxiaInO2 and LVHreport are not conditionally related under LowerBodyO2,0
HypoxiaInO2 and LVHreport are not conditionally related under RUQO2,0
HypoxiaInO2 and LVHreport are not conditionally related under CO2Report,0
HypoxiaInO2 and LVHreport are not conditionally related under XrayReport,0
HypoxiaInO2 and LVHreport are conditionally related under Disease,1
HypoxiaInO2 and LVHreport are not conditionally related under GruntingReport,0
HypoxiaInO2 and LVHreport are not conditionally related under Age,0
HypoxiaInO2 and LVHreport are not conditionally related under LVH,0
HypoxiaInO2 and LVHreport are not conditionally related under DuctFlow,0
HypoxiaInO2 and LVHreport are not conditionally related under CardiacMixing,0
HypoxiaInO2 and LVHreport are not conditionally related under LungParench,0
HypoxiaInO2 and LVHreport are not conditionally related under LungFlow,0
HypoxiaInO2 and LVHreport are not conditionally related under Sick,0
HypoxiaInO2 and LowerBodyO2 are related,1
HypoxiaInO2 and RUQO2 are related,1
HypoxiaInO2 and CO2Report are conditionally related under BirthAsphyxia,1
HypoxiaInO2 and CO2Report are not conditionally related under HypDistrib,0
HypoxiaInO2 and CO2Report are not conditionally related under CO2,0
HypoxiaInO2 and CO2Report are not conditionally related under ChestXray,0
HypoxiaInO2 and CO2Report are not conditionally related under Grunting,0
HypoxiaInO2 and CO2Report are not conditionally related under LVHreport,0
HypoxiaInO2 and CO2Report are not conditionally related under LowerBodyO2,0
HypoxiaInO2 and CO2Report are not conditionally related under RUQO2,0
HypoxiaInO2 and CO2Report are not conditionally related under XrayReport,0
HypoxiaInO2 and CO2Report are conditionally related under Disease,1
HypoxiaInO2 and CO2Report are not conditionally related under GruntingReport,0
HypoxiaInO2 and CO2Report are not conditionally related under Age,0
HypoxiaInO2 and CO2Report are not conditionally related under LVH,0
HypoxiaInO2 and CO2Report are not conditionally related under DuctFlow,0
HypoxiaInO2 and CO2Report are not conditionally related under CardiacMixing,0
HypoxiaInO2 and CO2Report are conditionally related under LungParench,1
HypoxiaInO2 and CO2Report are not conditionally related under LungFlow,0
HypoxiaInO2 and CO2Report are not conditionally related under Sick,0
HypoxiaInO2 and XrayReport are conditionally related under BirthAsphyxia,1
HypoxiaInO2 and XrayReport are not conditionally related under HypDistrib,0
HypoxiaInO2 and XrayReport are not conditionally related under CO2,0
HypoxiaInO2 and XrayReport are not conditionally related under ChestXray,0
HypoxiaInO2 and XrayReport are not conditionally related under Grunting,0
HypoxiaInO2 and XrayReport are not conditionally related under LVHreport,0
HypoxiaInO2 and XrayReport are not conditionally related under LowerBodyO2,0
HypoxiaInO2 and XrayReport are not conditionally related under RUQO2,0
HypoxiaInO2 and XrayReport are not conditionally related under CO2Report,0
HypoxiaInO2 and XrayReport are conditionally related under Disease,1
HypoxiaInO2 and XrayReport are not conditionally related under GruntingReport,0
HypoxiaInO2 and XrayReport are not conditionally related under Age,0
HypoxiaInO2 and XrayReport are not conditionally related under LVH,0
HypoxiaInO2 and XrayReport are not conditionally related under DuctFlow,0
HypoxiaInO2 and XrayReport are not conditionally related under CardiacMixing,0
HypoxiaInO2 and XrayReport are conditionally related under LungParench,1
HypoxiaInO2 and XrayReport are not conditionally related under LungFlow,0
HypoxiaInO2 and XrayReport are not conditionally related under Sick,0
HypoxiaInO2 and Disease are related,1
HypoxiaInO2 and GruntingReport are conditionally related under BirthAsphyxia,1
HypoxiaInO2 and GruntingReport are not conditionally related under HypDistrib,0
HypoxiaInO2 and GruntingReport are not conditionally related under CO2,0
HypoxiaInO2 and GruntingReport are not conditionally related under ChestXray,0
HypoxiaInO2 and GruntingReport are not conditionally related under Grunting,0
HypoxiaInO2 and GruntingReport are not conditionally related under LVHreport,0
HypoxiaInO2 and GruntingReport are not conditionally related under LowerBodyO2,0
HypoxiaInO2 and GruntingReport are not conditionally related under RUQO2,0
HypoxiaInO2 and GruntingReport are not conditionally related under CO2Report,0
HypoxiaInO2 and GruntingReport are not conditionally related under XrayReport,0
HypoxiaInO2 and GruntingReport are conditionally related under Disease,1
HypoxiaInO2 and GruntingReport are not conditionally related under Age,0
HypoxiaInO2 and GruntingReport are not conditionally related under LVH,0
HypoxiaInO2 and GruntingReport are not conditionally related under DuctFlow,0
HypoxiaInO2 and GruntingReport are not conditionally related under CardiacMixing,0
HypoxiaInO2 and GruntingReport are conditionally related under LungParench,1
HypoxiaInO2 and GruntingReport are not conditionally related under LungFlow,0
HypoxiaInO2 and GruntingReport are not conditionally related under Sick,0
HypoxiaInO2 and Age are conditionally related under BirthAsphyxia,1
HypoxiaInO2 and Age are not conditionally related under HypDistrib,0
HypoxiaInO2 and Age are not conditionally related under CO2,0
HypoxiaInO2 and Age are not conditionally related under ChestXray,0
HypoxiaInO2 and Age are not conditionally related under Grunting,0
HypoxiaInO2 and Age are not conditionally related under LVHreport,0
HypoxiaInO2 and Age are not conditionally related under LowerBodyO2,0
HypoxiaInO2 and Age are not conditionally related under RUQO2,0
HypoxiaInO2 and Age are not conditionally related under CO2Report,0
HypoxiaInO2 and Age are not conditionally related under XrayReport,0
HypoxiaInO2 and Age are conditionally related under Disease,1
HypoxiaInO2 and Age are not conditionally related under GruntingReport,0
HypoxiaInO2 and Age are not conditionally related under LVH,0
HypoxiaInO2 and Age are not conditionally related under DuctFlow,0
HypoxiaInO2 and Age are not conditionally related under CardiacMixing,0
HypoxiaInO2 and Age are not conditionally related under LungParench,0
HypoxiaInO2 and Age are not conditionally related under LungFlow,0
HypoxiaInO2 and Age are not conditionally related under Sick,0
HypoxiaInO2 and LVH are conditionally related under BirthAsphyxia,1
HypoxiaInO2 and LVH are not conditionally related under HypDistrib,0
HypoxiaInO2 and LVH are not conditionally related under CO2,0
HypoxiaInO2 and LVH are not conditionally related under ChestXray,0
HypoxiaInO2 and LVH are not conditionally related under Grunting,0
HypoxiaInO2 and LVH are not conditionally related under LVHreport,0
HypoxiaInO2 and LVH are not conditionally related under LowerBodyO2,0
HypoxiaInO2 and LVH are not conditionally related under RUQO2,0
HypoxiaInO2 and LVH are not conditionally related under CO2Report,0
HypoxiaInO2 and LVH are not conditionally related under XrayReport,0
HypoxiaInO2 and LVH are conditionally related under Disease,1
HypoxiaInO2 and LVH are not conditionally related under GruntingReport,0
HypoxiaInO2 and LVH are not conditionally related under Age,0
HypoxiaInO2 and LVH are not conditionally related under DuctFlow,0
HypoxiaInO2 and LVH are not conditionally related under CardiacMixing,0
HypoxiaInO2 and LVH are not conditionally related under LungParench,0
HypoxiaInO2 and LVH are not conditionally related under LungFlow,0
HypoxiaInO2 and LVH are not conditionally related under Sick,0
HypoxiaInO2 and DuctFlow are conditionally related under BirthAsphyxia,1
HypoxiaInO2 and DuctFlow are not conditionally related under HypDistrib,0
HypoxiaInO2 and DuctFlow are not conditionally related under CO2,0
HypoxiaInO2 and DuctFlow are not conditionally related under ChestXray,0
HypoxiaInO2 and DuctFlow are not conditionally related under Grunting,0
HypoxiaInO2 and DuctFlow are not conditionally related under LVHreport,0
HypoxiaInO2 and DuctFlow are conditionally related under LowerBodyO2,1
HypoxiaInO2 and DuctFlow are not conditionally related under RUQO2,0
HypoxiaInO2 and DuctFlow are not conditionally related under CO2Report,0
HypoxiaInO2 and DuctFlow are not conditionally related under XrayReport,0
HypoxiaInO2 and DuctFlow are conditionally related under Disease,1
HypoxiaInO2 and DuctFlow are not conditionally related under GruntingReport,0
HypoxiaInO2 and DuctFlow are not conditionally related under Age,0
HypoxiaInO2 and DuctFlow are not conditionally related under LVH,0
HypoxiaInO2 and DuctFlow are not conditionally related under CardiacMixing,0
HypoxiaInO2 and DuctFlow are not conditionally related under LungParench,0
HypoxiaInO2 and DuctFlow are not conditionally related under LungFlow,0
HypoxiaInO2 and DuctFlow are not conditionally related under Sick,0
HypoxiaInO2 and CardiacMixing are related,1
HypoxiaInO2 and LungParench are related,1
HypoxiaInO2 and LungFlow are conditionally related under BirthAsphyxia,1
HypoxiaInO2 and LungFlow are not conditionally related under HypDistrib,0
HypoxiaInO2 and LungFlow are not conditionally related under CO2,0
HypoxiaInO2 and LungFlow are not conditionally related under ChestXray,0
HypoxiaInO2 and LungFlow are not conditionally related under Grunting,0
HypoxiaInO2 and LungFlow are not conditionally related under LVHreport,0
HypoxiaInO2 and LungFlow are not conditionally related under LowerBodyO2,0
HypoxiaInO2 and LungFlow are not conditionally related under RUQO2,0
HypoxiaInO2 and LungFlow are not conditionally related under CO2Report,0
HypoxiaInO2 and LungFlow are not conditionally related under XrayReport,0
HypoxiaInO2 and LungFlow are conditionally related under Disease,1
HypoxiaInO2 and LungFlow are not conditionally related under GruntingReport,0
HypoxiaInO2 and LungFlow are not conditionally related under Age,0
HypoxiaInO2 and LungFlow are not conditionally related under LVH,0
HypoxiaInO2 and LungFlow are not conditionally related under DuctFlow,0
HypoxiaInO2 and LungFlow are not conditionally related under CardiacMixing,0
HypoxiaInO2 and LungFlow are not conditionally related under LungParench,0
HypoxiaInO2 and LungFlow are not conditionally related under Sick,0
HypoxiaInO2 and Sick are conditionally related under BirthAsphyxia,1
HypoxiaInO2 and Sick are not conditionally related under HypDistrib,0
HypoxiaInO2 and Sick are not conditionally related under CO2,0
HypoxiaInO2 and Sick are not conditionally related under ChestXray,0
HypoxiaInO2 and Sick are not conditionally related under Grunting,0
HypoxiaInO2 and Sick are not conditionally related under LVHreport,0
HypoxiaInO2 and Sick are not conditionally related under LowerBodyO2,0
HypoxiaInO2 and Sick are not conditionally related under RUQO2,0
HypoxiaInO2 and Sick are not conditionally related under CO2Report,0
HypoxiaInO2 and Sick are not conditionally related under XrayReport,0
HypoxiaInO2 and Sick are conditionally related under Disease,1
HypoxiaInO2 and Sick are not conditionally related under GruntingReport,0
HypoxiaInO2 and Sick are not conditionally related under Age,0
HypoxiaInO2 and Sick are not conditionally related under LVH,0
HypoxiaInO2 and Sick are not conditionally related under DuctFlow,0
HypoxiaInO2 and Sick are not conditionally related under CardiacMixing,0
HypoxiaInO2 and Sick are not conditionally related under LungParench,0
HypoxiaInO2 and Sick are not conditionally related under LungFlow,0
CO2 and BirthAsphyxia are related,1
CO2 and HypDistrib are conditionally related under BirthAsphyxia,1
CO2 and HypDistrib are not conditionally related under HypoxiaInO2,0
CO2 and HypDistrib are not conditionally related under ChestXray,0
CO2 and HypDistrib are not conditionally related under Grunting,0
CO2 and HypDistrib are not conditionally related under LVHreport,0
CO2 and HypDistrib are not conditionally related under LowerBodyO2,0
CO2 and HypDistrib are not conditionally related under RUQO2,0
CO2 and HypDistrib are not conditionally related under CO2Report,0
CO2 and HypDistrib are not conditionally related under XrayReport,0
CO2 and HypDistrib are conditionally related under Disease,1
CO2 and HypDistrib are not conditionally related under GruntingReport,0
CO2 and HypDistrib are not conditionally related under Age,0
CO2 and HypDistrib are not conditionally related under LVH,0
CO2 and HypDistrib are not conditionally related under DuctFlow,0
CO2 and HypDistrib are not conditionally related under CardiacMixing,0
CO2 and HypDistrib are not conditionally related under LungParench,0
CO2 and HypDistrib are not conditionally related under LungFlow,0
CO2 and HypDistrib are not conditionally related under Sick,0
CO2 and HypoxiaInO2 are conditionally related under BirthAsphyxia,1
CO2 and HypoxiaInO2 are not conditionally related under HypDistrib,0
CO2 and HypoxiaInO2 are not conditionally related under ChestXray,0
CO2 and HypoxiaInO2 are not conditionally related under Grunting,0
CO2 and HypoxiaInO2 are not conditionally related under LVHreport,0
CO2 and HypoxiaInO2 are not conditionally related under LowerBodyO2,0
CO2 and HypoxiaInO2 are not conditionally related under RUQO2,0
CO2 and HypoxiaInO2 are not conditionally related under CO2Report,0
CO2 and HypoxiaInO2 are not conditionally related under XrayReport,0
CO2 and HypoxiaInO2 are conditionally related under Disease,1
CO2 and HypoxiaInO2 are not conditionally related under GruntingReport,0
CO2 and HypoxiaInO2 are not conditionally related under Age,0
CO2 and HypoxiaInO2 are not conditionally related under LVH,0
CO2 and HypoxiaInO2 are not conditionally related under DuctFlow,0
CO2 and HypoxiaInO2 are not conditionally related under CardiacMixing,0
CO2 and HypoxiaInO2 are conditionally related under LungParench,1
CO2 and HypoxiaInO2 are not conditionally related under LungFlow,0
CO2 and HypoxiaInO2 are not conditionally related under Sick,0
CO2 and ChestXray are conditionally related under BirthAsphyxia,1
CO2 and ChestXray are not conditionally related under HypDistrib,0
CO2 and ChestXray are not conditionally related under HypoxiaInO2,0
CO2 and ChestXray are not conditionally related under Grunting,0
CO2 and ChestXray are not conditionally related under LVHreport,0
CO2 and ChestXray are not conditionally related under LowerBodyO2,0
CO2 and ChestXray are not conditionally related under RUQO2,0
CO2 and ChestXray are not conditionally related under CO2Report,0
CO2 and ChestXray are not conditionally related under XrayReport,0
CO2 and ChestXray are conditionally related under Disease,1
CO2 and ChestXray are not conditionally related under GruntingReport,0
CO2 and ChestXray are not conditionally related under Age,0
CO2 and ChestXray are not conditionally related under LVH,0
CO2 and ChestXray are not conditionally related under DuctFlow,0
CO2 and ChestXray are not conditionally related under CardiacMixing,0
CO2 and ChestXray are conditionally related under LungParench,1
CO2 and ChestXray are not conditionally related under LungFlow,0
CO2 and ChestXray are not conditionally related under Sick,0
CO2 and Grunting are conditionally related under BirthAsphyxia,1
CO2 and Grunting are not conditionally related under HypDistrib,0
CO2 and Grunting are not conditionally related under HypoxiaInO2,0
CO2 and Grunting are not conditionally related under ChestXray,0
CO2 and Grunting are not conditionally related under LVHreport,0
CO2 and Grunting are not conditionally related under LowerBodyO2,0
CO2 and Grunting are not conditionally related under RUQO2,0
CO2 and Grunting are not conditionally related under CO2Report,0
CO2 and Grunting are not conditionally related under XrayReport,0
CO2 and Grunting are conditionally related under Disease,1
CO2 and Grunting are not conditionally related under GruntingReport,0
CO2 and Grunting are not conditionally related under Age,0
CO2 and Grunting are not conditionally related under LVH,0
CO2 and Grunting are not conditionally related under DuctFlow,0
CO2 and Grunting are not conditionally related under CardiacMixing,0
CO2 and Grunting are conditionally related under LungParench,1
CO2 and Grunting are not conditionally related under LungFlow,0
CO2 and Grunting are not conditionally related under Sick,0
CO2 and LVHreport are conditionally related under BirthAsphyxia,1
CO2 and LVHreport are not conditionally related under HypDistrib,0
CO2 and LVHreport are not conditionally related under HypoxiaInO2,0
CO2 and LVHreport are not conditionally related under ChestXray,0
CO2 and LVHreport are not conditionally related under Grunting,0
CO2 and LVHreport are not conditionally related under LowerBodyO2,0
CO2 and LVHreport are not conditionally related under RUQO2,0
CO2 and LVHreport are not conditionally related under CO2Report,0
CO2 and LVHreport are not conditionally related under XrayReport,0
CO2 and LVHreport are conditionally related under Disease,1
CO2 and LVHreport are not conditionally related under GruntingReport,0
CO2 and LVHreport are not conditionally related under Age,0
CO2 and LVHreport are not conditionally related under LVH,0
CO2 and LVHreport are not conditionally related under DuctFlow,0
CO2 and LVHreport are not conditionally related under CardiacMixing,0
CO2 and LVHreport are not conditionally related under LungParench,0
CO2 and LVHreport are not conditionally related under LungFlow,0
CO2 and LVHreport are not conditionally related under Sick,0
CO2 and LowerBodyO2 are conditionally related under BirthAsphyxia,1
CO2 and LowerBodyO2 are not conditionally related under HypDistrib,0
CO2 and LowerBodyO2 are not conditionally related under HypoxiaInO2,0
CO2 and LowerBodyO2 are not conditionally related under ChestXray,0
CO2 and LowerBodyO2 are not conditionally related under Grunting,0
CO2 and LowerBodyO2 are not conditionally related under LVHreport,0
CO2 and LowerBodyO2 are not conditionally related under RUQO2,0
CO2 and LowerBodyO2 are not conditionally related under CO2Report,0
CO2 and LowerBodyO2 are not conditionally related under XrayReport,0
CO2 and LowerBodyO2 are conditionally related under Disease,1
CO2 and LowerBodyO2 are not conditionally related under GruntingReport,0
CO2 and LowerBodyO2 are not conditionally related under Age,0
CO2 and LowerBodyO2 are not conditionally related under LVH,0
CO2 and LowerBodyO2 are not conditionally related under DuctFlow,0
CO2 and LowerBodyO2 are not conditionally related under CardiacMixing,0
CO2 and LowerBodyO2 are conditionally related under LungParench,1
CO2 and LowerBodyO2 are not conditionally related under LungFlow,0
CO2 and LowerBodyO2 are not conditionally related under Sick,0
CO2 and RUQO2 are conditionally related under BirthAsphyxia,1
CO2 and RUQO2 are not conditionally related under HypDistrib,0
CO2 and RUQO2 are not conditionally related under HypoxiaInO2,0
CO2 and RUQO2 are not conditionally related under ChestXray,0
CO2 and RUQO2 are not conditionally related under Grunting,0
CO2 and RUQO2 are not conditionally related under LVHreport,0
CO2 and RUQO2 are not conditionally related under LowerBodyO2,0
CO2 and RUQO2 are not conditionally related under CO2Report,0
CO2 and RUQO2 are not conditionally related under XrayReport,0
CO2 and RUQO2 are conditionally related under Disease,1
CO2 and RUQO2 are not conditionally related under GruntingReport,0
CO2 and RUQO2 are not conditionally related under Age,0
CO2 and RUQO2 are not conditionally related under LVH,0
CO2 and RUQO2 are not conditionally related under DuctFlow,0
CO2 and RUQO2 are not conditionally related under CardiacMixing,0
CO2 and RUQO2 are conditionally related under LungParench,1
CO2 and RUQO2 are not conditionally related under LungFlow,0
CO2 and RUQO2 are not conditionally related under Sick,0
CO2 and CO2Report are related,1
CO2 and XrayReport are conditionally related under BirthAsphyxia,1
CO2 and XrayReport are not conditionally related under HypDistrib,0
CO2 and XrayReport are not conditionally related under HypoxiaInO2,0
CO2 and XrayReport are not conditionally related under ChestXray,0
CO2 and XrayReport are not conditionally related under Grunting,0
CO2 and XrayReport are not conditionally related under LVHreport,0
CO2 and XrayReport are not conditionally related under LowerBodyO2,0
CO2 and XrayReport are not conditionally related under RUQO2,0
CO2 and XrayReport are not conditionally related under CO2Report,0
CO2 and XrayReport are conditionally related under Disease,1
CO2 and XrayReport are not conditionally related under GruntingReport,0
CO2 and XrayReport are not conditionally related under Age,0
CO2 and XrayReport are not conditionally related under LVH,0
CO2 and XrayReport are not conditionally related under DuctFlow,0
CO2 and XrayReport are not conditionally related under CardiacMixing,0
CO2 and XrayReport are conditionally related under LungParench,1
CO2 and XrayReport are not conditionally related under LungFlow,0
CO2 and XrayReport are not conditionally related under Sick,0
CO2 and Disease are related,1
CO2 and GruntingReport are conditionally related under BirthAsphyxia,1
CO2 and GruntingReport are not conditionally related under HypDistrib,0
CO2 and GruntingReport are not conditionally related under HypoxiaInO2,0
CO2 and GruntingReport are not conditionally related under ChestXray,0
CO2 and GruntingReport are not conditionally related under Grunting,0
CO2 and GruntingReport are not conditionally related under LVHreport,0
CO2 and GruntingReport are not conditionally related under LowerBodyO2,0
CO2 and GruntingReport are not conditionally related under RUQO2,0
CO2 and GruntingReport are not conditionally related under CO2Report,0
CO2 and GruntingReport are not conditionally related under XrayReport,0
CO2 and GruntingReport are conditionally related under Disease,1
CO2 and GruntingReport are not conditionally related under Age,0
CO2 and GruntingReport are not conditionally related under LVH,0
CO2 and GruntingReport are not conditionally related under DuctFlow,0
CO2 and GruntingReport are not conditionally related under CardiacMixing,0
CO2 and GruntingReport are conditionally related under LungParench,1
CO2 and GruntingReport are not conditionally related under LungFlow,0
CO2 and GruntingReport are not conditionally related under Sick,0
CO2 and Age are conditionally related under BirthAsphyxia,1
CO2 and Age are not conditionally related under HypDistrib,0
CO2 and Age are not conditionally related under HypoxiaInO2,0
CO2 and Age are not conditionally related under ChestXray,0
CO2 and Age are not conditionally related under Grunting,0
CO2 and Age are not conditionally related under LVHreport,0
CO2 and Age are not conditionally related under LowerBodyO2,0
CO2 and Age are not conditionally related under RUQO2,0
CO2 and Age are not conditionally related under CO2Report,0
CO2 and Age are not conditionally related under XrayReport,0
CO2 and Age are conditionally related under Disease,1
CO2 and Age are not conditionally related under GruntingReport,0
CO2 and Age are not conditionally related under LVH,0
CO2 and Age are not conditionally related under DuctFlow,0
CO2 and Age are not conditionally related under CardiacMixing,0
CO2 and Age are not conditionally related under LungParench,0
CO2 and Age are not conditionally related under LungFlow,0
CO2 and Age are not conditionally related under Sick,0
CO2 and LVH are conditionally related under BirthAsphyxia,1
CO2 and LVH are not conditionally related under HypDistrib,0
CO2 and LVH are not conditionally related under HypoxiaInO2,0
CO2 and LVH are not conditionally related under ChestXray,0
CO2 and LVH are not conditionally related under Grunting,0
CO2 and LVH are not conditionally related under LVHreport,0
CO2 and LVH are not conditionally related under LowerBodyO2,0
CO2 and LVH are not conditionally related under RUQO2,0
CO2 and LVH are not conditionally related under CO2Report,0
CO2 and LVH are not conditionally related under XrayReport,0
CO2 and LVH are conditionally related under Disease,1
CO2 and LVH are not conditionally related under GruntingReport,0
CO2 and LVH are not conditionally related under Age,0
CO2 and LVH are not conditionally related under DuctFlow,0
CO2 and LVH are not conditionally related under CardiacMixing,0
CO2 and LVH are not conditionally related under LungParench,0
CO2 and LVH are not conditionally related under LungFlow,0
CO2 and LVH are not conditionally related under Sick,0
CO2 and DuctFlow are conditionally related under BirthAsphyxia,1
CO2 and DuctFlow are not conditionally related under HypDistrib,0
CO2 and DuctFlow are not conditionally related under HypoxiaInO2,0
CO2 and DuctFlow are not conditionally related under ChestXray,0
CO2 and DuctFlow are not conditionally related under Grunting,0
CO2 and DuctFlow are not conditionally related under LVHreport,0
CO2 and DuctFlow are not conditionally related under LowerBodyO2,0
CO2 and DuctFlow are not conditionally related under RUQO2,0
CO2 and DuctFlow are not conditionally related under CO2Report,0
CO2 and DuctFlow are not conditionally related under XrayReport,0
CO2 and DuctFlow are conditionally related under Disease,1
CO2 and DuctFlow are not conditionally related under GruntingReport,0
CO2 and DuctFlow are not conditionally related under Age,0
CO2 and DuctFlow are not conditionally related under LVH,0
CO2 and DuctFlow are not conditionally related under CardiacMixing,0
CO2 and DuctFlow are not conditionally related under LungParench,0
CO2 and DuctFlow are not conditionally related under LungFlow,0
CO2 and DuctFlow are not conditionally related under Sick,0
CO2 and CardiacMixing are conditionally related under BirthAsphyxia,1
CO2 and CardiacMixing are not conditionally related under HypDistrib,0
CO2 and CardiacMixing are not conditionally related under HypoxiaInO2,0
CO2 and CardiacMixing are not conditionally related under ChestXray,0
CO2 and CardiacMixing are not conditionally related under Grunting,0
CO2 and CardiacMixing are not conditionally related under LVHreport,0
CO2 and CardiacMixing are not conditionally related under LowerBodyO2,0
CO2 and CardiacMixing are not conditionally related under RUQO2,0
CO2 and CardiacMixing are not conditionally related under CO2Report,0
CO2 and CardiacMixing are not conditionally related under XrayReport,0
CO2 and CardiacMixing are conditionally related under Disease,1
CO2 and CardiacMixing are not conditionally related under GruntingReport,0
CO2 and CardiacMixing are not conditionally related under Age,0
CO2 and CardiacMixing are not conditionally related under LVH,0
CO2 and CardiacMixing are not conditionally related under DuctFlow,0
CO2 and CardiacMixing are not conditionally related under LungParench,0
CO2 and CardiacMixing are not conditionally related under LungFlow,0
CO2 and CardiacMixing are not conditionally related under Sick,0
CO2 and LungParench are related,1
CO2 and LungFlow are conditionally related under BirthAsphyxia,1
CO2 and LungFlow are not conditionally related under HypDistrib,0
CO2 and LungFlow are not conditionally related under HypoxiaInO2,0
CO2 and LungFlow are not conditionally related under ChestXray,0
CO2 and LungFlow are not conditionally related under Grunting,0
CO2 and LungFlow are not conditionally related under LVHreport,0
CO2 and LungFlow are not conditionally related under LowerBodyO2,0
CO2 and LungFlow are not conditionally related under RUQO2,0
CO2 and LungFlow are not conditionally related under CO2Report,0
CO2 and LungFlow are not conditionally related under XrayReport,0
CO2 and LungFlow are conditionally related under Disease,1
CO2 and LungFlow are not conditionally related under GruntingReport,0
CO2 and LungFlow are not conditionally related under Age,0
CO2 and LungFlow are not conditionally related under LVH,0
CO2 and LungFlow are not conditionally related under DuctFlow,0
CO2 and LungFlow are not conditionally related under CardiacMixing,0
CO2 and LungFlow are not conditionally related under LungParench,0
CO2 and LungFlow are not conditionally related under Sick,0
CO2 and Sick are conditionally related under BirthAsphyxia,1
CO2 and Sick are not conditionally related under HypDistrib,0
CO2 and Sick are not conditionally related under HypoxiaInO2,0
CO2 and Sick are not conditionally related under ChestXray,0
CO2 and Sick are not conditionally related under Grunting,0
CO2 and Sick are not conditionally related under LVHreport,0
CO2 and Sick are not conditionally related under LowerBodyO2,0
CO2 and Sick are not conditionally related under RUQO2,0
CO2 and Sick are not conditionally related under CO2Report,0
CO2 and Sick are not conditionally related under XrayReport,0
CO2 and Sick are conditionally related under Disease,1
CO2 and Sick are not conditionally related under GruntingReport,0
CO2 and Sick are not conditionally related under Age,0
CO2 and Sick are not conditionally related under LVH,0
CO2 and Sick are not conditionally related under DuctFlow,0
CO2 and Sick are not conditionally related under CardiacMixing,0
CO2 and Sick are not conditionally related under LungParench,0
CO2 and Sick are not conditionally related under LungFlow,0
ChestXray and BirthAsphyxia are related,1
ChestXray and HypDistrib are conditionally related under BirthAsphyxia,1
ChestXray and HypDistrib are not conditionally related under HypoxiaInO2,0
ChestXray and HypDistrib are not conditionally related under CO2,0
ChestXray and HypDistrib are not conditionally related under Grunting,0
ChestXray and HypDistrib are not conditionally related under LVHreport,0
ChestXray and HypDistrib are not conditionally related under LowerBodyO2,0
ChestXray and HypDistrib are not conditionally related under RUQO2,0
ChestXray and HypDistrib are not conditionally related under CO2Report,0
ChestXray and HypDistrib are not conditionally related under XrayReport,0
ChestXray and HypDistrib are conditionally related under Disease,1
ChestXray and HypDistrib are not conditionally related under GruntingReport,0
ChestXray and HypDistrib are not conditionally related under Age,0
ChestXray and HypDistrib are not conditionally related under LVH,0
ChestXray and HypDistrib are not conditionally related under DuctFlow,0
ChestXray and HypDistrib are not conditionally related under CardiacMixing,0
ChestXray and HypDistrib are not conditionally related under LungParench,0
ChestXray and HypDistrib are not conditionally related under LungFlow,0
ChestXray and HypDistrib are not conditionally related under Sick,0
ChestXray and HypoxiaInO2 are conditionally related under BirthAsphyxia,1
ChestXray and HypoxiaInO2 are not conditionally related under HypDistrib,0
ChestXray and HypoxiaInO2 are not conditionally related under CO2,0
ChestXray and HypoxiaInO2 are not conditionally related under Grunting,0
ChestXray and HypoxiaInO2 are not conditionally related under LVHreport,0
ChestXray and HypoxiaInO2 are not conditionally related under LowerBodyO2,0
ChestXray and HypoxiaInO2 are not conditionally related under RUQO2,0
ChestXray and HypoxiaInO2 are not conditionally related under CO2Report,0
ChestXray and HypoxiaInO2 are not conditionally related under XrayReport,0
ChestXray and HypoxiaInO2 are conditionally related under Disease,1
ChestXray and HypoxiaInO2 are not conditionally related under GruntingReport,0
ChestXray and HypoxiaInO2 are not conditionally related under Age,0
ChestXray and HypoxiaInO2 are not conditionally related under LVH,0
ChestXray and HypoxiaInO2 are not conditionally related under DuctFlow,0
ChestXray and HypoxiaInO2 are not conditionally related under CardiacMixing,0
ChestXray and HypoxiaInO2 are conditionally related under LungParench,1
ChestXray and HypoxiaInO2 are not conditionally related under LungFlow,0
ChestXray and HypoxiaInO2 are not conditionally related under Sick,0
ChestXray and CO2 are conditionally related under BirthAsphyxia,1
ChestXray and CO2 are not conditionally related under HypDistrib,0
ChestXray and CO2 are not conditionally related under HypoxiaInO2,0
ChestXray and CO2 are not conditionally related under Grunting,0
ChestXray and CO2 are not conditionally related under LVHreport,0
ChestXray and CO2 are not conditionally related under LowerBodyO2,0
ChestXray and CO2 are not conditionally related under RUQO2,0
ChestXray and CO2 are not conditionally related under CO2Report,0
ChestXray and CO2 are not conditionally related under XrayReport,0
ChestXray and CO2 are conditionally related under Disease,1
ChestXray and CO2 are not conditionally related under GruntingReport,0
ChestXray and CO2 are not conditionally related under Age,0
ChestXray and CO2 are not conditionally related under LVH,0
ChestXray and CO2 are not conditionally related under DuctFlow,0
ChestXray and CO2 are not conditionally related under CardiacMixing,0
ChestXray and CO2 are conditionally related under LungParench,1
ChestXray and CO2 are not conditionally related under LungFlow,0
ChestXray and CO2 are not conditionally related under Sick,0
ChestXray and Grunting are conditionally related under BirthAsphyxia,1
ChestXray and Grunting are not conditionally related under HypDistrib,0
ChestXray and Grunting are not conditionally related under HypoxiaInO2,0
ChestXray and Grunting are not conditionally related under CO2,0
ChestXray and Grunting are not conditionally related under LVHreport,0
ChestXray and Grunting are not conditionally related under LowerBodyO2,0
ChestXray and Grunting are not conditionally related under RUQO2,0
ChestXray and Grunting are not conditionally related under CO2Report,0
ChestXray and Grunting are not conditionally related under XrayReport,0
ChestXray and Grunting are conditionally related under Disease,1
ChestXray and Grunting are not conditionally related under GruntingReport,0
ChestXray and Grunting are not conditionally related under Age,0
ChestXray and Grunting are not conditionally related under LVH,0
ChestXray and Grunting are not conditionally related under DuctFlow,0
ChestXray and Grunting are not conditionally related under CardiacMixing,0
ChestXray and Grunting are conditionally related under LungParench,1
ChestXray and Grunting are not conditionally related under LungFlow,0
ChestXray and Grunting are not conditionally related under Sick,0
ChestXray and LVHreport are conditionally related under BirthAsphyxia,1
ChestXray and LVHreport are not conditionally related under HypDistrib,0
ChestXray and LVHreport are not conditionally related under HypoxiaInO2,0
ChestXray and LVHreport are not conditionally related under CO2,0
ChestXray and LVHreport are not conditionally related under Grunting,0
ChestXray and LVHreport are not conditionally related under LowerBodyO2,0
ChestXray and LVHreport are not conditionally related under RUQO2,0
ChestXray and LVHreport are not conditionally related under CO2Report,0
ChestXray and LVHreport are not conditionally related under XrayReport,0
ChestXray and LVHreport are conditionally related under Disease,1
ChestXray and LVHreport are not conditionally related under GruntingReport,0
ChestXray and LVHreport are not conditionally related under Age,0
ChestXray and LVHreport are not conditionally related under LVH,0
ChestXray and LVHreport are not conditionally related under DuctFlow,0
ChestXray and LVHreport are not conditionally related under CardiacMixing,0
ChestXray and LVHreport are not conditionally related under LungParench,0
ChestXray and LVHreport are not conditionally related under LungFlow,0
ChestXray and LVHreport are not conditionally related under Sick,0
ChestXray and LowerBodyO2 are conditionally related under BirthAsphyxia,1
ChestXray and LowerBodyO2 are not conditionally related under HypDistrib,0
ChestXray and LowerBodyO2 are not conditionally related under HypoxiaInO2,0
ChestXray and LowerBodyO2 are not conditionally related under CO2,0
ChestXray and LowerBodyO2 are not conditionally related under Grunting,0
ChestXray and LowerBodyO2 are not conditionally related under LVHreport,0
ChestXray and LowerBodyO2 are not conditionally related under RUQO2,0
ChestXray and LowerBodyO2 are not conditionally related under CO2Report,0
ChestXray and LowerBodyO2 are not conditionally related under XrayReport,0
ChestXray and LowerBodyO2 are conditionally related under Disease,1
ChestXray and LowerBodyO2 are not conditionally related under GruntingReport,0
ChestXray and LowerBodyO2 are not conditionally related under Age,0
ChestXray and LowerBodyO2 are not conditionally related under LVH,0
ChestXray and LowerBodyO2 are not conditionally related under DuctFlow,0
ChestXray and LowerBodyO2 are not conditionally related under CardiacMixing,0
ChestXray and LowerBodyO2 are conditionally related under LungParench,1
ChestXray and LowerBodyO2 are not conditionally related under LungFlow,0
ChestXray and LowerBodyO2 are not conditionally related under Sick,0
ChestXray and RUQO2 are conditionally related under BirthAsphyxia,1
ChestXray and RUQO2 are not conditionally related under HypDistrib,0
ChestXray and RUQO2 are not conditionally related under HypoxiaInO2,0
ChestXray and RUQO2 are not conditionally related under CO2,0
ChestXray and RUQO2 are not conditionally related under Grunting,0
ChestXray and RUQO2 are not conditionally related under LVHreport,0
ChestXray and RUQO2 are not conditionally related under LowerBodyO2,0
ChestXray and RUQO2 are not conditionally related under CO2Report,0
ChestXray and RUQO2 are not conditionally related under XrayReport,0
ChestXray and RUQO2 are conditionally related under Disease,1
ChestXray and RUQO2 are not conditionally related under GruntingReport,0
ChestXray and RUQO2 are not conditionally related under Age,0
ChestXray and RUQO2 are not conditionally related under LVH,0
ChestXray and RUQO2 are not conditionally related under DuctFlow,0
ChestXray and RUQO2 are not conditionally related under CardiacMixing,0
ChestXray and RUQO2 are conditionally related under LungParench,1
ChestXray and RUQO2 are not conditionally related under LungFlow,0
ChestXray and RUQO2 are not conditionally related under Sick,0
ChestXray and CO2Report are conditionally related under BirthAsphyxia,1
ChestXray and CO2Report are not conditionally related under HypDistrib,0
ChestXray and CO2Report are not conditionally related under HypoxiaInO2,0
ChestXray and CO2Report are not conditionally related under CO2,0
ChestXray and CO2Report are not conditionally related under Grunting,0
ChestXray and CO2Report are not conditionally related under LVHreport,0
ChestXray and CO2Report are not conditionally related under LowerBodyO2,0
ChestXray and CO2Report are not conditionally related under RUQO2,0
ChestXray and CO2Report are not conditionally related under XrayReport,0
ChestXray and CO2Report are conditionally related under Disease,1
ChestXray and CO2Report are not conditionally related under GruntingReport,0
ChestXray and CO2Report are not conditionally related under Age,0
ChestXray and CO2Report are not conditionally related under LVH,0
ChestXray and CO2Report are not conditionally related under DuctFlow,0
ChestXray and CO2Report are not conditionally related under CardiacMixing,0
ChestXray and CO2Report are conditionally related under LungParench,1
ChestXray and CO2Report are not conditionally related under LungFlow,0
ChestXray and CO2Report are not conditionally related under Sick,0
ChestXray and XrayReport are related,1
ChestXray and Disease are related,1
ChestXray and GruntingReport are conditionally related under BirthAsphyxia,1
ChestXray and GruntingReport are not conditionally related under HypDistrib,0
ChestXray and GruntingReport are not conditionally related under HypoxiaInO2,0
ChestXray and GruntingReport are not conditionally related under CO2,0
ChestXray and GruntingReport are not conditionally related under Grunting,0
ChestXray and GruntingReport are not conditionally related under LVHreport,0
ChestXray and GruntingReport are not conditionally related under LowerBodyO2,0
ChestXray and GruntingReport are not conditionally related under RUQO2,0
ChestXray and GruntingReport are not conditionally related under CO2Report,0
ChestXray and GruntingReport are not conditionally related under XrayReport,0
ChestXray and GruntingReport are conditionally related under Disease,1
ChestXray and GruntingReport are not conditionally related under Age,0
ChestXray and GruntingReport are not conditionally related under LVH,0
ChestXray and GruntingReport are not conditionally related under DuctFlow,0
ChestXray and GruntingReport are not conditionally related under CardiacMixing,0
ChestXray and GruntingReport are conditionally related under LungParench,1
ChestXray and GruntingReport are not conditionally related under LungFlow,0
ChestXray and GruntingReport are not conditionally related under Sick,0
ChestXray and Age are conditionally related under BirthAsphyxia,1
ChestXray and Age are not conditionally related under HypDistrib,0
ChestXray and Age are not conditionally related under HypoxiaInO2,0
ChestXray and Age are not conditionally related under CO2,0
ChestXray and Age are not conditionally related under Grunting,0
ChestXray and Age are not conditionally related under LVHreport,0
ChestXray and Age are not conditionally related under LowerBodyO2,0
ChestXray and Age are not conditionally related under RUQO2,0
ChestXray and Age are not conditionally related under CO2Report,0
ChestXray and Age are not conditionally related under XrayReport,0
ChestXray and Age are conditionally related under Disease,1
ChestXray and Age are not conditionally related under GruntingReport,0
ChestXray and Age are not conditionally related under LVH,0
ChestXray and Age are not conditionally related under DuctFlow,0
ChestXray and Age are not conditionally related under CardiacMixing,0
ChestXray and Age are not conditionally related under LungParench,0
ChestXray and Age are not conditionally related under LungFlow,0
ChestXray and Age are not conditionally related under Sick,0
ChestXray and LVH are conditionally related under BirthAsphyxia,1
ChestXray and LVH are not conditionally related under HypDistrib,0
ChestXray and LVH are not conditionally related under HypoxiaInO2,0
ChestXray and LVH are not conditionally related under CO2,0
ChestXray and LVH are not conditionally related under Grunting,0
ChestXray and LVH are not conditionally related under LVHreport,0
ChestXray and LVH are not conditionally related under LowerBodyO2,0
ChestXray and LVH are not conditionally related under RUQO2,0
ChestXray and LVH are not conditionally related under CO2Report,0
ChestXray and LVH are not conditionally related under XrayReport,0
ChestXray and LVH are conditionally related under Disease,1
ChestXray and LVH are not conditionally related under GruntingReport,0
ChestXray and LVH are not conditionally related under Age,0
ChestXray and LVH are not conditionally related under DuctFlow,0
ChestXray and LVH are not conditionally related under CardiacMixing,0
ChestXray and LVH are not conditionally related under LungParench,0
ChestXray and LVH are not conditionally related under LungFlow,0
ChestXray and LVH are not conditionally related under Sick,0
ChestXray and DuctFlow are conditionally related under BirthAsphyxia,1
ChestXray and DuctFlow are not conditionally related under HypDistrib,0
ChestXray and DuctFlow are not conditionally related under HypoxiaInO2,0
ChestXray and DuctFlow are not conditionally related under CO2,0
ChestXray and DuctFlow are not conditionally related under Grunting,0
ChestXray and DuctFlow are not conditionally related under LVHreport,0
ChestXray and DuctFlow are not conditionally related under LowerBodyO2,0
ChestXray and DuctFlow are not conditionally related under RUQO2,0
ChestXray and DuctFlow are not conditionally related under CO2Report,0
ChestXray and DuctFlow are not conditionally related under XrayReport,0
ChestXray and DuctFlow are conditionally related under Disease,1
ChestXray and DuctFlow are not conditionally related under GruntingReport,0
ChestXray and DuctFlow are not conditionally related under Age,0
ChestXray and DuctFlow are not conditionally related under LVH,0
ChestXray and DuctFlow are not conditionally related under CardiacMixing,0
ChestXray and DuctFlow are not conditionally related under LungParench,0
ChestXray and DuctFlow are not conditionally related under LungFlow,0
ChestXray and DuctFlow are not conditionally related under Sick,0
ChestXray and CardiacMixing are conditionally related under BirthAsphyxia,1
ChestXray and CardiacMixing are not conditionally related under HypDistrib,0
ChestXray and CardiacMixing are not conditionally related under HypoxiaInO2,0
ChestXray and CardiacMixing are not conditionally related under CO2,0
ChestXray and CardiacMixing are not conditionally related under Grunting,0
ChestXray and CardiacMixing are not conditionally related under LVHreport,0
ChestXray and CardiacMixing are not conditionally related under LowerBodyO2,0
ChestXray and CardiacMixing are not conditionally related under RUQO2,0
ChestXray and CardiacMixing are not conditionally related under CO2Report,0
ChestXray and CardiacMixing are not conditionally related under XrayReport,0
ChestXray and CardiacMixing are conditionally related under Disease,1
ChestXray and CardiacMixing are not conditionally related under GruntingReport,0
ChestXray and CardiacMixing are not conditionally related under Age,0
ChestXray and CardiacMixing are not conditionally related under LVH,0
ChestXray and CardiacMixing are not conditionally related under DuctFlow,0
ChestXray and CardiacMixing are not conditionally related under LungParench,0
ChestXray and CardiacMixing are not conditionally related under LungFlow,0
ChestXray and CardiacMixing are not conditionally related under Sick,0
ChestXray and LungParench are related,1
ChestXray and LungFlow are related,1
ChestXray and Sick are conditionally related under BirthAsphyxia,1
ChestXray and Sick are not conditionally related under HypDistrib,0
ChestXray and Sick are not conditionally related under HypoxiaInO2,0
ChestXray and Sick are not conditionally related under CO2,0
ChestXray and Sick are not conditionally related under Grunting,0
ChestXray and Sick are not conditionally related under LVHreport,0
ChestXray and Sick are not conditionally related under LowerBodyO2,0
ChestXray and Sick are not conditionally related under RUQO2,0
ChestXray and Sick are not conditionally related under CO2Report,0
ChestXray and Sick are not conditionally related under XrayReport,0
ChestXray and Sick are conditionally related under Disease,1
ChestXray and Sick are not conditionally related under GruntingReport,0
ChestXray and Sick are not conditionally related under Age,0
ChestXray and Sick are not conditionally related under LVH,0
ChestXray and Sick are not conditionally related under DuctFlow,0
ChestXray and Sick are not conditionally related under CardiacMixing,0
ChestXray and Sick are not conditionally related under LungParench,0
ChestXray and Sick are not conditionally related under LungFlow,0
Grunting and BirthAsphyxia are related,1
Grunting and HypDistrib are conditionally related under BirthAsphyxia,1
Grunting and HypDistrib are not conditionally related under HypoxiaInO2,0
Grunting and HypDistrib are not conditionally related under CO2,0
Grunting and HypDistrib are not conditionally related under ChestXray,0
Grunting and HypDistrib are not conditionally related under LVHreport,0
Grunting and HypDistrib are not conditionally related under LowerBodyO2,0
Grunting and HypDistrib are not conditionally related under RUQO2,0
Grunting and HypDistrib are not conditionally related under CO2Report,0
Grunting and HypDistrib are not conditionally related under XrayReport,0
Grunting and HypDistrib are conditionally related under Disease,1
Grunting and HypDistrib are not conditionally related under GruntingReport,0
Grunting and HypDistrib are not conditionally related under Age,0
Grunting and HypDistrib are not conditionally related under LVH,0
Grunting and HypDistrib are not conditionally related under DuctFlow,0
Grunting and HypDistrib are not conditionally related under CardiacMixing,0
Grunting and HypDistrib are not conditionally related under LungParench,0
Grunting and HypDistrib are not conditionally related under LungFlow,0
Grunting and HypDistrib are not conditionally related under Sick,0
Grunting and HypoxiaInO2 are conditionally related under BirthAsphyxia,1
Grunting and HypoxiaInO2 are not conditionally related under HypDistrib,0
Grunting and HypoxiaInO2 are not conditionally related under CO2,0
Grunting and HypoxiaInO2 are not conditionally related under ChestXray,0
Grunting and HypoxiaInO2 are not conditionally related under LVHreport,0
Grunting and HypoxiaInO2 are not conditionally related under LowerBodyO2,0
Grunting and HypoxiaInO2 are not conditionally related under RUQO2,0
Grunting and HypoxiaInO2 are not conditionally related under CO2Report,0
Grunting and HypoxiaInO2 are not conditionally related under XrayReport,0
Grunting and HypoxiaInO2 are conditionally related under Disease,1
Grunting and HypoxiaInO2 are not conditionally related under GruntingReport,0
Grunting and HypoxiaInO2 are not conditionally related under Age,0
Grunting and HypoxiaInO2 are not conditionally related under LVH,0
Grunting and HypoxiaInO2 are not conditionally related under DuctFlow,0
Grunting and HypoxiaInO2 are not conditionally related under CardiacMixing,0
Grunting and HypoxiaInO2 are conditionally related under LungParench,1
Grunting and HypoxiaInO2 are not conditionally related under LungFlow,0
Grunting and HypoxiaInO2 are not conditionally related under Sick,0
Grunting and CO2 are conditionally related under BirthAsphyxia,1
Grunting and CO2 are not conditionally related under HypDistrib,0
Grunting and CO2 are not conditionally related under HypoxiaInO2,0
Grunting and CO2 are not conditionally related under ChestXray,0
Grunting and CO2 are not conditionally related under LVHreport,0
Grunting and CO2 are not conditionally related under LowerBodyO2,0
Grunting and CO2 are not conditionally related under RUQO2,0
Grunting and CO2 are not conditionally related under CO2Report,0
Grunting and CO2 are not conditionally related under XrayReport,0
Grunting and CO2 are conditionally related under Disease,1
Grunting and CO2 are not conditionally related under GruntingReport,0
Grunting and CO2 are not conditionally related under Age,0
Grunting and CO2 are not conditionally related under LVH,0
Grunting and CO2 are not conditionally related under DuctFlow,0
Grunting and CO2 are not conditionally related under CardiacMixing,0
Grunting and CO2 are conditionally related under LungParench,1
Grunting and CO2 are not conditionally related under LungFlow,0
Grunting and CO2 are not conditionally related under Sick,0
Grunting and ChestXray are conditionally related under BirthAsphyxia,1
Grunting and ChestXray are not conditionally related under HypDistrib,0
Grunting and ChestXray are not conditionally related under HypoxiaInO2,0
Grunting and ChestXray are not conditionally related under CO2,0
Grunting and ChestXray are not conditionally related under LVHreport,0
Grunting and ChestXray are not conditionally related under LowerBodyO2,0
Grunting and ChestXray are not conditionally related under RUQO2,0
Grunting and ChestXray are not conditionally related under CO2Report,0
Grunting and ChestXray are not conditionally related under XrayReport,0
Grunting and ChestXray are conditionally related under Disease,1
Grunting and ChestXray are not conditionally related under GruntingReport,0
Grunting and ChestXray are not conditionally related under Age,0
Grunting and ChestXray are not conditionally related under LVH,0
Grunting and ChestXray are not conditionally related under DuctFlow,0
Grunting and ChestXray are not conditionally related under CardiacMixing,0
Grunting and ChestXray are conditionally related under LungParench,1
Grunting and ChestXray are not conditionally related under LungFlow,0
Grunting and ChestXray are not conditionally related under Sick,0
Grunting and LVHreport are conditionally related under BirthAsphyxia,1
Grunting and LVHreport are not conditionally related under HypDistrib,0
Grunting and LVHreport are not conditionally related under HypoxiaInO2,0
Grunting and LVHreport are not conditionally related under CO2,0
Grunting and LVHreport are not conditionally related under ChestXray,0
Grunting and LVHreport are not conditionally related under LowerBodyO2,0
Grunting and LVHreport are not conditionally related under RUQO2,0
Grunting and LVHreport are not conditionally related under CO2Report,0
Grunting and LVHreport are not conditionally related under XrayReport,0
Grunting and LVHreport are conditionally related under Disease,1
Grunting and LVHreport are not conditionally related under GruntingReport,0
Grunting and LVHreport are not conditionally related under Age,0
Grunting and LVHreport are not conditionally related under LVH,0
Grunting and LVHreport are not conditionally related under DuctFlow,0
Grunting and LVHreport are not conditionally related under CardiacMixing,0
Grunting and LVHreport are not conditionally related under LungParench,0
Grunting and LVHreport are not conditionally related under LungFlow,0
Grunting and LVHreport are not conditionally related under Sick,0
Grunting and LowerBodyO2 are conditionally related under BirthAsphyxia,1
Grunting and LowerBodyO2 are not conditionally related under HypDistrib,0
Grunting and LowerBodyO2 are not conditionally related under HypoxiaInO2,0
Grunting and LowerBodyO2 are not conditionally related under CO2,0
Grunting and LowerBodyO2 are not conditionally related under ChestXray,0
Grunting and LowerBodyO2 are not conditionally related under LVHreport,0
Grunting and LowerBodyO2 are not conditionally related under RUQO2,0
Grunting and LowerBodyO2 are not conditionally related under CO2Report,0
Grunting and LowerBodyO2 are not conditionally related under XrayReport,0
Grunting and LowerBodyO2 are conditionally related under Disease,1
Grunting and LowerBodyO2 are not conditionally related under GruntingReport,0
Grunting and LowerBodyO2 are not conditionally related under Age,0
Grunting and LowerBodyO2 are not conditionally related under LVH,0
Grunting and LowerBodyO2 are not conditionally related under DuctFlow,0
Grunting and LowerBodyO2 are not conditionally related under CardiacMixing,0
Grunting and LowerBodyO2 are conditionally related under LungParench,1
Grunting and LowerBodyO2 are not conditionally related under LungFlow,0
Grunting and LowerBodyO2 are not conditionally related under Sick,0
Grunting and RUQO2 are conditionally related under BirthAsphyxia,1
Grunting and RUQO2 are not conditionally related under HypDistrib,0
Grunting and RUQO2 are not conditionally related under HypoxiaInO2,0
Grunting and RUQO2 are not conditionally related under CO2,0
Grunting and RUQO2 are not conditionally related under ChestXray,0
Grunting and RUQO2 are not conditionally related under LVHreport,0
Grunting and RUQO2 are not conditionally related under LowerBodyO2,0
Grunting and RUQO2 are not conditionally related under CO2Report,0
Grunting and RUQO2 are not conditionally related under XrayReport,0
Grunting and RUQO2 are conditionally related under Disease,1
Grunting and RUQO2 are not conditionally related under GruntingReport,0
Grunting and RUQO2 are not conditionally related under Age,0
Grunting and RUQO2 are not conditionally related under LVH,0
Grunting and RUQO2 are not conditionally related under DuctFlow,0
Grunting and RUQO2 are not conditionally related under CardiacMixing,0
Grunting and RUQO2 are conditionally related under LungParench,1
Grunting and RUQO2 are not conditionally related under LungFlow,0
Grunting and RUQO2 are not conditionally related under Sick,0
Grunting and CO2Report are conditionally related under BirthAsphyxia,1
Grunting and CO2Report are not conditionally related under HypDistrib,0
Grunting and CO2Report are not conditionally related under HypoxiaInO2,0
Grunting and CO2Report are not conditionally related under CO2,0
Grunting and CO2Report are not conditionally related under ChestXray,0
Grunting and CO2Report are not conditionally related under LVHreport,0
Grunting and CO2Report are not conditionally related under LowerBodyO2,0
Grunting and CO2Report are not conditionally related under RUQO2,0
Grunting and CO2Report are not conditionally related under XrayReport,0
Grunting and CO2Report are conditionally related under Disease,1
Grunting and CO2Report are not conditionally related under GruntingReport,0
Grunting and CO2Report are not conditionally related under Age,0
Grunting and CO2Report are not conditionally related under LVH,0
Grunting and CO2Report are not conditionally related under DuctFlow,0
Grunting and CO2Report are not conditionally related under CardiacMixing,0
Grunting and CO2Report are conditionally related under LungParench,1
Grunting and CO2Report are not conditionally related under LungFlow,0
Grunting and CO2Report are not conditionally related under Sick,0
Grunting and XrayReport are conditionally related under BirthAsphyxia,1
Grunting and XrayReport are not conditionally related under HypDistrib,0
Grunting and XrayReport are not conditionally related under HypoxiaInO2,0
Grunting and XrayReport are not conditionally related under CO2,0
Grunting and XrayReport are not conditionally related under ChestXray,0
Grunting and XrayReport are not conditionally related under LVHreport,0
Grunting and XrayReport are not conditionally related under LowerBodyO2,0
Grunting and XrayReport are not conditionally related under RUQO2,0
Grunting and XrayReport are not conditionally related under CO2Report,0
Grunting and XrayReport are conditionally related under Disease,1
Grunting and XrayReport are not conditionally related under GruntingReport,0
Grunting and XrayReport are not conditionally related under Age,0
Grunting and XrayReport are not conditionally related under LVH,0
Grunting and XrayReport are not conditionally related under DuctFlow,0
Grunting and XrayReport are not conditionally related under CardiacMixing,0
Grunting and XrayReport are conditionally related under LungParench,1
Grunting and XrayReport are not conditionally related under LungFlow,0
Grunting and XrayReport are not conditionally related under Sick,0
Grunting and Disease are related,1
Grunting and GruntingReport are related,1
Grunting and Age are conditionally related under BirthAsphyxia,1
Grunting and Age are not conditionally related under HypDistrib,0
Grunting and Age are not conditionally related under HypoxiaInO2,0
Grunting and Age are not conditionally related under CO2,0
Grunting and Age are not conditionally related under ChestXray,0
Grunting and Age are not conditionally related under LVHreport,0
Grunting and Age are not conditionally related under LowerBodyO2,0
Grunting and Age are not conditionally related under RUQO2,0
Grunting and Age are not conditionally related under CO2Report,0
Grunting and Age are not conditionally related under XrayReport,0
Grunting and Age are conditionally related under Disease,1
Grunting and Age are not conditionally related under GruntingReport,0
Grunting and Age are not conditionally related under LVH,0
Grunting and Age are not conditionally related under DuctFlow,0
Grunting and Age are not conditionally related under CardiacMixing,0
Grunting and Age are not conditionally related under LungParench,0
Grunting and Age are not conditionally related under LungFlow,0
Grunting and Age are conditionally related under Sick,1
Grunting and LVH are conditionally related under BirthAsphyxia,1
Grunting and LVH are not conditionally related under HypDistrib,0
Grunting and LVH are not conditionally related under HypoxiaInO2,0
Grunting and LVH are not conditionally related under CO2,0
Grunting and LVH are not conditionally related under ChestXray,0
Grunting and LVH are not conditionally related under LVHreport,0
Grunting and LVH are not conditionally related under LowerBodyO2,0
Grunting and LVH are not conditionally related under RUQO2,0
Grunting and LVH are not conditionally related under CO2Report,0
Grunting and LVH are not conditionally related under XrayReport,0
Grunting and LVH are conditionally related under Disease,1
Grunting and LVH are not conditionally related under GruntingReport,0
Grunting and LVH are not conditionally related under Age,0
Grunting and LVH are not conditionally related under DuctFlow,0
Grunting and LVH are not conditionally related under CardiacMixing,0
Grunting and LVH are not conditionally related under LungParench,0
Grunting and LVH are not conditionally related under LungFlow,0
Grunting and LVH are not conditionally related under Sick,0
Grunting and DuctFlow are conditionally related under BirthAsphyxia,1
Grunting and DuctFlow are not conditionally related under HypDistrib,0
Grunting and DuctFlow are not conditionally related under HypoxiaInO2,0
Grunting and DuctFlow are not conditionally related under CO2,0
Grunting and DuctFlow are not conditionally related under ChestXray,0
Grunting and DuctFlow are not conditionally related under LVHreport,0
Grunting and DuctFlow are not conditionally related under LowerBodyO2,0
Grunting and DuctFlow are not conditionally related under RUQO2,0
Grunting and DuctFlow are not conditionally related under CO2Report,0
Grunting and DuctFlow are not conditionally related under XrayReport,0
Grunting and DuctFlow are conditionally related under Disease,1
Grunting and DuctFlow are not conditionally related under GruntingReport,0
Grunting and DuctFlow are not conditionally related under Age,0
Grunting and DuctFlow are not conditionally related under LVH,0
Grunting and DuctFlow are not conditionally related under CardiacMixing,0
Grunting and DuctFlow are not conditionally related under LungParench,0
Grunting and DuctFlow are not conditionally related under LungFlow,0
Grunting and DuctFlow are not conditionally related under Sick,0
Grunting and CardiacMixing are conditionally related under BirthAsphyxia,1
Grunting and CardiacMixing are not conditionally related under HypDistrib,0
Grunting and CardiacMixing are not conditionally related under HypoxiaInO2,0
Grunting and CardiacMixing are not conditionally related under CO2,0
Grunting and CardiacMixing are not conditionally related under ChestXray,0
Grunting and CardiacMixing are not conditionally related under LVHreport,0
Grunting and CardiacMixing are not conditionally related under LowerBodyO2,0
Grunting and CardiacMixing are not conditionally related under RUQO2,0
Grunting and CardiacMixing are not conditionally related under CO2Report,0
Grunting and CardiacMixing are not conditionally related under XrayReport,0
Grunting and CardiacMixing are conditionally related under Disease,1
Grunting and CardiacMixing are not conditionally related under GruntingReport,0
Grunting and CardiacMixing are not conditionally related under Age,0
Grunting and CardiacMixing are not conditionally related under LVH,0
Grunting and CardiacMixing are not conditionally related under DuctFlow,0
Grunting and CardiacMixing are not conditionally related under LungParench,0
Grunting and CardiacMixing are not conditionally related under LungFlow,0
Grunting and CardiacMixing are not conditionally related under Sick,0
Grunting and LungParench are related,1
Grunting and LungFlow are conditionally related under BirthAsphyxia,1
Grunting and LungFlow are not conditionally related under HypDistrib,0
Grunting and LungFlow are not conditionally related under HypoxiaInO2,0
Grunting and LungFlow are not conditionally related under CO2,0
Grunting and LungFlow are not conditionally related under ChestXray,0
Grunting and LungFlow are not conditionally related under LVHreport,0
Grunting and LungFlow are not conditionally related under LowerBodyO2,0
Grunting and LungFlow are not conditionally related under RUQO2,0
Grunting and LungFlow are not conditionally related under CO2Report,0
Grunting and LungFlow are not conditionally related under XrayReport,0
Grunting and LungFlow are conditionally related under Disease,1
Grunting and LungFlow are not conditionally related under GruntingReport,0
Grunting and LungFlow are not conditionally related under Age,0
Grunting and LungFlow are not conditionally related under LVH,0
Grunting and LungFlow are not conditionally related under DuctFlow,0
Grunting and LungFlow are not conditionally related under CardiacMixing,0
Grunting and LungFlow are not conditionally related under LungParench,0
Grunting and LungFlow are not conditionally related under Sick,0
Grunting and Sick are related,1
LVHreport and BirthAsphyxia are related,1
LVHreport and HypDistrib are conditionally related under BirthAsphyxia,1
LVHreport and HypDistrib are not conditionally related under HypoxiaInO2,0
LVHreport and HypDistrib are not conditionally related under CO2,0
LVHreport and HypDistrib are not conditionally related under ChestXray,0
LVHreport and HypDistrib are not conditionally related under Grunting,0
LVHreport and HypDistrib are not conditionally related under LowerBodyO2,0
LVHreport and HypDistrib are not conditionally related under RUQO2,0
LVHreport and HypDistrib are not conditionally related under CO2Report,0
LVHreport and HypDistrib are not conditionally related under XrayReport,0
LVHreport and HypDistrib are conditionally related under Disease,1
LVHreport and HypDistrib are not conditionally related under GruntingReport,0
LVHreport and HypDistrib are not conditionally related under Age,0
LVHreport and HypDistrib are not conditionally related under LVH,0
LVHreport and HypDistrib are not conditionally related under DuctFlow,0
LVHreport and HypDistrib are not conditionally related under CardiacMixing,0
LVHreport and HypDistrib are not conditionally related under LungParench,0
LVHreport and HypDistrib are not conditionally related under LungFlow,0
LVHreport and HypDistrib are not conditionally related under Sick,0
LVHreport and HypoxiaInO2 are conditionally related under BirthAsphyxia,1
LVHreport and HypoxiaInO2 are not conditionally related under HypDistrib,0
LVHreport and HypoxiaInO2 are not conditionally related under CO2,0
LVHreport and HypoxiaInO2 are not conditionally related under ChestXray,0
LVHreport and HypoxiaInO2 are not conditionally related under Grunting,0
LVHreport and HypoxiaInO2 are not conditionally related under LowerBodyO2,0
LVHreport and HypoxiaInO2 are not conditionally related under RUQO2,0
LVHreport and HypoxiaInO2 are not conditionally related under CO2Report,0
LVHreport and HypoxiaInO2 are not conditionally related under XrayReport,0
LVHreport and HypoxiaInO2 are conditionally related under Disease,1
LVHreport and HypoxiaInO2 are not conditionally related under GruntingReport,0
LVHreport and HypoxiaInO2 are not conditionally related under Age,0
LVHreport and HypoxiaInO2 are not conditionally related under LVH,0
LVHreport and HypoxiaInO2 are not conditionally related under DuctFlow,0
LVHreport and HypoxiaInO2 are not conditionally related under CardiacMixing,0
LVHreport and HypoxiaInO2 are not conditionally related under LungParench,0
LVHreport and HypoxiaInO2 are not conditionally related under LungFlow,0
LVHreport and HypoxiaInO2 are not conditionally related under Sick,0
LVHreport and CO2 are conditionally related under BirthAsphyxia,1
LVHreport and CO2 are not conditionally related under HypDistrib,0
LVHreport and CO2 are not conditionally related under HypoxiaInO2,0
LVHreport and CO2 are not conditionally related under ChestXray,0
LVHreport and CO2 are not conditionally related under Grunting,0
LVHreport and CO2 are not conditionally related under LowerBodyO2,0
LVHreport and CO2 are not conditionally related under RUQO2,0
LVHreport and CO2 are not conditionally related under CO2Report,0
LVHreport and CO2 are not conditionally related under XrayReport,0
LVHreport and CO2 are conditionally related under Disease,1
LVHreport and CO2 are not conditionally related under GruntingReport,0
LVHreport and CO2 are not conditionally related under Age,0
LVHreport and CO2 are not conditionally related under LVH,0
LVHreport and CO2 are not conditionally related under DuctFlow,0
LVHreport and CO2 are not conditionally related under CardiacMixing,0
LVHreport and CO2 are not conditionally related under LungParench,0
LVHreport and CO2 are not conditionally related under LungFlow,0
LVHreport and CO2 are not conditionally related under Sick,0
LVHreport and ChestXray are conditionally related under BirthAsphyxia,1
LVHreport and ChestXray are not conditionally related under HypDistrib,0
LVHreport and ChestXray are not conditionally related under HypoxiaInO2,0
LVHreport and ChestXray are not conditionally related under CO2,0
LVHreport and ChestXray are not conditionally related under Grunting,0
LVHreport and ChestXray are not conditionally related under LowerBodyO2,0
LVHreport and ChestXray are not conditionally related under RUQO2,0
LVHreport and ChestXray are not conditionally related under CO2Report,0
LVHreport and ChestXray are not conditionally related under XrayReport,0
LVHreport and ChestXray are conditionally related under Disease,1
LVHreport and ChestXray are not conditionally related under GruntingReport,0
LVHreport and ChestXray are not conditionally related under Age,0
LVHreport and ChestXray are not conditionally related under LVH,0
LVHreport and ChestXray are not conditionally related under DuctFlow,0
LVHreport and ChestXray are not conditionally related under CardiacMixing,0
LVHreport and ChestXray are not conditionally related under LungParench,0
LVHreport and ChestXray are not conditionally related under LungFlow,0
LVHreport and ChestXray are not conditionally related under Sick,0
LVHreport and Grunting are conditionally related under BirthAsphyxia,1
LVHreport and Grunting are not conditionally related under HypDistrib,0
LVHreport and Grunting are not conditionally related under HypoxiaInO2,0
LVHreport and Grunting are not conditionally related under CO2,0
LVHreport and Grunting are not conditionally related under ChestXray,0
LVHreport and Grunting are not conditionally related under LowerBodyO2,0
LVHreport and Grunting are not conditionally related under RUQO2,0
LVHreport and Grunting are not conditionally related under CO2Report,0
LVHreport and Grunting are not conditionally related under XrayReport,0
LVHreport and Grunting are conditionally related under Disease,1
LVHreport and Grunting are not conditionally related under GruntingReport,0
LVHreport and Grunting are not conditionally related under Age,0
LVHreport and Grunting are not conditionally related under LVH,0
LVHreport and Grunting are not conditionally related under DuctFlow,0
LVHreport and Grunting are not conditionally related under CardiacMixing,0
LVHreport and Grunting are not conditionally related under LungParench,0
LVHreport and Grunting are not conditionally related under LungFlow,0
LVHreport and Grunting are not conditionally related under Sick,0
LVHreport and LowerBodyO2 are conditionally related under BirthAsphyxia,1
LVHreport and LowerBodyO2 are not conditionally related under HypDistrib,0
LVHreport and LowerBodyO2 are not conditionally related under HypoxiaInO2,0
LVHreport and LowerBodyO2 are not conditionally related under CO2,0
LVHreport and LowerBodyO2 are not conditionally related under ChestXray,0
LVHreport and LowerBodyO2 are not conditionally related under Grunting,0
LVHreport and LowerBodyO2 are not conditionally related under RUQO2,0
LVHreport and LowerBodyO2 are not conditionally related under CO2Report,0
LVHreport and LowerBodyO2 are not conditionally related under XrayReport,0
LVHreport and LowerBodyO2 are conditionally related under Disease,1
LVHreport and LowerBodyO2 are not conditionally related under GruntingReport,0
LVHreport and LowerBodyO2 are not conditionally related under Age,0
LVHreport and LowerBodyO2 are not conditionally related under LVH,0
LVHreport and LowerBodyO2 are not conditionally related under DuctFlow,0
LVHreport and LowerBodyO2 are not conditionally related under CardiacMixing,0
LVHreport and LowerBodyO2 are not conditionally related under LungParench,0
LVHreport and LowerBodyO2 are not conditionally related under LungFlow,0
LVHreport and LowerBodyO2 are not conditionally related under Sick,0
LVHreport and RUQO2 are conditionally related under BirthAsphyxia,1
LVHreport and RUQO2 are not conditionally related under HypDistrib,0
LVHreport and RUQO2 are not conditionally related under HypoxiaInO2,0
LVHreport and RUQO2 are not conditionally related under CO2,0
LVHreport and RUQO2 are not conditionally related under ChestXray,0
LVHreport and RUQO2 are not conditionally related under Grunting,0
LVHreport and RUQO2 are not conditionally related under LowerBodyO2,0
LVHreport and RUQO2 are not conditionally related under CO2Report,0
LVHreport and RUQO2 are not conditionally related under XrayReport,0
LVHreport and RUQO2 are conditionally related under Disease,1
LVHreport and RUQO2 are not conditionally related under GruntingReport,0
LVHreport and RUQO2 are not conditionally related under Age,0
LVHreport and RUQO2 are not conditionally related under LVH,0
LVHreport and RUQO2 are not conditionally related under DuctFlow,0
LVHreport and RUQO2 are not conditionally related under CardiacMixing,0
LVHreport and RUQO2 are not conditionally related under LungParench,0
LVHreport and RUQO2 are not conditionally related under LungFlow,0
LVHreport and RUQO2 are not conditionally related under Sick,0
LVHreport and CO2Report are conditionally related under BirthAsphyxia,1
LVHreport and CO2Report are not conditionally related under HypDistrib,0
LVHreport and CO2Report are not conditionally related under HypoxiaInO2,0
LVHreport and CO2Report are not conditionally related under CO2,0
LVHreport and CO2Report are not conditionally related under ChestXray,0
LVHreport and CO2Report are not conditionally related under Grunting,0
LVHreport and CO2Report are not conditionally related under LowerBodyO2,0
LVHreport and CO2Report are not conditionally related under RUQO2,0
LVHreport and CO2Report are not conditionally related under XrayReport,0
LVHreport and CO2Report are conditionally related under Disease,1
LVHreport and CO2Report are not conditionally related under GruntingReport,0
LVHreport and CO2Report are not conditionally related under Age,0
LVHreport and CO2Report are not conditionally related under LVH,0
LVHreport and CO2Report are not conditionally related under DuctFlow,0
LVHreport and CO2Report are not conditionally related under CardiacMixing,0
LVHreport and CO2Report are not conditionally related under LungParench,0
LVHreport and CO2Report are not conditionally related under LungFlow,0
LVHreport and CO2Report are not conditionally related under Sick,0
LVHreport and XrayReport are conditionally related under BirthAsphyxia,1
LVHreport and XrayReport are not conditionally related under HypDistrib,0
LVHreport and XrayReport are not conditionally related under HypoxiaInO2,0
LVHreport and XrayReport are not conditionally related under CO2,0
LVHreport and XrayReport are not conditionally related under ChestXray,0
LVHreport and XrayReport are not conditionally related under Grunting,0
LVHreport and XrayReport are not conditionally related under LowerBodyO2,0
LVHreport and XrayReport are not conditionally related under RUQO2,0
LVHreport and XrayReport are not conditionally related under CO2Report,0
LVHreport and XrayReport are conditionally related under Disease,1
LVHreport and XrayReport are not conditionally related under GruntingReport,0
LVHreport and XrayReport are not conditionally related under Age,0
LVHreport and XrayReport are not conditionally related under LVH,0
LVHreport and XrayReport are not conditionally related under DuctFlow,0
LVHreport and XrayReport are not conditionally related under CardiacMixing,0
LVHreport and XrayReport are not conditionally related under LungParench,0
LVHreport and XrayReport are not conditionally related under LungFlow,0
LVHreport and XrayReport are not conditionally related under Sick,0
LVHreport and Disease are related,1
LVHreport and GruntingReport are conditionally related under BirthAsphyxia,1
LVHreport and GruntingReport are not conditionally related under HypDistrib,0
LVHreport and GruntingReport are not conditionally related under HypoxiaInO2,0
LVHreport and GruntingReport are not conditionally related under CO2,0
LVHreport and GruntingReport are not conditionally related under ChestXray,0
LVHreport and GruntingReport are not conditionally related under Grunting,0
LVHreport and GruntingReport are not conditionally related under LowerBodyO2,0
LVHreport and GruntingReport are not conditionally related under RUQO2,0
LVHreport and GruntingReport are not conditionally related under CO2Report,0
LVHreport and GruntingReport are not conditionally related under XrayReport,0
LVHreport and GruntingReport are conditionally related under Disease,1
LVHreport and GruntingReport are not conditionally related under Age,0
LVHreport and GruntingReport are not conditionally related under LVH,0
LVHreport and GruntingReport are not conditionally related under DuctFlow,0
LVHreport and GruntingReport are not conditionally related under CardiacMixing,0
LVHreport and GruntingReport are not conditionally related under LungParench,0
LVHreport and GruntingReport are not conditionally related under LungFlow,0
LVHreport and GruntingReport are not conditionally related under Sick,0
LVHreport and Age are conditionally related under BirthAsphyxia,1
LVHreport and Age are not conditionally related under HypDistrib,0
LVHreport and Age are not conditionally related under HypoxiaInO2,0
LVHreport and Age are not conditionally related under CO2,0
LVHreport and Age are not conditionally related under ChestXray,0
LVHreport and Age are not conditionally related under Grunting,0
LVHreport and Age are not conditionally related under LowerBodyO2,0
LVHreport and Age are not conditionally related under RUQO2,0
LVHreport and Age are not conditionally related under CO2Report,0
LVHreport and Age are not conditionally related under XrayReport,0
LVHreport and Age are conditionally related under Disease,1
LVHreport and Age are not conditionally related under GruntingReport,0
LVHreport and Age are not conditionally related under LVH,0
LVHreport and Age are not conditionally related under DuctFlow,0
LVHreport and Age are not conditionally related under CardiacMixing,0
LVHreport and Age are not conditionally related under LungParench,0
LVHreport and Age are not conditionally related under LungFlow,0
LVHreport and Age are not conditionally related under Sick,0
LVHreport and LVH are related,1
LVHreport and DuctFlow are conditionally related under BirthAsphyxia,1
LVHreport and DuctFlow are not conditionally related under HypDistrib,0
LVHreport and DuctFlow are not conditionally related under HypoxiaInO2,0
LVHreport and DuctFlow are not conditionally related under CO2,0
LVHreport and DuctFlow are not conditionally related under ChestXray,0
LVHreport and DuctFlow are not conditionally related under Grunting,0
LVHreport and DuctFlow are not conditionally related under LowerBodyO2,0
LVHreport and DuctFlow are not conditionally related under RUQO2,0
LVHreport and DuctFlow are not conditionally related under CO2Report,0
LVHreport and DuctFlow are not conditionally related under XrayReport,0
LVHreport and DuctFlow are conditionally related under Disease,1
LVHreport and DuctFlow are not conditionally related under GruntingReport,0
LVHreport and DuctFlow are not conditionally related under Age,0
LVHreport and DuctFlow are not conditionally related under LVH,0
LVHreport and DuctFlow are not conditionally related under CardiacMixing,0
LVHreport and DuctFlow are not conditionally related under LungParench,0
LVHreport and DuctFlow are not conditionally related under LungFlow,0
LVHreport and DuctFlow are not conditionally related under Sick,0
LVHreport and CardiacMixing are conditionally related under BirthAsphyxia,1
LVHreport and CardiacMixing are not conditionally related under HypDistrib,0
LVHreport and CardiacMixing are not conditionally related under HypoxiaInO2,0
LVHreport and CardiacMixing are not conditionally related under CO2,0
LVHreport and CardiacMixing are not conditionally related under ChestXray,0
LVHreport and CardiacMixing are not conditionally related under Grunting,0
LVHreport and CardiacMixing are not conditionally related under LowerBodyO2,0
LVHreport and CardiacMixing are not conditionally related under RUQO2,0
LVHreport and CardiacMixing are not conditionally related under CO2Report,0
LVHreport and CardiacMixing are not conditionally related under XrayReport,0
LVHreport and CardiacMixing are conditionally related under Disease,1
LVHreport and CardiacMixing are not conditionally related under GruntingReport,0
LVHreport and CardiacMixing are not conditionally related under Age,0
LVHreport and CardiacMixing are not conditionally related under LVH,0
LVHreport and CardiacMixing are not conditionally related under DuctFlow,0
LVHreport and CardiacMixing are not conditionally related under LungParench,0
LVHreport and CardiacMixing are not conditionally related under LungFlow,0
LVHreport and CardiacMixing are not conditionally related under Sick,0
LVHreport and LungParench are conditionally related under BirthAsphyxia,1
LVHreport and LungParench are not conditionally related under HypDistrib,0
LVHreport and LungParench are not conditionally related under HypoxiaInO2,0
LVHreport and LungParench are not conditionally related under CO2,0
LVHreport and LungParench are not conditionally related under ChestXray,0
LVHreport and LungParench are not conditionally related under Grunting,0
LVHreport and LungParench are not conditionally related under LowerBodyO2,0
LVHreport and LungParench are not conditionally related under RUQO2,0
LVHreport and LungParench are not conditionally related under CO2Report,0
LVHreport and LungParench are not conditionally related under XrayReport,0
LVHreport and LungParench are conditionally related under Disease,1
LVHreport and LungParench are not conditionally related under GruntingReport,0
LVHreport and LungParench are not conditionally related under Age,0
LVHreport and LungParench are not conditionally related under LVH,0
LVHreport and LungParench are not conditionally related under DuctFlow,0
LVHreport and LungParench are not conditionally related under CardiacMixing,0
LVHreport and LungParench are not conditionally related under LungFlow,0
LVHreport and LungParench are not conditionally related under Sick,0
LVHreport and LungFlow are conditionally related under BirthAsphyxia,1
LVHreport and LungFlow are not conditionally related under HypDistrib,0
LVHreport and LungFlow are not conditionally related under HypoxiaInO2,0
LVHreport and LungFlow are not conditionally related under CO2,0
LVHreport and LungFlow are not conditionally related under ChestXray,0
LVHreport and LungFlow are not conditionally related under Grunting,0
LVHreport and LungFlow are not conditionally related under LowerBodyO2,0
LVHreport and LungFlow are not conditionally related under RUQO2,0
LVHreport and LungFlow are not conditionally related under CO2Report,0
LVHreport and LungFlow are not conditionally related under XrayReport,0
LVHreport and LungFlow are conditionally related under Disease,1
LVHreport and LungFlow are not conditionally related under GruntingReport,0
LVHreport and LungFlow are not conditionally related under Age,0
LVHreport and LungFlow are not conditionally related under LVH,0
LVHreport and LungFlow are not conditionally related under DuctFlow,0
LVHreport and LungFlow are not conditionally related under CardiacMixing,0
LVHreport and LungFlow are not conditionally related under LungParench,0
LVHreport and LungFlow are not conditionally related under Sick,0
LVHreport and Sick are conditionally related under BirthAsphyxia,1
LVHreport and Sick are not conditionally related under HypDistrib,0
LVHreport and Sick are not conditionally related under HypoxiaInO2,0
LVHreport and Sick are not conditionally related under CO2,0
LVHreport and Sick are not conditionally related under ChestXray,0
LVHreport and Sick are not conditionally related under Grunting,0
LVHreport and Sick are not conditionally related under LowerBodyO2,0
LVHreport and Sick are not conditionally related under RUQO2,0
LVHreport and Sick are not conditionally related under CO2Report,0
LVHreport and Sick are not conditionally related under XrayReport,0
LVHreport and Sick are conditionally related under Disease,1
LVHreport and Sick are not conditionally related under GruntingReport,0
LVHreport and Sick are not conditionally related under Age,0
LVHreport and Sick are not conditionally related under LVH,0
LVHreport and Sick are not conditionally related under DuctFlow,0
LVHreport and Sick are not conditionally related under CardiacMixing,0
LVHreport and Sick are not conditionally related under LungParench,0
LVHreport and Sick are not conditionally related under LungFlow,0
LowerBodyO2 and BirthAsphyxia are related,1
LowerBodyO2 and HypDistrib are related,1
LowerBodyO2 and HypoxiaInO2 are related,1
LowerBodyO2 and CO2 are conditionally related under BirthAsphyxia,1
LowerBodyO2 and CO2 are not conditionally related under HypDistrib,0
LowerBodyO2 and CO2 are not conditionally related under HypoxiaInO2,0
LowerBodyO2 and CO2 are not conditionally related under ChestXray,0
LowerBodyO2 and CO2 are not conditionally related under Grunting,0
LowerBodyO2 and CO2 are not conditionally related under LVHreport,0
LowerBodyO2 and CO2 are not conditionally related under RUQO2,0
LowerBodyO2 and CO2 are not conditionally related under CO2Report,0
LowerBodyO2 and CO2 are not conditionally related under XrayReport,0
LowerBodyO2 and CO2 are conditionally related under Disease,1
LowerBodyO2 and CO2 are not conditionally related under GruntingReport,0
LowerBodyO2 and CO2 are not conditionally related under Age,0
LowerBodyO2 and CO2 are not conditionally related under LVH,0
LowerBodyO2 and CO2 are not conditionally related under DuctFlow,0
LowerBodyO2 and CO2 are not conditionally related under CardiacMixing,0
LowerBodyO2 and CO2 are conditionally related under LungParench,1
LowerBodyO2 and CO2 are not conditionally related under LungFlow,0
LowerBodyO2 and CO2 are not conditionally related under Sick,0
LowerBodyO2 and ChestXray are conditionally related under BirthAsphyxia,1
LowerBodyO2 and ChestXray are not conditionally related under HypDistrib,0
LowerBodyO2 and ChestXray are not conditionally related under HypoxiaInO2,0
LowerBodyO2 and ChestXray are not conditionally related under CO2,0
LowerBodyO2 and ChestXray are not conditionally related under Grunting,0
LowerBodyO2 and ChestXray are not conditionally related under LVHreport,0
LowerBodyO2 and ChestXray are not conditionally related under RUQO2,0
LowerBodyO2 and ChestXray are not conditionally related under CO2Report,0
LowerBodyO2 and ChestXray are not conditionally related under XrayReport,0
LowerBodyO2 and ChestXray are conditionally related under Disease,1
LowerBodyO2 and ChestXray are not conditionally related under GruntingReport,0
LowerBodyO2 and ChestXray are not conditionally related under Age,0
LowerBodyO2 and ChestXray are not conditionally related under LVH,0
LowerBodyO2 and ChestXray are not conditionally related under DuctFlow,0
LowerBodyO2 and ChestXray are not conditionally related under CardiacMixing,0
LowerBodyO2 and ChestXray are conditionally related under LungParench,1
LowerBodyO2 and ChestXray are not conditionally related under LungFlow,0
LowerBodyO2 and ChestXray are not conditionally related under Sick,0
LowerBodyO2 and Grunting are conditionally related under BirthAsphyxia,1
LowerBodyO2 and Grunting are not conditionally related under HypDistrib,0
LowerBodyO2 and Grunting are not conditionally related under HypoxiaInO2,0
LowerBodyO2 and Grunting are not conditionally related under CO2,0
LowerBodyO2 and Grunting are not conditionally related under ChestXray,0
LowerBodyO2 and Grunting are not conditionally related under LVHreport,0
LowerBodyO2 and Grunting are not conditionally related under RUQO2,0
LowerBodyO2 and Grunting are not conditionally related under CO2Report,0
LowerBodyO2 and Grunting are not conditionally related under XrayReport,0
LowerBodyO2 and Grunting are conditionally related under Disease,1
LowerBodyO2 and Grunting are not conditionally related under GruntingReport,0
LowerBodyO2 and Grunting are not conditionally related under Age,0
LowerBodyO2 and Grunting are not conditionally related under LVH,0
LowerBodyO2 and Grunting are not conditionally related under DuctFlow,0
LowerBodyO2 and Grunting are not conditionally related under CardiacMixing,0
LowerBodyO2 and Grunting are conditionally related under LungParench,1
LowerBodyO2 and Grunting are not conditionally related under LungFlow,0
LowerBodyO2 and Grunting are not conditionally related under Sick,0
LowerBodyO2 and LVHreport are conditionally related under BirthAsphyxia,1
LowerBodyO2 and LVHreport are not conditionally related under HypDistrib,0
LowerBodyO2 and LVHreport are not conditionally related under HypoxiaInO2,0
LowerBodyO2 and LVHreport are not conditionally related under CO2,0
LowerBodyO2 and LVHreport are not conditionally related under ChestXray,0
LowerBodyO2 and LVHreport are not conditionally related under Grunting,0
LowerBodyO2 and LVHreport are not conditionally related under RUQO2,0
LowerBodyO2 and LVHreport are not conditionally related under CO2Report,0
LowerBodyO2 and LVHreport are not conditionally related under XrayReport,0
LowerBodyO2 and LVHreport are conditionally related under Disease,1
LowerBodyO2 and LVHreport are not conditionally related under GruntingReport,0
LowerBodyO2 and LVHreport are not conditionally related under Age,0
LowerBodyO2 and LVHreport are not conditionally related under LVH,0
LowerBodyO2 and LVHreport are not conditionally related under DuctFlow,0
LowerBodyO2 and LVHreport are not conditionally related under CardiacMixing,0
LowerBodyO2 and LVHreport are not conditionally related under LungParench,0
LowerBodyO2 and LVHreport are not conditionally related under LungFlow,0
LowerBodyO2 and LVHreport are not conditionally related under Sick,0
LowerBodyO2 and RUQO2 are conditionally related under BirthAsphyxia,1
LowerBodyO2 and RUQO2 are not conditionally related under HypDistrib,0
LowerBodyO2 and RUQO2 are conditionally related under HypoxiaInO2,1
LowerBodyO2 and RUQO2 are not conditionally related under CO2,0
LowerBodyO2 and RUQO2 are not conditionally related under ChestXray,0
LowerBodyO2 and RUQO2 are not conditionally related under Grunting,0
LowerBodyO2 and RUQO2 are not conditionally related under LVHreport,0
LowerBodyO2 and RUQO2 are not conditionally related under CO2Report,0
LowerBodyO2 and RUQO2 are not conditionally related under XrayReport,0
LowerBodyO2 and RUQO2 are conditionally related under Disease,1
LowerBodyO2 and RUQO2 are not conditionally related under GruntingReport,0
LowerBodyO2 and RUQO2 are not conditionally related under Age,0
LowerBodyO2 and RUQO2 are not conditionally related under LVH,0
LowerBodyO2 and RUQO2 are not conditionally related under DuctFlow,0
LowerBodyO2 and RUQO2 are conditionally related under CardiacMixing,1
LowerBodyO2 and RUQO2 are conditionally related under LungParench,1
LowerBodyO2 and RUQO2 are not conditionally related under LungFlow,0
LowerBodyO2 and RUQO2 are not conditionally related under Sick,0
LowerBodyO2 and CO2Report are conditionally related under BirthAsphyxia,1
LowerBodyO2 and CO2Report are not conditionally related under HypDistrib,0
LowerBodyO2 and CO2Report are not conditionally related under HypoxiaInO2,0
LowerBodyO2 and CO2Report are not conditionally related under CO2,0
LowerBodyO2 and CO2Report are not conditionally related under ChestXray,0
LowerBodyO2 and CO2Report are not conditionally related under Grunting,0
LowerBodyO2 and CO2Report are not conditionally related under LVHreport,0
LowerBodyO2 and CO2Report are not conditionally related under RUQO2,0
LowerBodyO2 and CO2Report are not conditionally related under XrayReport,0
LowerBodyO2 and CO2Report are conditionally related under Disease,1
LowerBodyO2 and CO2Report are not conditionally related under GruntingReport,0
LowerBodyO2 and CO2Report are not conditionally related under Age,0
LowerBodyO2 and CO2Report are not conditionally related under LVH,0
LowerBodyO2 and CO2Report are not conditionally related under DuctFlow,0
LowerBodyO2 and CO2Report are not conditionally related under CardiacMixing,0
LowerBodyO2 and CO2Report are conditionally related under LungParench,1
LowerBodyO2 and CO2Report are not conditionally related under LungFlow,0
LowerBodyO2 and CO2Report are not conditionally related under Sick,0
LowerBodyO2 and XrayReport are conditionally related under BirthAsphyxia,1
LowerBodyO2 and XrayReport are not conditionally related under HypDistrib,0
LowerBodyO2 and XrayReport are not conditionally related under HypoxiaInO2,0
LowerBodyO2 and XrayReport are not conditionally related under CO2,0
LowerBodyO2 and XrayReport are not conditionally related under ChestXray,0
LowerBodyO2 and XrayReport are not conditionally related under Grunting,0
LowerBodyO2 and XrayReport are not conditionally related under LVHreport,0
LowerBodyO2 and XrayReport are not conditionally related under RUQO2,0
LowerBodyO2 and XrayReport are not conditionally related under CO2Report,0
LowerBodyO2 and XrayReport are conditionally related under Disease,1
LowerBodyO2 and XrayReport are not conditionally related under GruntingReport,0
LowerBodyO2 and XrayReport are not conditionally related under Age,0
LowerBodyO2 and XrayReport are not conditionally related under LVH,0
LowerBodyO2 and XrayReport are not conditionally related under DuctFlow,0
LowerBodyO2 and XrayReport are not conditionally related under CardiacMixing,0
LowerBodyO2 and XrayReport are conditionally related under LungParench,1
LowerBodyO2 and XrayReport are not conditionally related under LungFlow,0
LowerBodyO2 and XrayReport are not conditionally related under Sick,0
LowerBodyO2 and Disease are related,1
LowerBodyO2 and GruntingReport are conditionally related under BirthAsphyxia,1
LowerBodyO2 and GruntingReport are not conditionally related under HypDistrib,0
LowerBodyO2 and GruntingReport are not conditionally related under HypoxiaInO2,0
LowerBodyO2 and GruntingReport are not conditionally related under CO2,0
LowerBodyO2 and GruntingReport are not conditionally related under ChestXray,0
LowerBodyO2 and GruntingReport are not conditionally related under Grunting,0
LowerBodyO2 and GruntingReport are not conditionally related under LVHreport,0
LowerBodyO2 and GruntingReport are not conditionally related under RUQO2,0
LowerBodyO2 and GruntingReport are not conditionally related under CO2Report,0
LowerBodyO2 and GruntingReport are not conditionally related under XrayReport,0
LowerBodyO2 and GruntingReport are conditionally related under Disease,1
LowerBodyO2 and GruntingReport are not conditionally related under Age,0
LowerBodyO2 and GruntingReport are not conditionally related under LVH,0
LowerBodyO2 and GruntingReport are not conditionally related under DuctFlow,0
LowerBodyO2 and GruntingReport are not conditionally related under CardiacMixing,0
LowerBodyO2 and GruntingReport are conditionally related under LungParench,1
LowerBodyO2 and GruntingReport are not conditionally related under LungFlow,0
LowerBodyO2 and GruntingReport are not conditionally related under Sick,0
LowerBodyO2 and Age are conditionally related under BirthAsphyxia,1
LowerBodyO2 and Age are not conditionally related under HypDistrib,0
LowerBodyO2 and Age are not conditionally related under HypoxiaInO2,0
LowerBodyO2 and Age are not conditionally related under CO2,0
LowerBodyO2 and Age are not conditionally related under ChestXray,0
LowerBodyO2 and Age are not conditionally related under Grunting,0
LowerBodyO2 and Age are not conditionally related under LVHreport,0
LowerBodyO2 and Age are not conditionally related under RUQO2,0
LowerBodyO2 and Age are not conditionally related under CO2Report,0
LowerBodyO2 and Age are not conditionally related under XrayReport,0
LowerBodyO2 and Age are conditionally related under Disease,1
LowerBodyO2 and Age are not conditionally related under GruntingReport,0
LowerBodyO2 and Age are not conditionally related under LVH,0
LowerBodyO2 and Age are not conditionally related under DuctFlow,0
LowerBodyO2 and Age are not conditionally related under CardiacMixing,0
LowerBodyO2 and Age are not conditionally related under LungParench,0
LowerBodyO2 and Age are not conditionally related under LungFlow,0
LowerBodyO2 and Age are not conditionally related under Sick,0
LowerBodyO2 and LVH are conditionally related under BirthAsphyxia,1
LowerBodyO2 and LVH are not conditionally related under HypDistrib,0
LowerBodyO2 and LVH are not conditionally related under HypoxiaInO2,0
LowerBodyO2 and LVH are not conditionally related under CO2,0
LowerBodyO2 and LVH are not conditionally related under ChestXray,0
LowerBodyO2 and LVH are not conditionally related under Grunting,0
LowerBodyO2 and LVH are not conditionally related under LVHreport,0
LowerBodyO2 and LVH are not conditionally related under RUQO2,0
LowerBodyO2 and LVH are not conditionally related under CO2Report,0
LowerBodyO2 and LVH are not conditionally related under XrayReport,0
LowerBodyO2 and LVH are conditionally related under Disease,1
LowerBodyO2 and LVH are not conditionally related under GruntingReport,0
LowerBodyO2 and LVH are not conditionally related under Age,0
LowerBodyO2 and LVH are not conditionally related under DuctFlow,0
LowerBodyO2 and LVH are not conditionally related under CardiacMixing,0
LowerBodyO2 and LVH are not conditionally related under LungParench,0
LowerBodyO2 and LVH are not conditionally related under LungFlow,0
LowerBodyO2 and LVH are not conditionally related under Sick,0
LowerBodyO2 and DuctFlow are related,1
LowerBodyO2 and CardiacMixing are related,1
LowerBodyO2 and LungParench are related,1
LowerBodyO2 and LungFlow are conditionally related under BirthAsphyxia,1
LowerBodyO2 and LungFlow are not conditionally related under HypDistrib,0
LowerBodyO2 and LungFlow are not conditionally related under HypoxiaInO2,0
LowerBodyO2 and LungFlow are not conditionally related under CO2,0
LowerBodyO2 and LungFlow are not conditionally related under ChestXray,0
LowerBodyO2 and LungFlow are not conditionally related under Grunting,0
LowerBodyO2 and LungFlow are not conditionally related under LVHreport,0
LowerBodyO2 and LungFlow are not conditionally related under RUQO2,0
LowerBodyO2 and LungFlow are not conditionally related under CO2Report,0
LowerBodyO2 and LungFlow are not conditionally related under XrayReport,0
LowerBodyO2 and LungFlow are conditionally related under Disease,1
LowerBodyO2 and LungFlow are not conditionally related under GruntingReport,0
LowerBodyO2 and LungFlow are not conditionally related under Age,0
LowerBodyO2 and LungFlow are not conditionally related under LVH,0
LowerBodyO2 and LungFlow are not conditionally related under DuctFlow,0
LowerBodyO2 and LungFlow are not conditionally related under CardiacMixing,0
LowerBodyO2 and LungFlow are not conditionally related under LungParench,0
LowerBodyO2 and LungFlow are not conditionally related under Sick,0
LowerBodyO2 and Sick are conditionally related under BirthAsphyxia,1
LowerBodyO2 and Sick are not conditionally related under HypDistrib,0
LowerBodyO2 and Sick are not conditionally related under HypoxiaInO2,0
LowerBodyO2 and Sick are not conditionally related under CO2,0
LowerBodyO2 and Sick are not conditionally related under ChestXray,0
LowerBodyO2 and Sick are not conditionally related under Grunting,0
LowerBodyO2 and Sick are not conditionally related under LVHreport,0
LowerBodyO2 and Sick are not conditionally related under RUQO2,0
LowerBodyO2 and Sick are not conditionally related under CO2Report,0
LowerBodyO2 and Sick are not conditionally related under XrayReport,0
LowerBodyO2 and Sick are conditionally related under Disease,1
LowerBodyO2 and Sick are not conditionally related under GruntingReport,0
LowerBodyO2 and Sick are not conditionally related under Age,0
LowerBodyO2 and Sick are not conditionally related under LVH,0
LowerBodyO2 and Sick are not conditionally related under DuctFlow,0
LowerBodyO2 and Sick are not conditionally related under CardiacMixing,0
LowerBodyO2 and Sick are not conditionally related under LungParench,0
LowerBodyO2 and Sick are not conditionally related under LungFlow,0
RUQO2 and BirthAsphyxia are related,1
RUQO2 and HypDistrib are conditionally related under BirthAsphyxia,1
RUQO2 and HypDistrib are not conditionally related under HypoxiaInO2,0
RUQO2 and HypDistrib are not conditionally related under CO2,0
RUQO2 and HypDistrib are not conditionally related under ChestXray,0
RUQO2 and HypDistrib are not conditionally related under Grunting,0
RUQO2 and HypDistrib are not conditionally related under LVHreport,0
RUQO2 and HypDistrib are not conditionally related under LowerBodyO2,0
RUQO2 and HypDistrib are not conditionally related under CO2Report,0
RUQO2 and HypDistrib are not conditionally related under XrayReport,0
RUQO2 and HypDistrib are conditionally related under Disease,1
RUQO2 and HypDistrib are not conditionally related under GruntingReport,0
RUQO2 and HypDistrib are not conditionally related under Age,0
RUQO2 and HypDistrib are not conditionally related under LVH,0
RUQO2 and HypDistrib are not conditionally related under DuctFlow,0
RUQO2 and HypDistrib are conditionally related under CardiacMixing,1
RUQO2 and HypDistrib are not conditionally related under LungParench,0
RUQO2 and HypDistrib are not conditionally related under LungFlow,0
RUQO2 and HypDistrib are not conditionally related under Sick,0
RUQO2 and HypoxiaInO2 are related,1
RUQO2 and CO2 are conditionally related under BirthAsphyxia,1
RUQO2 and CO2 are not conditionally related under HypDistrib,0
RUQO2 and CO2 are not conditionally related under HypoxiaInO2,0
RUQO2 and CO2 are not conditionally related under ChestXray,0
RUQO2 and CO2 are not conditionally related under Grunting,0
RUQO2 and CO2 are not conditionally related under LVHreport,0
RUQO2 and CO2 are not conditionally related under LowerBodyO2,0
RUQO2 and CO2 are not conditionally related under CO2Report,0
RUQO2 and CO2 are not conditionally related under XrayReport,0
RUQO2 and CO2 are conditionally related under Disease,1
RUQO2 and CO2 are not conditionally related under GruntingReport,0
RUQO2 and CO2 are not conditionally related under Age,0
RUQO2 and CO2 are not conditionally related under LVH,0
RUQO2 and CO2 are not conditionally related under DuctFlow,0
RUQO2 and CO2 are not conditionally related under CardiacMixing,0
RUQO2 and CO2 are conditionally related under LungParench,1
RUQO2 and CO2 are not conditionally related under LungFlow,0
RUQO2 and CO2 are not conditionally related under Sick,0
RUQO2 and ChestXray are conditionally related under BirthAsphyxia,1
RUQO2 and ChestXray are not conditionally related under HypDistrib,0
RUQO2 and ChestXray are not conditionally related under HypoxiaInO2,0
RUQO2 and ChestXray are not conditionally related under CO2,0
RUQO2 and ChestXray are not conditionally related under Grunting,0
RUQO2 and ChestXray are not conditionally related under LVHreport,0
RUQO2 and ChestXray are not conditionally related under LowerBodyO2,0
RUQO2 and ChestXray are not conditionally related under CO2Report,0
RUQO2 and ChestXray are not conditionally related under XrayReport,0
RUQO2 and ChestXray are conditionally related under Disease,1
RUQO2 and ChestXray are not conditionally related under GruntingReport,0
RUQO2 and ChestXray are not conditionally related under Age,0
RUQO2 and ChestXray are not conditionally related under LVH,0
RUQO2 and ChestXray are not conditionally related under DuctFlow,0
RUQO2 and ChestXray are not conditionally related under CardiacMixing,0
RUQO2 and ChestXray are conditionally related under LungParench,1
RUQO2 and ChestXray are not conditionally related under LungFlow,0
RUQO2 and ChestXray are not conditionally related under Sick,0
RUQO2 and Grunting are conditionally related under BirthAsphyxia,1
RUQO2 and Grunting are not conditionally related under HypDistrib,0
RUQO2 and Grunting are not conditionally related under HypoxiaInO2,0
RUQO2 and Grunting are not conditionally related under CO2,0
RUQO2 and Grunting are not conditionally related under ChestXray,0
RUQO2 and Grunting are not conditionally related under LVHreport,0
RUQO2 and Grunting are not conditionally related under LowerBodyO2,0
RUQO2 and Grunting are not conditionally related under CO2Report,0
RUQO2 and Grunting are not conditionally related under XrayReport,0
RUQO2 and Grunting are conditionally related under Disease,1
RUQO2 and Grunting are not conditionally related under GruntingReport,0
RUQO2 and Grunting are not conditionally related under Age,0
RUQO2 and Grunting are not conditionally related under LVH,0
RUQO2 and Grunting are not conditionally related under DuctFlow,0
RUQO2 and Grunting are not conditionally related under CardiacMixing,0
RUQO2 and Grunting are conditionally related under LungParench,1
RUQO2 and Grunting are not conditionally related under LungFlow,0
RUQO2 and Grunting are not conditionally related under Sick,0
RUQO2 and LVHreport are conditionally related under BirthAsphyxia,1
RUQO2 and LVHreport are not conditionally related under HypDistrib,0
RUQO2 and LVHreport are not conditionally related under HypoxiaInO2,0
RUQO2 and LVHreport are not conditionally related under CO2,0
RUQO2 and LVHreport are not conditionally related under ChestXray,0
RUQO2 and LVHreport are not conditionally related under Grunting,0
RUQO2 and LVHreport are not conditionally related under LowerBodyO2,0
RUQO2 and LVHreport are not conditionally related under CO2Report,0
RUQO2 and LVHreport are not conditionally related under XrayReport,0
RUQO2 and LVHreport are conditionally related under Disease,1
RUQO2 and LVHreport are not conditionally related under GruntingReport,0
RUQO2 and LVHreport are not conditionally related under Age,0
RUQO2 and LVHreport are not conditionally related under LVH,0
RUQO2 and LVHreport are not conditionally related under DuctFlow,0
RUQO2 and LVHreport are not conditionally related under CardiacMixing,0
RUQO2 and LVHreport are not conditionally related under LungParench,0
RUQO2 and LVHreport are not conditionally related under LungFlow,0
RUQO2 and LVHreport are not conditionally related under Sick,0
RUQO2 and LowerBodyO2 are conditionally related under BirthAsphyxia,1
RUQO2 and LowerBodyO2 are not conditionally related under HypDistrib,0
RUQO2 and LowerBodyO2 are conditionally related under HypoxiaInO2,1
RUQO2 and LowerBodyO2 are not conditionally related under CO2,0
RUQO2 and LowerBodyO2 are not conditionally related under ChestXray,0
RUQO2 and LowerBodyO2 are not conditionally related under Grunting,0
RUQO2 and LowerBodyO2 are not conditionally related under LVHreport,0
RUQO2 and LowerBodyO2 are not conditionally related under CO2Report,0
RUQO2 and LowerBodyO2 are not conditionally related under XrayReport,0
RUQO2 and LowerBodyO2 are conditionally related under Disease,1
RUQO2 and LowerBodyO2 are not conditionally related under GruntingReport,0
RUQO2 and LowerBodyO2 are not conditionally related under Age,0
RUQO2 and LowerBodyO2 are not conditionally related under LVH,0
RUQO2 and LowerBodyO2 are not conditionally related under DuctFlow,0
RUQO2 and LowerBodyO2 are conditionally related under CardiacMixing,1
RUQO2 and LowerBodyO2 are conditionally related under LungParench,1
RUQO2 and LowerBodyO2 are not conditionally related under LungFlow,0
RUQO2 and LowerBodyO2 are not conditionally related under Sick,0
RUQO2 and CO2Report are conditionally related under BirthAsphyxia,1
RUQO2 and CO2Report are not conditionally related under HypDistrib,0
RUQO2 and CO2Report are not conditionally related under HypoxiaInO2,0
RUQO2 and CO2Report are not conditionally related under CO2,0
RUQO2 and CO2Report are not conditionally related under ChestXray,0
RUQO2 and CO2Report are not conditionally related under Grunting,0
RUQO2 and CO2Report are not conditionally related under LVHreport,0
RUQO2 and CO2Report are not conditionally related under LowerBodyO2,0
RUQO2 and CO2Report are not conditionally related under XrayReport,0
RUQO2 and CO2Report are conditionally related under Disease,1
RUQO2 and CO2Report are not conditionally related under GruntingReport,0
RUQO2 and CO2Report are not conditionally related under Age,0
RUQO2 and CO2Report are not conditionally related under LVH,0
RUQO2 and CO2Report are not conditionally related under DuctFlow,0
RUQO2 and CO2Report are not conditionally related under CardiacMixing,0
RUQO2 and CO2Report are conditionally related under LungParench,1
RUQO2 and CO2Report are not conditionally related under LungFlow,0
RUQO2 and CO2Report are not conditionally related under Sick,0
RUQO2 and XrayReport are conditionally related under BirthAsphyxia,1
RUQO2 and XrayReport are not conditionally related under HypDistrib,0
RUQO2 and XrayReport are not conditionally related under HypoxiaInO2,0
RUQO2 and XrayReport are not conditionally related under CO2,0
RUQO2 and XrayReport are not conditionally related under ChestXray,0
RUQO2 and XrayReport are not conditionally related under Grunting,0
RUQO2 and XrayReport are not conditionally related under LVHreport,0
RUQO2 and XrayReport are not conditionally related under LowerBodyO2,0
RUQO2 and XrayReport are not conditionally related under CO2Report,0
RUQO2 and XrayReport are conditionally related under Disease,1
RUQO2 and XrayReport are not conditionally related under GruntingReport,0
RUQO2 and XrayReport are not conditionally related under Age,0
RUQO2 and XrayReport are not conditionally related under LVH,0
RUQO2 and XrayReport are not conditionally related under DuctFlow,0
RUQO2 and XrayReport are not conditionally related under CardiacMixing,0
RUQO2 and XrayReport are conditionally related under LungParench,1
RUQO2 and XrayReport are not conditionally related under LungFlow,0
RUQO2 and XrayReport are not conditionally related under Sick,0
RUQO2 and Disease are related,1
RUQO2 and GruntingReport are conditionally related under BirthAsphyxia,1
RUQO2 and GruntingReport are not conditionally related under HypDistrib,0
RUQO2 and GruntingReport are not conditionally related under HypoxiaInO2,0
RUQO2 and GruntingReport are not conditionally related under CO2,0
RUQO2 and GruntingReport are not conditionally related under ChestXray,0
RUQO2 and GruntingReport are not conditionally related under Grunting,0
RUQO2 and GruntingReport are not conditionally related under LVHreport,0
RUQO2 and GruntingReport are not conditionally related under LowerBodyO2,0
RUQO2 and GruntingReport are not conditionally related under CO2Report,0
RUQO2 and GruntingReport are not conditionally related under XrayReport,0
RUQO2 and GruntingReport are conditionally related under Disease,1
RUQO2 and GruntingReport are not conditionally related under Age,0
RUQO2 and GruntingReport are not conditionally related under LVH,0
RUQO2 and GruntingReport are not conditionally related under DuctFlow,0
RUQO2 and GruntingReport are not conditionally related under CardiacMixing,0
RUQO2 and GruntingReport are conditionally related under LungParench,1
RUQO2 and GruntingReport are not conditionally related under LungFlow,0
RUQO2 and GruntingReport are not conditionally related under Sick,0
RUQO2 and Age are conditionally related under BirthAsphyxia,1
RUQO2 and Age are not conditionally related under HypDistrib,0
RUQO2 and Age are not conditionally related under HypoxiaInO2,0
RUQO2 and Age are not conditionally related under CO2,0
RUQO2 and Age are not conditionally related under ChestXray,0
RUQO2 and Age are not conditionally related under Grunting,0
RUQO2 and Age are not conditionally related under LVHreport,0
RUQO2 and Age are not conditionally related under LowerBodyO2,0
RUQO2 and Age are not conditionally related under CO2Report,0
RUQO2 and Age are not conditionally related under XrayReport,0
RUQO2 and Age are conditionally related under Disease,1
RUQO2 and Age are not conditionally related under GruntingReport,0
RUQO2 and Age are not conditionally related under LVH,0
RUQO2 and Age are not conditionally related under DuctFlow,0
RUQO2 and Age are not conditionally related under CardiacMixing,0
RUQO2 and Age are not conditionally related under LungParench,0
RUQO2 and Age are not conditionally related under LungFlow,0
RUQO2 and Age are not conditionally related under Sick,0
RUQO2 and LVH are conditionally related under BirthAsphyxia,1
RUQO2 and LVH are not conditionally related under HypDistrib,0
RUQO2 and LVH are not conditionally related under HypoxiaInO2,0
RUQO2 and LVH are not conditionally related under CO2,0
RUQO2 and LVH are not conditionally related under ChestXray,0
RUQO2 and LVH are not conditionally related under Grunting,0
RUQO2 and LVH are not conditionally related under LVHreport,0
RUQO2 and LVH are not conditionally related under LowerBodyO2,0
RUQO2 and LVH are not conditionally related under CO2Report,0
RUQO2 and LVH are not conditionally related under XrayReport,0
RUQO2 and LVH are conditionally related under Disease,1
RUQO2 and LVH are not conditionally related under GruntingReport,0
RUQO2 and LVH are not conditionally related under Age,0
RUQO2 and LVH are not conditionally related under DuctFlow,0
RUQO2 and LVH are not conditionally related under CardiacMixing,0
RUQO2 and LVH are not conditionally related under LungParench,0
RUQO2 and LVH are not conditionally related under LungFlow,0
RUQO2 and LVH are not conditionally related under Sick,0
RUQO2 and DuctFlow are conditionally related under BirthAsphyxia,1
RUQO2 and DuctFlow are not conditionally related under HypDistrib,0
RUQO2 and DuctFlow are not conditionally related under HypoxiaInO2,0
RUQO2 and DuctFlow are not conditionally related under CO2,0
RUQO2 and DuctFlow are not conditionally related under ChestXray,0
RUQO2 and DuctFlow are not conditionally related under Grunting,0
RUQO2 and DuctFlow are not conditionally related under LVHreport,0
RUQO2 and DuctFlow are not conditionally related under LowerBodyO2,0
RUQO2 and DuctFlow are not conditionally related under CO2Report,0
RUQO2 and DuctFlow are not conditionally related under XrayReport,0
RUQO2 and DuctFlow are conditionally related under Disease,1
RUQO2 and DuctFlow are not conditionally related under GruntingReport,0
RUQO2 and DuctFlow are not conditionally related under Age,0
RUQO2 and DuctFlow are not conditionally related under LVH,0
RUQO2 and DuctFlow are not conditionally related under CardiacMixing,0
RUQO2 and DuctFlow are not conditionally related under LungParench,0
RUQO2 and DuctFlow are not conditionally related under LungFlow,0
RUQO2 and DuctFlow are not conditionally related under Sick,0
RUQO2 and CardiacMixing are related,1
RUQO2 and LungParench are related,1
RUQO2 and LungFlow are conditionally related under BirthAsphyxia,1
RUQO2 and LungFlow are not conditionally related under HypDistrib,0
RUQO2 and LungFlow are not conditionally related under HypoxiaInO2,0
RUQO2 and LungFlow are not conditionally related under CO2,0
RUQO2 and LungFlow are not conditionally related under ChestXray,0
RUQO2 and LungFlow are not conditionally related under Grunting,0
RUQO2 and LungFlow are not conditionally related under LVHreport,0
RUQO2 and LungFlow are not conditionally related under LowerBodyO2,0
RUQO2 and LungFlow are not conditionally related under CO2Report,0
RUQO2 and LungFlow are not conditionally related under XrayReport,0
RUQO2 and LungFlow are conditionally related under Disease,1
RUQO2 and LungFlow are not conditionally related under GruntingReport,0
RUQO2 and LungFlow are not conditionally related under Age,0
RUQO2 and LungFlow are not conditionally related under LVH,0
RUQO2 and LungFlow are not conditionally related under DuctFlow,0
RUQO2 and LungFlow are not conditionally related under CardiacMixing,0
RUQO2 and LungFlow are not conditionally related under LungParench,0
RUQO2 and LungFlow are not conditionally related under Sick,0
RUQO2 and Sick are conditionally related under BirthAsphyxia,1
RUQO2 and Sick are not conditionally related under HypDistrib,0
RUQO2 and Sick are not conditionally related under HypoxiaInO2,0
RUQO2 and Sick are not conditionally related under CO2,0
RUQO2 and Sick are not conditionally related under ChestXray,0
RUQO2 and Sick are not conditionally related under Grunting,0
RUQO2 and Sick are not conditionally related under LVHreport,0
RUQO2 and Sick are not conditionally related under LowerBodyO2,0
RUQO2 and Sick are not conditionally related under CO2Report,0
RUQO2 and Sick are not conditionally related under XrayReport,0
RUQO2 and Sick are conditionally related under Disease,1
RUQO2 and Sick are not conditionally related under GruntingReport,0
RUQO2 and Sick are not conditionally related under Age,0
RUQO2 and Sick are not conditionally related under LVH,0
RUQO2 and Sick are not conditionally related under DuctFlow,0
RUQO2 and Sick are not conditionally related under CardiacMixing,0
RUQO2 and Sick are not conditionally related under LungParench,0
RUQO2 and Sick are not conditionally related under LungFlow,0
CO2Report and BirthAsphyxia are related,1
CO2Report and HypDistrib are conditionally related under BirthAsphyxia,1
CO2Report and HypDistrib are not conditionally related under HypoxiaInO2,0
CO2Report and HypDistrib are not conditionally related under CO2,0
CO2Report and HypDistrib are not conditionally related under ChestXray,0
CO2Report and HypDistrib are not conditionally related under Grunting,0
CO2Report and HypDistrib are not conditionally related under LVHreport,0
CO2Report and HypDistrib are not conditionally related under LowerBodyO2,0
CO2Report and HypDistrib are not conditionally related under RUQO2,0
CO2Report and HypDistrib are not conditionally related under XrayReport,0
CO2Report and HypDistrib are conditionally related under Disease,1
CO2Report and HypDistrib are not conditionally related under GruntingReport,0
CO2Report and HypDistrib are not conditionally related under Age,0
CO2Report and HypDistrib are not conditionally related under LVH,0
CO2Report and HypDistrib are not conditionally related under DuctFlow,0
CO2Report and HypDistrib are not conditionally related under CardiacMixing,0
CO2Report and HypDistrib are not conditionally related under LungParench,0
CO2Report and HypDistrib are not conditionally related under LungFlow,0
CO2Report and HypDistrib are not conditionally related under Sick,0
CO2Report and HypoxiaInO2 are conditionally related under BirthAsphyxia,1
CO2Report and HypoxiaInO2 are not conditionally related under HypDistrib,0
CO2Report and HypoxiaInO2 are not conditionally related under CO2,0
CO2Report and HypoxiaInO2 are not conditionally related under ChestXray,0
CO2Report and HypoxiaInO2 are not conditionally related under Grunting,0
CO2Report and HypoxiaInO2 are not conditionally related under LVHreport,0
CO2Report and HypoxiaInO2 are not conditionally related under LowerBodyO2,0
CO2Report and HypoxiaInO2 are not conditionally related under RUQO2,0
CO2Report and HypoxiaInO2 are not conditionally related under XrayReport,0
CO2Report and HypoxiaInO2 are conditionally related under Disease,1
CO2Report and HypoxiaInO2 are not conditionally related under GruntingReport,0
CO2Report and HypoxiaInO2 are not conditionally related under Age,0
CO2Report and HypoxiaInO2 are not conditionally related under LVH,0
CO2Report and HypoxiaInO2 are not conditionally related under DuctFlow,0
CO2Report and HypoxiaInO2 are not conditionally related under CardiacMixing,0
CO2Report and HypoxiaInO2 are conditionally related under LungParench,1
CO2Report and HypoxiaInO2 are not conditionally related under LungFlow,0
CO2Report and HypoxiaInO2 are not conditionally related under Sick,0
CO2Report and CO2 are related,1
CO2Report and ChestXray are conditionally related under BirthAsphyxia,1
CO2Report and ChestXray are not conditionally related under HypDistrib,0
CO2Report and ChestXray are not conditionally related under HypoxiaInO2,0
CO2Report and ChestXray are not conditionally related under CO2,0
CO2Report and ChestXray are not conditionally related under Grunting,0
CO2Report and ChestXray are not conditionally related under LVHreport,0
CO2Report and ChestXray are not conditionally related under LowerBodyO2,0
CO2Report and ChestXray are not conditionally related under RUQO2,0
CO2Report and ChestXray are not conditionally related under XrayReport,0
CO2Report and ChestXray are conditionally related under Disease,1
CO2Report and ChestXray are not conditionally related under GruntingReport,0
CO2Report and ChestXray are not conditionally related under Age,0
CO2Report and ChestXray are not conditionally related under LVH,0
CO2Report and ChestXray are not conditionally related under DuctFlow,0
CO2Report and ChestXray are not conditionally related under CardiacMixing,0
CO2Report and ChestXray are conditionally related under LungParench,1
CO2Report and ChestXray are not conditionally related under LungFlow,0
CO2Report and ChestXray are not conditionally related under Sick,0
CO2Report and Grunting are conditionally related under BirthAsphyxia,1
CO2Report and Grunting are not conditionally related under HypDistrib,0
CO2Report and Grunting are not conditionally related under HypoxiaInO2,0
CO2Report and Grunting are not conditionally related under CO2,0
CO2Report and Grunting are not conditionally related under ChestXray,0
CO2Report and Grunting are not conditionally related under LVHreport,0
CO2Report and Grunting are not conditionally related under LowerBodyO2,0
CO2Report and Grunting are not conditionally related under RUQO2,0
CO2Report and Grunting are not conditionally related under XrayReport,0
CO2Report and Grunting are conditionally related under Disease,1
CO2Report and Grunting are not conditionally related under GruntingReport,0
CO2Report and Grunting are not conditionally related under Age,0
CO2Report and Grunting are not conditionally related under LVH,0
CO2Report and Grunting are not conditionally related under DuctFlow,0
CO2Report and Grunting are not conditionally related under CardiacMixing,0
CO2Report and Grunting are conditionally related under LungParench,1
CO2Report and Grunting are not conditionally related under LungFlow,0
CO2Report and Grunting are not conditionally related under Sick,0
CO2Report and LVHreport are conditionally related under BirthAsphyxia,1
CO2Report and LVHreport are not conditionally related under HypDistrib,0
CO2Report and LVHreport are not conditionally related under HypoxiaInO2,0
CO2Report and LVHreport are not conditionally related under CO2,0
CO2Report and LVHreport are not conditionally related under ChestXray,0
CO2Report and LVHreport are not conditionally related under Grunting,0
CO2Report and LVHreport are not conditionally related under LowerBodyO2,0
CO2Report and LVHreport are not conditionally related under RUQO2,0
CO2Report and LVHreport are not conditionally related under XrayReport,0
CO2Report and LVHreport are conditionally related under Disease,1
CO2Report and LVHreport are not conditionally related under GruntingReport,0
CO2Report and LVHreport are not conditionally related under Age,0
CO2Report and LVHreport are not conditionally related under LVH,0
CO2Report and LVHreport are not conditionally related under DuctFlow,0
CO2Report and LVHreport are not conditionally related under CardiacMixing,0
CO2Report and LVHreport are not conditionally related under LungParench,0
CO2Report and LVHreport are not conditionally related under LungFlow,0
CO2Report and LVHreport are not conditionally related under Sick,0
CO2Report and LowerBodyO2 are conditionally related under BirthAsphyxia,1
CO2Report and LowerBodyO2 are not conditionally related under HypDistrib,0
CO2Report and LowerBodyO2 are not conditionally related under HypoxiaInO2,0
CO2Report and LowerBodyO2 are not conditionally related under CO2,0
CO2Report and LowerBodyO2 are not conditionally related under ChestXray,0
CO2Report and LowerBodyO2 are not conditionally related under Grunting,0
CO2Report and LowerBodyO2 are not conditionally related under LVHreport,0
CO2Report and LowerBodyO2 are not conditionally related under RUQO2,0
CO2Report and LowerBodyO2 are not conditionally related under XrayReport,0
CO2Report and LowerBodyO2 are conditionally related under Disease,1
CO2Report and LowerBodyO2 are not conditionally related under GruntingReport,0
CO2Report and LowerBodyO2 are not conditionally related under Age,0
CO2Report and LowerBodyO2 are not conditionally related under LVH,0
CO2Report and LowerBodyO2 are not conditionally related under DuctFlow,0
CO2Report and LowerBodyO2 are not conditionally related under CardiacMixing,0
CO2Report and LowerBodyO2 are conditionally related under LungParench,1
CO2Report and LowerBodyO2 are not conditionally related under LungFlow,0
CO2Report and LowerBodyO2 are not conditionally related under Sick,0
CO2Report and RUQO2 are conditionally related under BirthAsphyxia,1
CO2Report and RUQO2 are not conditionally related under HypDistrib,0
CO2Report and RUQO2 are not conditionally related under HypoxiaInO2,0
CO2Report and RUQO2 are not conditionally related under CO2,0
CO2Report and RUQO2 are not conditionally related under ChestXray,0
CO2Report and RUQO2 are not conditionally related under Grunting,0
CO2Report and RUQO2 are not conditionally related under LVHreport,0
CO2Report and RUQO2 are not conditionally related under LowerBodyO2,0
CO2Report and RUQO2 are not conditionally related under XrayReport,0
CO2Report and RUQO2 are conditionally related under Disease,1
CO2Report and RUQO2 are not conditionally related under GruntingReport,0
CO2Report and RUQO2 are not conditionally related under Age,0
CO2Report and RUQO2 are not conditionally related under LVH,0
CO2Report and RUQO2 are not conditionally related under DuctFlow,0
CO2Report and RUQO2 are not conditionally related under CardiacMixing,0
CO2Report and RUQO2 are conditionally related under LungParench,1
CO2Report and RUQO2 are not conditionally related under LungFlow,0
CO2Report and RUQO2 are not conditionally related under Sick,0
CO2Report and XrayReport are conditionally related under BirthAsphyxia,1
CO2Report and XrayReport are not conditionally related under HypDistrib,0
CO2Report and XrayReport are not conditionally related under HypoxiaInO2,0
CO2Report and XrayReport are not conditionally related under CO2,0
CO2Report and XrayReport are not conditionally related under ChestXray,0
CO2Report and XrayReport are not conditionally related under Grunting,0
CO2Report and XrayReport are not conditionally related under LVHreport,0
CO2Report and XrayReport are not conditionally related under LowerBodyO2,0
CO2Report and XrayReport are not conditionally related under RUQO2,0
CO2Report and XrayReport are conditionally related under Disease,1
CO2Report and XrayReport are not conditionally related under GruntingReport,0
CO2Report and XrayReport are not conditionally related under Age,0
CO2Report and XrayReport are not conditionally related under LVH,0
CO2Report and XrayReport are not conditionally related under DuctFlow,0
CO2Report and XrayReport are not conditionally related under CardiacMixing,0
CO2Report and XrayReport are conditionally related under LungParench,1
CO2Report and XrayReport are not conditionally related under LungFlow,0
CO2Report and XrayReport are not conditionally related under Sick,0
CO2Report and Disease are related,1
CO2Report and GruntingReport are conditionally related under BirthAsphyxia,1
CO2Report and GruntingReport are not conditionally related under HypDistrib,0
CO2Report and GruntingReport are not conditionally related under HypoxiaInO2,0
CO2Report and GruntingReport are not conditionally related under CO2,0
CO2Report and GruntingReport are not conditionally related under ChestXray,0
CO2Report and GruntingReport are not conditionally related under Grunting,0
CO2Report and GruntingReport are not conditionally related under LVHreport,0
CO2Report and GruntingReport are not conditionally related under LowerBodyO2,0
CO2Report and GruntingReport are not conditionally related under RUQO2,0
CO2Report and GruntingReport are not conditionally related under XrayReport,0
CO2Report and GruntingReport are conditionally related under Disease,1
CO2Report and GruntingReport are not conditionally related under Age,0
CO2Report and GruntingReport are not conditionally related under LVH,0
CO2Report and GruntingReport are not conditionally related under DuctFlow,0
CO2Report and GruntingReport are not conditionally related under CardiacMixing,0
CO2Report and GruntingReport are conditionally related under LungParench,1
CO2Report and GruntingReport are not conditionally related under LungFlow,0
CO2Report and GruntingReport are not conditionally related under Sick,0
CO2Report and Age are conditionally related under BirthAsphyxia,1
CO2Report and Age are not conditionally related under HypDistrib,0
CO2Report and Age are not conditionally related under HypoxiaInO2,0
CO2Report and Age are not conditionally related under CO2,0
CO2Report and Age are not conditionally related under ChestXray,0
CO2Report and Age are not conditionally related under Grunting,0
CO2Report and Age are not conditionally related under LVHreport,0
CO2Report and Age are not conditionally related under LowerBodyO2,0
CO2Report and Age are not conditionally related under RUQO2,0
CO2Report and Age are not conditionally related under XrayReport,0
CO2Report and Age are conditionally related under Disease,1
CO2Report and Age are not conditionally related under GruntingReport,0
CO2Report and Age are not conditionally related under LVH,0
CO2Report and Age are not conditionally related under DuctFlow,0
CO2Report and Age are not conditionally related under CardiacMixing,0
CO2Report and Age are not conditionally related under LungParench,0
CO2Report and Age are not conditionally related under LungFlow,0
CO2Report and Age are not conditionally related under Sick,0
CO2Report and LVH are conditionally related under BirthAsphyxia,1
CO2Report and LVH are not conditionally related under HypDistrib,0
CO2Report and LVH are not conditionally related under HypoxiaInO2,0
CO2Report and LVH are not conditionally related under CO2,0
CO2Report and LVH are not conditionally related under ChestXray,0
CO2Report and LVH are not conditionally related under Grunting,0
CO2Report and LVH are not conditionally related under LVHreport,0
CO2Report and LVH are not conditionally related under LowerBodyO2,0
CO2Report and LVH are not conditionally related under RUQO2,0
CO2Report and LVH are not conditionally related under XrayReport,0
CO2Report and LVH are conditionally related under Disease,1
CO2Report and LVH are not conditionally related under GruntingReport,0
CO2Report and LVH are not conditionally related under Age,0
CO2Report and LVH are not conditionally related under DuctFlow,0
CO2Report and LVH are not conditionally related under CardiacMixing,0
CO2Report and LVH are not conditionally related under LungParench,0
CO2Report and LVH are not conditionally related under LungFlow,0
CO2Report and LVH are not conditionally related under Sick,0
CO2Report and DuctFlow are conditionally related under BirthAsphyxia,1
CO2Report and DuctFlow are not conditionally related under HypDistrib,0
CO2Report and DuctFlow are not conditionally related under HypoxiaInO2,0
CO2Report and DuctFlow are not conditionally related under CO2,0
CO2Report and DuctFlow are not conditionally related under ChestXray,0
CO2Report and DuctFlow are not conditionally related under Grunting,0
CO2Report and DuctFlow are not conditionally related under LVHreport,0
CO2Report and DuctFlow are not conditionally related under LowerBodyO2,0
CO2Report and DuctFlow are not conditionally related under RUQO2,0
CO2Report and DuctFlow are not conditionally related under XrayReport,0
CO2Report and DuctFlow are conditionally related under Disease,1
CO2Report and DuctFlow are not conditionally related under GruntingReport,0
CO2Report and DuctFlow are not conditionally related under Age,0
CO2Report and DuctFlow are not conditionally related under LVH,0
CO2Report and DuctFlow are not conditionally related under CardiacMixing,0
CO2Report and DuctFlow are not conditionally related under LungParench,0
CO2Report and DuctFlow are not conditionally related under LungFlow,0
CO2Report and DuctFlow are not conditionally related under Sick,0
CO2Report and CardiacMixing are conditionally related under BirthAsphyxia,1
CO2Report and CardiacMixing are not conditionally related under HypDistrib,0
CO2Report and CardiacMixing are not conditionally related under HypoxiaInO2,0
CO2Report and CardiacMixing are not conditionally related under CO2,0
CO2Report and CardiacMixing are not conditionally related under ChestXray,0
CO2Report and CardiacMixing are not conditionally related under Grunting,0
CO2Report and CardiacMixing are not conditionally related under LVHreport,0
CO2Report and CardiacMixing are not conditionally related under LowerBodyO2,0
CO2Report and CardiacMixing are not conditionally related under RUQO2,0
CO2Report and CardiacMixing are not conditionally related under XrayReport,0
CO2Report and CardiacMixing are conditionally related under Disease,1
CO2Report and CardiacMixing are not conditionally related under GruntingReport,0
CO2Report and CardiacMixing are not conditionally related under Age,0
CO2Report and CardiacMixing are not conditionally related under LVH,0
CO2Report and CardiacMixing are not conditionally related under DuctFlow,0
CO2Report and CardiacMixing are not conditionally related under LungParench,0
CO2Report and CardiacMixing are not conditionally related under LungFlow,0
CO2Report and CardiacMixing are not conditionally related under Sick,0
CO2Report and LungParench are related,1
CO2Report and LungFlow are conditionally related under BirthAsphyxia,1
CO2Report and LungFlow are not conditionally related under HypDistrib,0
CO2Report and LungFlow are not conditionally related under HypoxiaInO2,0
CO2Report and LungFlow are not conditionally related under CO2,0
CO2Report and LungFlow are not conditionally related under ChestXray,0
CO2Report and LungFlow are not conditionally related under Grunting,0
CO2Report and LungFlow are not conditionally related under LVHreport,0
CO2Report and LungFlow are not conditionally related under LowerBodyO2,0
CO2Report and LungFlow are not conditionally related under RUQO2,0
CO2Report and LungFlow are not conditionally related under XrayReport,0
CO2Report and LungFlow are conditionally related under Disease,1
CO2Report and LungFlow are not conditionally related under GruntingReport,0
CO2Report and LungFlow are not conditionally related under Age,0
CO2Report and LungFlow are not conditionally related under LVH,0
CO2Report and LungFlow are not conditionally related under DuctFlow,0
CO2Report and LungFlow are not conditionally related under CardiacMixing,0
CO2Report and LungFlow are not conditionally related under LungParench,0
CO2Report and LungFlow are not conditionally related under Sick,0
CO2Report and Sick are conditionally related under BirthAsphyxia,1
CO2Report and Sick are not conditionally related under HypDistrib,0
CO2Report and Sick are not conditionally related under HypoxiaInO2,0
CO2Report and Sick are not conditionally related under CO2,0
CO2Report and Sick are not conditionally related under ChestXray,0
CO2Report and Sick are not conditionally related under Grunting,0
CO2Report and Sick are not conditionally related under LVHreport,0
CO2Report and Sick are not conditionally related under LowerBodyO2,0
CO2Report and Sick are not conditionally related under RUQO2,0
CO2Report and Sick are not conditionally related under XrayReport,0
CO2Report and Sick are conditionally related under Disease,1
CO2Report and Sick are not conditionally related under GruntingReport,0
CO2Report and Sick are not conditionally related under Age,0
CO2Report and Sick are not conditionally related under LVH,0
CO2Report and Sick are not conditionally related under DuctFlow,0
CO2Report and Sick are not conditionally related under CardiacMixing,0
CO2Report and Sick are not conditionally related under LungParench,0
CO2Report and Sick are not conditionally related under LungFlow,0
XrayReport and BirthAsphyxia are related,1
XrayReport and HypDistrib are conditionally related under BirthAsphyxia,1
XrayReport and HypDistrib are not conditionally related under HypoxiaInO2,0
XrayReport and HypDistrib are not conditionally related under CO2,0
XrayReport and HypDistrib are not conditionally related under ChestXray,0
XrayReport and HypDistrib are not conditionally related under Grunting,0
XrayReport and HypDistrib are not conditionally related under LVHreport,0
XrayReport and HypDistrib are not conditionally related under LowerBodyO2,0
XrayReport and HypDistrib are not conditionally related under RUQO2,0
XrayReport and HypDistrib are not conditionally related under CO2Report,0
XrayReport and HypDistrib are conditionally related under Disease,1
XrayReport and HypDistrib are not conditionally related under GruntingReport,0
XrayReport and HypDistrib are not conditionally related under Age,0
XrayReport and HypDistrib are not conditionally related under LVH,0
XrayReport and HypDistrib are not conditionally related under DuctFlow,0
XrayReport and HypDistrib are not conditionally related under CardiacMixing,0
XrayReport and HypDistrib are not conditionally related under LungParench,0
XrayReport and HypDistrib are not conditionally related under LungFlow,0
XrayReport and HypDistrib are not conditionally related under Sick,0
XrayReport and HypoxiaInO2 are conditionally related under BirthAsphyxia,1
XrayReport and HypoxiaInO2 are not conditionally related under HypDistrib,0
XrayReport and HypoxiaInO2 are not conditionally related under CO2,0
XrayReport and HypoxiaInO2 are not conditionally related under ChestXray,0
XrayReport and HypoxiaInO2 are not conditionally related under Grunting,0
XrayReport and HypoxiaInO2 are not conditionally related under LVHreport,0
XrayReport and HypoxiaInO2 are not conditionally related under LowerBodyO2,0
XrayReport and HypoxiaInO2 are not conditionally related under RUQO2,0
XrayReport and HypoxiaInO2 are not conditionally related under CO2Report,0
XrayReport and HypoxiaInO2 are conditionally related under Disease,1
XrayReport and HypoxiaInO2 are not conditionally related under GruntingReport,0
XrayReport and HypoxiaInO2 are not conditionally related under Age,0
XrayReport and HypoxiaInO2 are not conditionally related under LVH,0
XrayReport and HypoxiaInO2 are not conditionally related under DuctFlow,0
XrayReport and HypoxiaInO2 are not conditionally related under CardiacMixing,0
XrayReport and HypoxiaInO2 are conditionally related under LungParench,1
XrayReport and HypoxiaInO2 are not conditionally related under LungFlow,0
XrayReport and HypoxiaInO2 are not conditionally related under Sick,0
XrayReport and CO2 are conditionally related under BirthAsphyxia,1
XrayReport and CO2 are not conditionally related under HypDistrib,0
XrayReport and CO2 are not conditionally related under HypoxiaInO2,0
XrayReport and CO2 are not conditionally related under ChestXray,0
XrayReport and CO2 are not conditionally related under Grunting,0
XrayReport and CO2 are not conditionally related under LVHreport,0
XrayReport and CO2 are not conditionally related under LowerBodyO2,0
XrayReport and CO2 are not conditionally related under RUQO2,0
XrayReport and CO2 are not conditionally related under CO2Report,0
XrayReport and CO2 are conditionally related under Disease,1
XrayReport and CO2 are not conditionally related under GruntingReport,0
XrayReport and CO2 are not conditionally related under Age,0
XrayReport and CO2 are not conditionally related under LVH,0
XrayReport and CO2 are not conditionally related under DuctFlow,0
XrayReport and CO2 are not conditionally related under CardiacMixing,0
XrayReport and CO2 are conditionally related under LungParench,1
XrayReport and CO2 are not conditionally related under LungFlow,0
XrayReport and CO2 are not conditionally related under Sick,0
XrayReport and ChestXray are related,1
XrayReport and Grunting are conditionally related under BirthAsphyxia,1
XrayReport and Grunting are not conditionally related under HypDistrib,0
XrayReport and Grunting are not conditionally related under HypoxiaInO2,0
XrayReport and Grunting are not conditionally related under CO2,0
XrayReport and Grunting are not conditionally related under ChestXray,0
XrayReport and Grunting are not conditionally related under LVHreport,0
XrayReport and Grunting are not conditionally related under LowerBodyO2,0
XrayReport and Grunting are not conditionally related under RUQO2,0
XrayReport and Grunting are not conditionally related under CO2Report,0
XrayReport and Grunting are conditionally related under Disease,1
XrayReport and Grunting are not conditionally related under GruntingReport,0
XrayReport and Grunting are not conditionally related under Age,0
XrayReport and Grunting are not conditionally related under LVH,0
XrayReport and Grunting are not conditionally related under DuctFlow,0
XrayReport and Grunting are not conditionally related under CardiacMixing,0
XrayReport and Grunting are conditionally related under LungParench,1
XrayReport and Grunting are not conditionally related under LungFlow,0
XrayReport and Grunting are not conditionally related under Sick,0
XrayReport and LVHreport are conditionally related under BirthAsphyxia,1
XrayReport and LVHreport are not conditionally related under HypDistrib,0
XrayReport and LVHreport are not conditionally related under HypoxiaInO2,0
XrayReport and LVHreport are not conditionally related under CO2,0
XrayReport and LVHreport are not conditionally related under ChestXray,0
XrayReport and LVHreport are not conditionally related under Grunting,0
XrayReport and LVHreport are not conditionally related under LowerBodyO2,0
XrayReport and LVHreport are not conditionally related under RUQO2,0
XrayReport and LVHreport are not conditionally related under CO2Report,0
XrayReport and LVHreport are conditionally related under Disease,1
XrayReport and LVHreport are not conditionally related under GruntingReport,0
XrayReport and LVHreport are not conditionally related under Age,0
XrayReport and LVHreport are not conditionally related under LVH,0
XrayReport and LVHreport are not conditionally related under DuctFlow,0
XrayReport and LVHreport are not conditionally related under CardiacMixing,0
XrayReport and LVHreport are not conditionally related under LungParench,0
XrayReport and LVHreport are not conditionally related under LungFlow,0
XrayReport and LVHreport are not conditionally related under Sick,0
XrayReport and LowerBodyO2 are conditionally related under BirthAsphyxia,1
XrayReport and LowerBodyO2 are not conditionally related under HypDistrib,0
XrayReport and LowerBodyO2 are not conditionally related under HypoxiaInO2,0
XrayReport and LowerBodyO2 are not conditionally related under CO2,0
XrayReport and LowerBodyO2 are not conditionally related under ChestXray,0
XrayReport and LowerBodyO2 are not conditionally related under Grunting,0
XrayReport and LowerBodyO2 are not conditionally related under LVHreport,0
XrayReport and LowerBodyO2 are not conditionally related under RUQO2,0
XrayReport and LowerBodyO2 are not conditionally related under CO2Report,0
XrayReport and LowerBodyO2 are conditionally related under Disease,1
XrayReport and LowerBodyO2 are not conditionally related under GruntingReport,0
XrayReport and LowerBodyO2 are not conditionally related under Age,0
XrayReport and LowerBodyO2 are not conditionally related under LVH,0
XrayReport and LowerBodyO2 are not conditionally related under DuctFlow,0
XrayReport and LowerBodyO2 are not conditionally related under CardiacMixing,0
XrayReport and LowerBodyO2 are conditionally related under LungParench,1
XrayReport and LowerBodyO2 are not conditionally related under LungFlow,0
XrayReport and LowerBodyO2 are not conditionally related under Sick,0
XrayReport and RUQO2 are conditionally related under BirthAsphyxia,1
XrayReport and RUQO2 are not conditionally related under HypDistrib,0
XrayReport and RUQO2 are not conditionally related under HypoxiaInO2,0
XrayReport and RUQO2 are not conditionally related under CO2,0
XrayReport and RUQO2 are not conditionally related under ChestXray,0
XrayReport and RUQO2 are not conditionally related under Grunting,0
XrayReport and RUQO2 are not conditionally related under LVHreport,0
XrayReport and RUQO2 are not conditionally related under LowerBodyO2,0
XrayReport and RUQO2 are not conditionally related under CO2Report,0
XrayReport and RUQO2 are conditionally related under Disease,1
XrayReport and RUQO2 are not conditionally related under GruntingReport,0
XrayReport and RUQO2 are not conditionally related under Age,0
XrayReport and RUQO2 are not conditionally related under LVH,0
XrayReport and RUQO2 are not conditionally related under DuctFlow,0
XrayReport and RUQO2 are not conditionally related under CardiacMixing,0
XrayReport and RUQO2 are conditionally related under LungParench,1
XrayReport and RUQO2 are not conditionally related under LungFlow,0
XrayReport and RUQO2 are not conditionally related under Sick,0
XrayReport and CO2Report are conditionally related under BirthAsphyxia,1
XrayReport and CO2Report are not conditionally related under HypDistrib,0
XrayReport and CO2Report are not conditionally related under HypoxiaInO2,0
XrayReport and CO2Report are not conditionally related under CO2,0
XrayReport and CO2Report are not conditionally related under ChestXray,0
XrayReport and CO2Report are not conditionally related under Grunting,0
XrayReport and CO2Report are not conditionally related under LVHreport,0
XrayReport and CO2Report are not conditionally related under LowerBodyO2,0
XrayReport and CO2Report are not conditionally related under RUQO2,0
XrayReport and CO2Report are conditionally related under Disease,1
XrayReport and CO2Report are not conditionally related under GruntingReport,0
XrayReport and CO2Report are not conditionally related under Age,0
XrayReport and CO2Report are not conditionally related under LVH,0
XrayReport and CO2Report are not conditionally related under DuctFlow,0
XrayReport and CO2Report are not conditionally related under CardiacMixing,0
XrayReport and CO2Report are conditionally related under LungParench,1
XrayReport and CO2Report are not conditionally related under LungFlow,0
XrayReport and CO2Report are not conditionally related under Sick,0
XrayReport and Disease are related,1
XrayReport and GruntingReport are conditionally related under BirthAsphyxia,1
XrayReport and GruntingReport are not conditionally related under HypDistrib,0
XrayReport and GruntingReport are not conditionally related under HypoxiaInO2,0
XrayReport and GruntingReport are not conditionally related under CO2,0
XrayReport and GruntingReport are not conditionally related under ChestXray,0
XrayReport and GruntingReport are not conditionally related under Grunting,0
XrayReport and GruntingReport are not conditionally related under LVHreport,0
XrayReport and GruntingReport are not conditionally related under LowerBodyO2,0
XrayReport and GruntingReport are not conditionally related under RUQO2,0
XrayReport and GruntingReport are not conditionally related under CO2Report,0
XrayReport and GruntingReport are conditionally related under Disease,1
XrayReport and GruntingReport are not conditionally related under Age,0
XrayReport and GruntingReport are not conditionally related under LVH,0
XrayReport and GruntingReport are not conditionally related under DuctFlow,0
XrayReport and GruntingReport are not conditionally related under CardiacMixing,0
XrayReport and GruntingReport are conditionally related under LungParench,1
XrayReport and GruntingReport are not conditionally related under LungFlow,0
XrayReport and GruntingReport are not conditionally related under Sick,0
XrayReport and Age are conditionally related under BirthAsphyxia,1
XrayReport and Age are not conditionally related under HypDistrib,0
XrayReport and Age are not conditionally related under HypoxiaInO2,0
XrayReport and Age are not conditionally related under CO2,0
XrayReport and Age are not conditionally related under ChestXray,0
XrayReport and Age are not conditionally related under Grunting,0
XrayReport and Age are not conditionally related under LVHreport,0
XrayReport and Age are not conditionally related under LowerBodyO2,0
XrayReport and Age are not conditionally related under RUQO2,0
XrayReport and Age are not conditionally related under CO2Report,0
XrayReport and Age are conditionally related under Disease,1
XrayReport and Age are not conditionally related under GruntingReport,0
XrayReport and Age are not conditionally related under LVH,0
XrayReport and Age are not conditionally related under DuctFlow,0
XrayReport and Age are not conditionally related under CardiacMixing,0
XrayReport and Age are not conditionally related under LungParench,0
XrayReport and Age are not conditionally related under LungFlow,0
XrayReport and Age are not conditionally related under Sick,0
XrayReport and LVH are conditionally related under BirthAsphyxia,1
XrayReport and LVH are not conditionally related under HypDistrib,0
XrayReport and LVH are not conditionally related under HypoxiaInO2,0
XrayReport and LVH are not conditionally related under CO2,0
XrayReport and LVH are not conditionally related under ChestXray,0
XrayReport and LVH are not conditionally related under Grunting,0
XrayReport and LVH are not conditionally related under LVHreport,0
XrayReport and LVH are not conditionally related under LowerBodyO2,0
XrayReport and LVH are not conditionally related under RUQO2,0
XrayReport and LVH are not conditionally related under CO2Report,0
XrayReport and LVH are conditionally related under Disease,1
XrayReport and LVH are not conditionally related under GruntingReport,0
XrayReport and LVH are not conditionally related under Age,0
XrayReport and LVH are not conditionally related under DuctFlow,0
XrayReport and LVH are not conditionally related under CardiacMixing,0
XrayReport and LVH are not conditionally related under LungParench,0
XrayReport and LVH are not conditionally related under LungFlow,0
XrayReport and LVH are not conditionally related under Sick,0
XrayReport and DuctFlow are conditionally related under BirthAsphyxia,1
XrayReport and DuctFlow are not conditionally related under HypDistrib,0
XrayReport and DuctFlow are not conditionally related under HypoxiaInO2,0
XrayReport and DuctFlow are not conditionally related under CO2,0
XrayReport and DuctFlow are not conditionally related under ChestXray,0
XrayReport and DuctFlow are not conditionally related under Grunting,0
XrayReport and DuctFlow are not conditionally related under LVHreport,0
XrayReport and DuctFlow are not conditionally related under LowerBodyO2,0
XrayReport and DuctFlow are not conditionally related under RUQO2,0
XrayReport and DuctFlow are not conditionally related under CO2Report,0
XrayReport and DuctFlow are conditionally related under Disease,1
XrayReport and DuctFlow are not conditionally related under GruntingReport,0
XrayReport and DuctFlow are not conditionally related under Age,0
XrayReport and DuctFlow are not conditionally related under LVH,0
XrayReport and DuctFlow are not conditionally related under CardiacMixing,0
XrayReport and DuctFlow are not conditionally related under LungParench,0
XrayReport and DuctFlow are not conditionally related under LungFlow,0
XrayReport and DuctFlow are not conditionally related under Sick,0
XrayReport and CardiacMixing are conditionally related under BirthAsphyxia,1
XrayReport and CardiacMixing are not conditionally related under HypDistrib,0
XrayReport and CardiacMixing are not conditionally related under HypoxiaInO2,0
XrayReport and CardiacMixing are not conditionally related under CO2,0
XrayReport and CardiacMixing are not conditionally related under ChestXray,0
XrayReport and CardiacMixing are not conditionally related under Grunting,0
XrayReport and CardiacMixing are not conditionally related under LVHreport,0
XrayReport and CardiacMixing are not conditionally related under LowerBodyO2,0
XrayReport and CardiacMixing are not conditionally related under RUQO2,0
XrayReport and CardiacMixing are not conditionally related under CO2Report,0
XrayReport and CardiacMixing are conditionally related under Disease,1
XrayReport and CardiacMixing are not conditionally related under GruntingReport,0
XrayReport and CardiacMixing are not conditionally related under Age,0
XrayReport and CardiacMixing are not conditionally related under LVH,0
XrayReport and CardiacMixing are not conditionally related under DuctFlow,0
XrayReport and CardiacMixing are not conditionally related under LungParench,0
XrayReport and CardiacMixing are not conditionally related under LungFlow,0
XrayReport and CardiacMixing are not conditionally related under Sick,0
XrayReport and LungParench are related,1
XrayReport and LungFlow are related,1
XrayReport and Sick are conditionally related under BirthAsphyxia,1
XrayReport and Sick are not conditionally related under HypDistrib,0
XrayReport and Sick are not conditionally related under HypoxiaInO2,0
XrayReport and Sick are not conditionally related under CO2,0
XrayReport and Sick are not conditionally related under ChestXray,0
XrayReport and Sick are not conditionally related under Grunting,0
XrayReport and Sick are not conditionally related under LVHreport,0
XrayReport and Sick are not conditionally related under LowerBodyO2,0
XrayReport and Sick are not conditionally related under RUQO2,0
XrayReport and Sick are not conditionally related under CO2Report,0
XrayReport and Sick are conditionally related under Disease,1
XrayReport and Sick are not conditionally related under GruntingReport,0
XrayReport and Sick are not conditionally related under Age,0
XrayReport and Sick are not conditionally related under LVH,0
XrayReport and Sick are not conditionally related under DuctFlow,0
XrayReport and Sick are not conditionally related under CardiacMixing,0
XrayReport and Sick are not conditionally related under LungParench,0
XrayReport and Sick are not conditionally related under LungFlow,0
Disease and BirthAsphyxia are related,1
Disease and HypDistrib are related,1
Disease and HypoxiaInO2 are related,1
Disease and CO2 are related,1
Disease and ChestXray are related,1
Disease and Grunting are related,1
Disease and LVHreport are related,1
Disease and LowerBodyO2 are related,1
Disease and RUQO2 are related,1
Disease and CO2Report are related,1
Disease and XrayReport are related,1
Disease and GruntingReport are related,1
Disease and Age are related,1
Disease and LVH are related,1
Disease and DuctFlow are related,1
Disease and CardiacMixing are related,1
Disease and LungParench are related,1
Disease and LungFlow are related,1
Disease and Sick are related,1
GruntingReport and BirthAsphyxia are related,1
GruntingReport and HypDistrib are conditionally related under BirthAsphyxia,1
GruntingReport and HypDistrib are not conditionally related under HypoxiaInO2,0
GruntingReport and HypDistrib are not conditionally related under CO2,0
GruntingReport and HypDistrib are not conditionally related under ChestXray,0
GruntingReport and HypDistrib are not conditionally related under Grunting,0
GruntingReport and HypDistrib are not conditionally related under LVHreport,0
GruntingReport and HypDistrib are not conditionally related under LowerBodyO2,0
GruntingReport and HypDistrib are not conditionally related under RUQO2,0
GruntingReport and HypDistrib are not conditionally related under CO2Report,0
GruntingReport and HypDistrib are not conditionally related under XrayReport,0
GruntingReport and HypDistrib are conditionally related under Disease,1
GruntingReport and HypDistrib are not conditionally related under Age,0
GruntingReport and HypDistrib are not conditionally related under LVH,0
GruntingReport and HypDistrib are not conditionally related under DuctFlow,0
GruntingReport and HypDistrib are not conditionally related under CardiacMixing,0
GruntingReport and HypDistrib are not conditionally related under LungParench,0
GruntingReport and HypDistrib are not conditionally related under LungFlow,0
GruntingReport and HypDistrib are not conditionally related under Sick,0
GruntingReport and HypoxiaInO2 are conditionally related under BirthAsphyxia,1
GruntingReport and HypoxiaInO2 are not conditionally related under HypDistrib,0
GruntingReport and HypoxiaInO2 are not conditionally related under CO2,0
GruntingReport and HypoxiaInO2 are not conditionally related under ChestXray,0
GruntingReport and HypoxiaInO2 are not conditionally related under Grunting,0
GruntingReport and HypoxiaInO2 are not conditionally related under LVHreport,0
GruntingReport and HypoxiaInO2 are not conditionally related under LowerBodyO2,0
GruntingReport and HypoxiaInO2 are not conditionally related under RUQO2,0
GruntingReport and HypoxiaInO2 are not conditionally related under CO2Report,0
GruntingReport and HypoxiaInO2 are not conditionally related under XrayReport,0
GruntingReport and HypoxiaInO2 are conditionally related under Disease,1
GruntingReport and HypoxiaInO2 are not conditionally related under Age,0
GruntingReport and HypoxiaInO2 are not conditionally related under LVH,0
GruntingReport and HypoxiaInO2 are not conditionally related under DuctFlow,0
GruntingReport and HypoxiaInO2 are not conditionally related under CardiacMixing,0
GruntingReport and HypoxiaInO2 are conditionally related under LungParench,1
GruntingReport and HypoxiaInO2 are not conditionally related under LungFlow,0
GruntingReport and HypoxiaInO2 are not conditionally related under Sick,0
GruntingReport and CO2 are conditionally related under BirthAsphyxia,1
GruntingReport and CO2 are not conditionally related under HypDistrib,0
GruntingReport and CO2 are not conditionally related under HypoxiaInO2,0
GruntingReport and CO2 are not conditionally related under ChestXray,0
GruntingReport and CO2 are not conditionally related under Grunting,0
GruntingReport and CO2 are not conditionally related under LVHreport,0
GruntingReport and CO2 are not conditionally related under LowerBodyO2,0
GruntingReport and CO2 are not conditionally related under RUQO2,0
GruntingReport and CO2 are not conditionally related under CO2Report,0
GruntingReport and CO2 are not conditionally related under XrayReport,0
GruntingReport and CO2 are conditionally related under Disease,1
GruntingReport and CO2 are not conditionally related under Age,0
GruntingReport and CO2 are not conditionally related under LVH,0
GruntingReport and CO2 are not conditionally related under DuctFlow,0
GruntingReport and CO2 are not conditionally related under CardiacMixing,0
GruntingReport and CO2 are conditionally related under LungParench,1
GruntingReport and CO2 are not conditionally related under LungFlow,0
GruntingReport and CO2 are not conditionally related under Sick,0
GruntingReport and ChestXray are conditionally related under BirthAsphyxia,1
GruntingReport and ChestXray are not conditionally related under HypDistrib,0
GruntingReport and ChestXray are not conditionally related under HypoxiaInO2,0
GruntingReport and ChestXray are not conditionally related under CO2,0
GruntingReport and ChestXray are not conditionally related under Grunting,0
GruntingReport and ChestXray are not conditionally related under LVHreport,0
GruntingReport and ChestXray are not conditionally related under LowerBodyO2,0
GruntingReport and ChestXray are not conditionally related under RUQO2,0
GruntingReport and ChestXray are not conditionally related under CO2Report,0
GruntingReport and ChestXray are not conditionally related under XrayReport,0
GruntingReport and ChestXray are conditionally related under Disease,1
GruntingReport and ChestXray are not conditionally related under Age,0
GruntingReport and ChestXray are not conditionally related under LVH,0
GruntingReport and ChestXray are not conditionally related under DuctFlow,0
GruntingReport and ChestXray are not conditionally related under CardiacMixing,0
GruntingReport and ChestXray are conditionally related under LungParench,1
GruntingReport and ChestXray are not conditionally related under LungFlow,0
GruntingReport and ChestXray are not conditionally related under Sick,0
GruntingReport and Grunting are related,1
GruntingReport and LVHreport are conditionally related under BirthAsphyxia,1
GruntingReport and LVHreport are not conditionally related under HypDistrib,0
GruntingReport and LVHreport are not conditionally related under HypoxiaInO2,0
GruntingReport and LVHreport are not conditionally related under CO2,0
GruntingReport and LVHreport are not conditionally related under ChestXray,0
GruntingReport and LVHreport are not conditionally related under Grunting,0
GruntingReport and LVHreport are not conditionally related under LowerBodyO2,0
GruntingReport and LVHreport are not conditionally related under RUQO2,0
GruntingReport and LVHreport are not conditionally related under CO2Report,0
GruntingReport and LVHreport are not conditionally related under XrayReport,0
GruntingReport and LVHreport are conditionally related under Disease,1
GruntingReport and LVHreport are not conditionally related under Age,0
GruntingReport and LVHreport are not conditionally related under LVH,0
GruntingReport and LVHreport are not conditionally related under DuctFlow,0
GruntingReport and LVHreport are not conditionally related under CardiacMixing,0
GruntingReport and LVHreport are not conditionally related under LungParench,0
GruntingReport and LVHreport are not conditionally related under LungFlow,0
GruntingReport and LVHreport are not conditionally related under Sick,0
GruntingReport and LowerBodyO2 are conditionally related under BirthAsphyxia,1
GruntingReport and LowerBodyO2 are not conditionally related under HypDistrib,0
GruntingReport and LowerBodyO2 are not conditionally related under HypoxiaInO2,0
GruntingReport and LowerBodyO2 are not conditionally related under CO2,0
GruntingReport and LowerBodyO2 are not conditionally related under ChestXray,0
GruntingReport and LowerBodyO2 are not conditionally related under Grunting,0
GruntingReport and LowerBodyO2 are not conditionally related under LVHreport,0
GruntingReport and LowerBodyO2 are not conditionally related under RUQO2,0
GruntingReport and LowerBodyO2 are not conditionally related under CO2Report,0
GruntingReport and LowerBodyO2 are not conditionally related under XrayReport,0
GruntingReport and LowerBodyO2 are conditionally related under Disease,1
GruntingReport and LowerBodyO2 are not conditionally related under Age,0
GruntingReport and LowerBodyO2 are not conditionally related under LVH,0
GruntingReport and LowerBodyO2 are not conditionally related under DuctFlow,0
GruntingReport and LowerBodyO2 are not conditionally related under CardiacMixing,0
GruntingReport and LowerBodyO2 are conditionally related under LungParench,1
GruntingReport and LowerBodyO2 are not conditionally related under LungFlow,0
GruntingReport and LowerBodyO2 are not conditionally related under Sick,0
GruntingReport and RUQO2 are conditionally related under BirthAsphyxia,1
GruntingReport and RUQO2 are not conditionally related under HypDistrib,0
GruntingReport and RUQO2 are not conditionally related under HypoxiaInO2,0
GruntingReport and RUQO2 are not conditionally related under CO2,0
GruntingReport and RUQO2 are not conditionally related under ChestXray,0
GruntingReport and RUQO2 are not conditionally related under Grunting,0
GruntingReport and RUQO2 are not conditionally related under LVHreport,0
GruntingReport and RUQO2 are not conditionally related under LowerBodyO2,0
GruntingReport and RUQO2 are not conditionally related under CO2Report,0
GruntingReport and RUQO2 are not conditionally related under XrayReport,0
GruntingReport and RUQO2 are conditionally related under Disease,1
GruntingReport and RUQO2 are not conditionally related under Age,0
GruntingReport and RUQO2 are not conditionally related under LVH,0
GruntingReport and RUQO2 are not conditionally related under DuctFlow,0
GruntingReport and RUQO2 are not conditionally related under CardiacMixing,0
GruntingReport and RUQO2 are conditionally related under LungParench,1
GruntingReport and RUQO2 are not conditionally related under LungFlow,0
GruntingReport and RUQO2 are not conditionally related under Sick,0
GruntingReport and CO2Report are conditionally related under BirthAsphyxia,1
GruntingReport and CO2Report are not conditionally related under HypDistrib,0
GruntingReport and CO2Report are not conditionally related under HypoxiaInO2,0
GruntingReport and CO2Report are not conditionally related under CO2,0
GruntingReport and CO2Report are not conditionally related under ChestXray,0
GruntingReport and CO2Report are not conditionally related under Grunting,0
GruntingReport and CO2Report are not conditionally related under LVHreport,0
GruntingReport and CO2Report are not conditionally related under LowerBodyO2,0
GruntingReport and CO2Report are not conditionally related under RUQO2,0
GruntingReport and CO2Report are not conditionally related under XrayReport,0
GruntingReport and CO2Report are conditionally related under Disease,1
GruntingReport and CO2Report are not conditionally related under Age,0
GruntingReport and CO2Report are not conditionally related under LVH,0
GruntingReport and CO2Report are not conditionally related under DuctFlow,0
GruntingReport and CO2Report are not conditionally related under CardiacMixing,0
GruntingReport and CO2Report are conditionally related under LungParench,1
GruntingReport and CO2Report are not conditionally related under LungFlow,0
GruntingReport and CO2Report are not conditionally related under Sick,0
GruntingReport and XrayReport are conditionally related under BirthAsphyxia,1
GruntingReport and XrayReport are not conditionally related under HypDistrib,0
GruntingReport and XrayReport are not conditionally related under HypoxiaInO2,0
GruntingReport and XrayReport are not conditionally related under CO2,0
GruntingReport and XrayReport are not conditionally related under ChestXray,0
GruntingReport and XrayReport are not conditionally related under Grunting,0
GruntingReport and XrayReport are not conditionally related under LVHreport,0
GruntingReport and XrayReport are not conditionally related under LowerBodyO2,0
GruntingReport and XrayReport are not conditionally related under RUQO2,0
GruntingReport and XrayReport are not conditionally related under CO2Report,0
GruntingReport and XrayReport are conditionally related under Disease,1
GruntingReport and XrayReport are not conditionally related under Age,0
GruntingReport and XrayReport are not conditionally related under LVH,0
GruntingReport and XrayReport are not conditionally related under DuctFlow,0
GruntingReport and XrayReport are not conditionally related under CardiacMixing,0
GruntingReport and XrayReport are conditionally related under LungParench,1
GruntingReport and XrayReport are not conditionally related under LungFlow,0
GruntingReport and XrayReport are not conditionally related under Sick,0
GruntingReport and Disease are related,1
GruntingReport and Age are conditionally related under BirthAsphyxia,1
GruntingReport and Age are not conditionally related under HypDistrib,0
GruntingReport and Age are not conditionally related under HypoxiaInO2,0
GruntingReport and Age are not conditionally related under CO2,0
GruntingReport and Age are not conditionally related under ChestXray,0
GruntingReport and Age are not conditionally related under Grunting,0
GruntingReport and Age are not conditionally related under LVHreport,0
GruntingReport and Age are not conditionally related under LowerBodyO2,0
GruntingReport and Age are not conditionally related under RUQO2,0
GruntingReport and Age are not conditionally related under CO2Report,0
GruntingReport and Age are not conditionally related under XrayReport,0
GruntingReport and Age are conditionally related under Disease,1
GruntingReport and Age are not conditionally related under LVH,0
GruntingReport and Age are not conditionally related under DuctFlow,0
GruntingReport and Age are not conditionally related under CardiacMixing,0
GruntingReport and Age are not conditionally related under LungParench,0
GruntingReport and Age are not conditionally related under LungFlow,0
GruntingReport and Age are conditionally related under Sick,1
GruntingReport and LVH are conditionally related under BirthAsphyxia,1
GruntingReport and LVH are not conditionally related under HypDistrib,0
GruntingReport and LVH are not conditionally related under HypoxiaInO2,0
GruntingReport and LVH are not conditionally related under CO2,0
GruntingReport and LVH are not conditionally related under ChestXray,0
GruntingReport and LVH are not conditionally related under Grunting,0
GruntingReport and LVH are not conditionally related under LVHreport,0
GruntingReport and LVH are not conditionally related under LowerBodyO2,0
GruntingReport and LVH are not conditionally related under RUQO2,0
GruntingReport and LVH are not conditionally related under CO2Report,0
GruntingReport and LVH are not conditionally related under XrayReport,0
GruntingReport and LVH are conditionally related under Disease,1
GruntingReport and LVH are not conditionally related under Age,0
GruntingReport and LVH are not conditionally related under DuctFlow,0
GruntingReport and LVH are not conditionally related under CardiacMixing,0
GruntingReport and LVH are not conditionally related under LungParench,0
GruntingReport and LVH are not conditionally related under LungFlow,0
GruntingReport and LVH are not conditionally related under Sick,0
GruntingReport and DuctFlow are conditionally related under BirthAsphyxia,1
GruntingReport and DuctFlow are not conditionally related under HypDistrib,0
GruntingReport and DuctFlow are not conditionally related under HypoxiaInO2,0
GruntingReport and DuctFlow are not conditionally related under CO2,0
GruntingReport and DuctFlow are not conditionally related under ChestXray,0
GruntingReport and DuctFlow are not conditionally related under Grunting,0
GruntingReport and DuctFlow are not conditionally related under LVHreport,0
GruntingReport and DuctFlow are not conditionally related under LowerBodyO2,0
GruntingReport and DuctFlow are not conditionally related under RUQO2,0
GruntingReport and DuctFlow are not conditionally related under CO2Report,0
GruntingReport and DuctFlow are not conditionally related under XrayReport,0
GruntingReport and DuctFlow are conditionally related under Disease,1
GruntingReport and DuctFlow are not conditionally related under Age,0
GruntingReport and DuctFlow are not conditionally related under LVH,0
GruntingReport and DuctFlow are not conditionally related under CardiacMixing,0
GruntingReport and DuctFlow are not conditionally related under LungParench,0
GruntingReport and DuctFlow are not conditionally related under LungFlow,0
GruntingReport and DuctFlow are not conditionally related under Sick,0
GruntingReport and CardiacMixing are conditionally related under BirthAsphyxia,1
GruntingReport and CardiacMixing are not conditionally related under HypDistrib,0
GruntingReport and CardiacMixing are not conditionally related under HypoxiaInO2,0
GruntingReport and CardiacMixing are not conditionally related under CO2,0
GruntingReport and CardiacMixing are not conditionally related under ChestXray,0
GruntingReport and CardiacMixing are not conditionally related under Grunting,0
GruntingReport and CardiacMixing are not conditionally related under LVHreport,0
GruntingReport and CardiacMixing are not conditionally related under LowerBodyO2,0
GruntingReport and CardiacMixing are not conditionally related under RUQO2,0
GruntingReport and CardiacMixing are not conditionally related under CO2Report,0
GruntingReport and CardiacMixing are not conditionally related under XrayReport,0
GruntingReport and CardiacMixing are conditionally related under Disease,1
GruntingReport and CardiacMixing are not conditionally related under Age,0
GruntingReport and CardiacMixing are not conditionally related under LVH,0
GruntingReport and CardiacMixing are not conditionally related under DuctFlow,0
GruntingReport and CardiacMixing are not conditionally related under LungParench,0
GruntingReport and CardiacMixing are not conditionally related under LungFlow,0
GruntingReport and CardiacMixing are not conditionally related under Sick,0
GruntingReport and LungParench are related,1
GruntingReport and LungFlow are conditionally related under BirthAsphyxia,1
GruntingReport and LungFlow are not conditionally related under HypDistrib,0
GruntingReport and LungFlow are not conditionally related under HypoxiaInO2,0
GruntingReport and LungFlow are not conditionally related under CO2,0
GruntingReport and LungFlow are not conditionally related under ChestXray,0
GruntingReport and LungFlow are not conditionally related under Grunting,0
GruntingReport and LungFlow are not conditionally related under LVHreport,0
GruntingReport and LungFlow are not conditionally related under LowerBodyO2,0
GruntingReport and LungFlow are not conditionally related under RUQO2,0
GruntingReport and LungFlow are not conditionally related under CO2Report,0
GruntingReport and LungFlow are not conditionally related under XrayReport,0
GruntingReport and LungFlow are conditionally related under Disease,1
GruntingReport and LungFlow are not conditionally related under Age,0
GruntingReport and LungFlow are not conditionally related under LVH,0
GruntingReport and LungFlow are not conditionally related under DuctFlow,0
GruntingReport and LungFlow are not conditionally related under CardiacMixing,0
GruntingReport and LungFlow are not conditionally related under LungParench,0
GruntingReport and LungFlow are not conditionally related under Sick,0
GruntingReport and Sick are related,1
Age and BirthAsphyxia are related,1
Age and HypDistrib are conditionally related under BirthAsphyxia,1
Age and HypDistrib are not conditionally related under HypoxiaInO2,0
Age and HypDistrib are not conditionally related under CO2,0
Age and HypDistrib are not conditionally related under ChestXray,0
Age and HypDistrib are not conditionally related under Grunting,0
Age and HypDistrib are not conditionally related under LVHreport,0
Age and HypDistrib are not conditionally related under LowerBodyO2,0
Age and HypDistrib are not conditionally related under RUQO2,0
Age and HypDistrib are not conditionally related under CO2Report,0
Age and HypDistrib are not conditionally related under XrayReport,0
Age and HypDistrib are conditionally related under Disease,1
Age and HypDistrib are not conditionally related under GruntingReport,0
Age and HypDistrib are not conditionally related under LVH,0
Age and HypDistrib are not conditionally related under DuctFlow,0
Age and HypDistrib are not conditionally related under CardiacMixing,0
Age and HypDistrib are not conditionally related under LungParench,0
Age and HypDistrib are not conditionally related under LungFlow,0
Age and HypDistrib are not conditionally related under Sick,0
Age and HypoxiaInO2 are conditionally related under BirthAsphyxia,1
Age and HypoxiaInO2 are not conditionally related under HypDistrib,0
Age and HypoxiaInO2 are not conditionally related under CO2,0
Age and HypoxiaInO2 are not conditionally related under ChestXray,0
Age and HypoxiaInO2 are not conditionally related under Grunting,0
Age and HypoxiaInO2 are not conditionally related under LVHreport,0
Age and HypoxiaInO2 are not conditionally related under LowerBodyO2,0
Age and HypoxiaInO2 are not conditionally related under RUQO2,0
Age and HypoxiaInO2 are not conditionally related under CO2Report,0
Age and HypoxiaInO2 are not conditionally related under XrayReport,0
Age and HypoxiaInO2 are conditionally related under Disease,1
Age and HypoxiaInO2 are not conditionally related under GruntingReport,0
Age and HypoxiaInO2 are not conditionally related under LVH,0
Age and HypoxiaInO2 are not conditionally related under DuctFlow,0
Age and HypoxiaInO2 are not conditionally related under CardiacMixing,0
Age and HypoxiaInO2 are not conditionally related under LungParench,0
Age and HypoxiaInO2 are not conditionally related under LungFlow,0
Age and HypoxiaInO2 are not conditionally related under Sick,0
Age and CO2 are conditionally related under BirthAsphyxia,1
Age and CO2 are not conditionally related under HypDistrib,0
Age and CO2 are not conditionally related under HypoxiaInO2,0
Age and CO2 are not conditionally related under ChestXray,0
Age and CO2 are not conditionally related under Grunting,0
Age and CO2 are not conditionally related under LVHreport,0
Age and CO2 are not conditionally related under LowerBodyO2,0
Age and CO2 are not conditionally related under RUQO2,0
Age and CO2 are not conditionally related under CO2Report,0
Age and CO2 are not conditionally related under XrayReport,0
Age and CO2 are conditionally related under Disease,1
Age and CO2 are not conditionally related under GruntingReport,0
Age and CO2 are not conditionally related under LVH,0
Age and CO2 are not conditionally related under DuctFlow,0
Age and CO2 are not conditionally related under CardiacMixing,0
Age and CO2 are not conditionally related under LungParench,0
Age and CO2 are not conditionally related under LungFlow,0
Age and CO2 are not conditionally related under Sick,0
Age and ChestXray are conditionally related under BirthAsphyxia,1
Age and ChestXray are not conditionally related under HypDistrib,0
Age and ChestXray are not conditionally related under HypoxiaInO2,0
Age and ChestXray are not conditionally related under CO2,0
Age and ChestXray are not conditionally related under Grunting,0
Age and ChestXray are not conditionally related under LVHreport,0
Age and ChestXray are not conditionally related under LowerBodyO2,0
Age and ChestXray are not conditionally related under RUQO2,0
Age and ChestXray are not conditionally related under CO2Report,0
Age and ChestXray are not conditionally related under XrayReport,0
Age and ChestXray are conditionally related under Disease,1
Age and ChestXray are not conditionally related under GruntingReport,0
Age and ChestXray are not conditionally related under LVH,0
Age and ChestXray are not conditionally related under DuctFlow,0
Age and ChestXray are not conditionally related under CardiacMixing,0
Age and ChestXray are not conditionally related under LungParench,0
Age and ChestXray are not conditionally related under LungFlow,0
Age and ChestXray are not conditionally related under Sick,0
Age and Grunting are conditionally related under BirthAsphyxia,1
Age and Grunting are not conditionally related under HypDistrib,0
Age and Grunting are not conditionally related under HypoxiaInO2,0
Age and Grunting are not conditionally related under CO2,0
Age and Grunting are not conditionally related under ChestXray,0
Age and Grunting are not conditionally related under LVHreport,0
Age and Grunting are not conditionally related under LowerBodyO2,0
Age and Grunting are not conditionally related under RUQO2,0
Age and Grunting are not conditionally related under CO2Report,0
Age and Grunting are not conditionally related under XrayReport,0
Age and Grunting are conditionally related under Disease,1
Age and Grunting are not conditionally related under GruntingReport,0
Age and Grunting are not conditionally related under LVH,0
Age and Grunting are not conditionally related under DuctFlow,0
Age and Grunting are not conditionally related under CardiacMixing,0
Age and Grunting are not conditionally related under LungParench,0
Age and Grunting are not conditionally related under LungFlow,0
Age and Grunting are conditionally related under Sick,1
Age and LVHreport are conditionally related under BirthAsphyxia,1
Age and LVHreport are not conditionally related under HypDistrib,0
Age and LVHreport are not conditionally related under HypoxiaInO2,0
Age and LVHreport are not conditionally related under CO2,0
Age and LVHreport are not conditionally related under ChestXray,0
Age and LVHreport are not conditionally related under Grunting,0
Age and LVHreport are not conditionally related under LowerBodyO2,0
Age and LVHreport are not conditionally related under RUQO2,0
Age and LVHreport are not conditionally related under CO2Report,0
Age and LVHreport are not conditionally related under XrayReport,0
Age and LVHreport are conditionally related under Disease,1
Age and LVHreport are not conditionally related under GruntingReport,0
Age and LVHreport are not conditionally related under LVH,0
Age and LVHreport are not conditionally related under DuctFlow,0
Age and LVHreport are not conditionally related under CardiacMixing,0
Age and LVHreport are not conditionally related under LungParench,0
Age and LVHreport are not conditionally related under LungFlow,0
Age and LVHreport are not conditionally related under Sick,0
Age and LowerBodyO2 are conditionally related under BirthAsphyxia,1
Age and LowerBodyO2 are not conditionally related under HypDistrib,0
Age and LowerBodyO2 are not conditionally related under HypoxiaInO2,0
Age and LowerBodyO2 are not conditionally related under CO2,0
Age and LowerBodyO2 are not conditionally related under ChestXray,0
Age and LowerBodyO2 are not conditionally related under Grunting,0
Age and LowerBodyO2 are not conditionally related under LVHreport,0
Age and LowerBodyO2 are not conditionally related under RUQO2,0
Age and LowerBodyO2 are not conditionally related under CO2Report,0
Age and LowerBodyO2 are not conditionally related under XrayReport,0
Age and LowerBodyO2 are conditionally related under Disease,1
Age and LowerBodyO2 are not conditionally related under GruntingReport,0
Age and LowerBodyO2 are not conditionally related under LVH,0
Age and LowerBodyO2 are not conditionally related under DuctFlow,0
Age and LowerBodyO2 are not conditionally related under CardiacMixing,0
Age and LowerBodyO2 are not conditionally related under LungParench,0
Age and LowerBodyO2 are not conditionally related under LungFlow,0
Age and LowerBodyO2 are not conditionally related under Sick,0
Age and RUQO2 are conditionally related under BirthAsphyxia,1
Age and RUQO2 are not conditionally related under HypDistrib,0
Age and RUQO2 are not conditionally related under HypoxiaInO2,0
Age and RUQO2 are not conditionally related under CO2,0
Age and RUQO2 are not conditionally related under ChestXray,0
Age and RUQO2 are not conditionally related under Grunting,0
Age and RUQO2 are not conditionally related under LVHreport,0
Age and RUQO2 are not conditionally related under LowerBodyO2,0
Age and RUQO2 are not conditionally related under CO2Report,0
Age and RUQO2 are not conditionally related under XrayReport,0
Age and RUQO2 are conditionally related under Disease,1
Age and RUQO2 are not conditionally related under GruntingReport,0
Age and RUQO2 are not conditionally related under LVH,0
Age and RUQO2 are not conditionally related under DuctFlow,0
Age and RUQO2 are not conditionally related under CardiacMixing,0
Age and RUQO2 are not conditionally related under LungParench,0
Age and RUQO2 are not conditionally related under LungFlow,0
Age and RUQO2 are not conditionally related under Sick,0
Age and CO2Report are conditionally related under BirthAsphyxia,1
Age and CO2Report are not conditionally related under HypDistrib,0
Age and CO2Report are not conditionally related under HypoxiaInO2,0
Age and CO2Report are not conditionally related under CO2,0
Age and CO2Report are not conditionally related under ChestXray,0
Age and CO2Report are not conditionally related under Grunting,0
Age and CO2Report are not conditionally related under LVHreport,0
Age and CO2Report are not conditionally related under LowerBodyO2,0
Age and CO2Report are not conditionally related under RUQO2,0
Age and CO2Report are not conditionally related under XrayReport,0
Age and CO2Report are conditionally related under Disease,1
Age and CO2Report are not conditionally related under GruntingReport,0
Age and CO2Report are not conditionally related under LVH,0
Age and CO2Report are not conditionally related under DuctFlow,0
Age and CO2Report are not conditionally related under CardiacMixing,0
Age and CO2Report are not conditionally related under LungParench,0
Age and CO2Report are not conditionally related under LungFlow,0
Age and CO2Report are not conditionally related under Sick,0
Age and XrayReport are conditionally related under BirthAsphyxia,1
Age and XrayReport are not conditionally related under HypDistrib,0
Age and XrayReport are not conditionally related under HypoxiaInO2,0
Age and XrayReport are not conditionally related under CO2,0
Age and XrayReport are not conditionally related under ChestXray,0
Age and XrayReport are not conditionally related under Grunting,0
Age and XrayReport are not conditionally related under LVHreport,0
Age and XrayReport are not conditionally related under LowerBodyO2,0
Age and XrayReport are not conditionally related under RUQO2,0
Age and XrayReport are not conditionally related under CO2Report,0
Age and XrayReport are conditionally related under Disease,1
Age and XrayReport are not conditionally related under GruntingReport,0
Age and XrayReport are not conditionally related under LVH,0
Age and XrayReport are not conditionally related under DuctFlow,0
Age and XrayReport are not conditionally related under CardiacMixing,0
Age and XrayReport are not conditionally related under LungParench,0
Age and XrayReport are not conditionally related under LungFlow,0
Age and XrayReport are not conditionally related under Sick,0
Age and Disease are related,1
Age and GruntingReport are conditionally related under BirthAsphyxia,1
Age and GruntingReport are not conditionally related under HypDistrib,0
Age and GruntingReport are not conditionally related under HypoxiaInO2,0
Age and GruntingReport are not conditionally related under CO2,0
Age and GruntingReport are not conditionally related under ChestXray,0
Age and GruntingReport are not conditionally related under Grunting,0
Age and GruntingReport are not conditionally related under LVHreport,0
Age and GruntingReport are not conditionally related under LowerBodyO2,0
Age and GruntingReport are not conditionally related under RUQO2,0
Age and GruntingReport are not conditionally related under CO2Report,0
Age and GruntingReport are not conditionally related under XrayReport,0
Age and GruntingReport are conditionally related under Disease,1
Age and GruntingReport are not conditionally related under LVH,0
Age and GruntingReport are not conditionally related under DuctFlow,0
Age and GruntingReport are not conditionally related under CardiacMixing,0
Age and GruntingReport are not conditionally related under LungParench,0
Age and GruntingReport are not conditionally related under LungFlow,0
Age and GruntingReport are conditionally related under Sick,1
Age and LVH are conditionally related under BirthAsphyxia,1
Age and LVH are not conditionally related under HypDistrib,0
Age and LVH are not conditionally related under HypoxiaInO2,0
Age and LVH are not conditionally related under CO2,0
Age and LVH are not conditionally related under ChestXray,0
Age and LVH are not conditionally related under Grunting,0
Age and LVH are not conditionally related under LVHreport,0
Age and LVH are not conditionally related under LowerBodyO2,0
Age and LVH are not conditionally related under RUQO2,0
Age and LVH are not conditionally related under CO2Report,0
Age and LVH are not conditionally related under XrayReport,0
Age and LVH are conditionally related under Disease,1
Age and LVH are not conditionally related under GruntingReport,0
Age and LVH are not conditionally related under DuctFlow,0
Age and LVH are not conditionally related under CardiacMixing,0
Age and LVH are not conditionally related under LungParench,0
Age and LVH are not conditionally related under LungFlow,0
Age and LVH are not conditionally related under Sick,0
Age and DuctFlow are conditionally related under BirthAsphyxia,1
Age and DuctFlow are not conditionally related under HypDistrib,0
Age and DuctFlow are not conditionally related under HypoxiaInO2,0
Age and DuctFlow are not conditionally related under CO2,0
Age and DuctFlow are not conditionally related under ChestXray,0
Age and DuctFlow are not conditionally related under Grunting,0
Age and DuctFlow are not conditionally related under LVHreport,0
Age and DuctFlow are not conditionally related under LowerBodyO2,0
Age and DuctFlow are not conditionally related under RUQO2,0
Age and DuctFlow are not conditionally related under CO2Report,0
Age and DuctFlow are not conditionally related under XrayReport,0
Age and DuctFlow are conditionally related under Disease,1
Age and DuctFlow are not conditionally related under GruntingReport,0
Age and DuctFlow are not conditionally related under LVH,0
Age and DuctFlow are not conditionally related under CardiacMixing,0
Age and DuctFlow are not conditionally related under LungParench,0
Age and DuctFlow are not conditionally related under LungFlow,0
Age and DuctFlow are not conditionally related under Sick,0
Age and CardiacMixing are conditionally related under BirthAsphyxia,1
Age and CardiacMixing are not conditionally related under HypDistrib,0
Age and CardiacMixing are not conditionally related under HypoxiaInO2,0
Age and CardiacMixing are not conditionally related under CO2,0
Age and CardiacMixing are not conditionally related under ChestXray,0
Age and CardiacMixing are not conditionally related under Grunting,0
Age and CardiacMixing are not conditionally related under LVHreport,0
Age and CardiacMixing are not conditionally related under LowerBodyO2,0
Age and CardiacMixing are not conditionally related under RUQO2,0
Age and CardiacMixing are not conditionally related under CO2Report,0
Age and CardiacMixing are not conditionally related under XrayReport,0
Age and CardiacMixing are conditionally related under Disease,1
Age and CardiacMixing are not conditionally related under GruntingReport,0
Age and CardiacMixing are not conditionally related under LVH,0
Age and CardiacMixing are not conditionally related under DuctFlow,0
Age and CardiacMixing are not conditionally related under LungParench,0
Age and CardiacMixing are not conditionally related under LungFlow,0
Age and CardiacMixing are not conditionally related under Sick,0
Age and LungParench are conditionally related under BirthAsphyxia,1
Age and LungParench are not conditionally related under HypDistrib,0
Age and LungParench are not conditionally related under HypoxiaInO2,0
Age and LungParench are not conditionally related under CO2,0
Age and LungParench are not conditionally related under ChestXray,0
Age and LungParench are not conditionally related under Grunting,0
Age and LungParench are not conditionally related under LVHreport,0
Age and LungParench are not conditionally related under LowerBodyO2,0
Age and LungParench are not conditionally related under RUQO2,0
Age and LungParench are not conditionally related under CO2Report,0
Age and LungParench are not conditionally related under XrayReport,0
Age and LungParench are conditionally related under Disease,1
Age and LungParench are not conditionally related under GruntingReport,0
Age and LungParench are not conditionally related under LVH,0
Age and LungParench are not conditionally related under DuctFlow,0
Age and LungParench are not conditionally related under CardiacMixing,0
Age and LungParench are not conditionally related under LungFlow,0
Age and LungParench are not conditionally related under Sick,0
Age and LungFlow are conditionally related under BirthAsphyxia,1
Age and LungFlow are not conditionally related under HypDistrib,0
Age and LungFlow are not conditionally related under HypoxiaInO2,0
Age and LungFlow are not conditionally related under CO2,0
Age and LungFlow are not conditionally related under ChestXray,0
Age and LungFlow are not conditionally related under Grunting,0
Age and LungFlow are not conditionally related under LVHreport,0
Age and LungFlow are not conditionally related under LowerBodyO2,0
Age and LungFlow are not conditionally related under RUQO2,0
Age and LungFlow are not conditionally related under CO2Report,0
Age and LungFlow are not conditionally related under XrayReport,0
Age and LungFlow are conditionally related under Disease,1
Age and LungFlow are not conditionally related under GruntingReport,0
Age and LungFlow are not conditionally related under LVH,0
Age and LungFlow are not conditionally related under DuctFlow,0
Age and LungFlow are not conditionally related under CardiacMixing,0
Age and LungFlow are not conditionally related under LungParench,0
Age and LungFlow are not conditionally related under Sick,0
Age and Sick are related,1
LVH and BirthAsphyxia are related,1
LVH and HypDistrib are conditionally related under BirthAsphyxia,1
LVH and HypDistrib are not conditionally related under HypoxiaInO2,0
LVH and HypDistrib are not conditionally related under CO2,0
LVH and HypDistrib are not conditionally related under ChestXray,0
LVH and HypDistrib are not conditionally related under Grunting,0
LVH and HypDistrib are not conditionally related under LVHreport,0
LVH and HypDistrib are not conditionally related under LowerBodyO2,0
LVH and HypDistrib are not conditionally related under RUQO2,0
LVH and HypDistrib are not conditionally related under CO2Report,0
LVH and HypDistrib are not conditionally related under XrayReport,0
LVH and HypDistrib are conditionally related under Disease,1
LVH and HypDistrib are not conditionally related under GruntingReport,0
LVH and HypDistrib are not conditionally related under Age,0
LVH and HypDistrib are not conditionally related under DuctFlow,0
LVH and HypDistrib are not conditionally related under CardiacMixing,0
LVH and HypDistrib are not conditionally related under LungParench,0
LVH and HypDistrib are not conditionally related under LungFlow,0
LVH and HypDistrib are not conditionally related under Sick,0
LVH and HypoxiaInO2 are conditionally related under BirthAsphyxia,1
LVH and HypoxiaInO2 are not conditionally related under HypDistrib,0
LVH and HypoxiaInO2 are not conditionally related under CO2,0
LVH and HypoxiaInO2 are not conditionally related under ChestXray,0
LVH and HypoxiaInO2 are not conditionally related under Grunting,0
LVH and HypoxiaInO2 are not conditionally related under LVHreport,0
LVH and HypoxiaInO2 are not conditionally related under LowerBodyO2,0
LVH and HypoxiaInO2 are not conditionally related under RUQO2,0
LVH and HypoxiaInO2 are not conditionally related under CO2Report,0
LVH and HypoxiaInO2 are not conditionally related under XrayReport,0
LVH and HypoxiaInO2 are conditionally related under Disease,1
LVH and HypoxiaInO2 are not conditionally related under GruntingReport,0
LVH and HypoxiaInO2 are not conditionally related under Age,0
LVH and HypoxiaInO2 are not conditionally related under DuctFlow,0
LVH and HypoxiaInO2 are not conditionally related under CardiacMixing,0
LVH and HypoxiaInO2 are not conditionally related under LungParench,0
LVH and HypoxiaInO2 are not conditionally related under LungFlow,0
LVH and HypoxiaInO2 are not conditionally related under Sick,0
LVH and CO2 are conditionally related under BirthAsphyxia,1
LVH and CO2 are not conditionally related under HypDistrib,0
LVH and CO2 are not conditionally related under HypoxiaInO2,0
LVH and CO2 are not conditionally related under ChestXray,0
LVH and CO2 are not conditionally related under Grunting,0
LVH and CO2 are not conditionally related under LVHreport,0
LVH and CO2 are not conditionally related under LowerBodyO2,0
LVH and CO2 are not conditionally related under RUQO2,0
LVH and CO2 are not conditionally related under CO2Report,0
LVH and CO2 are not conditionally related under XrayReport,0
LVH and CO2 are conditionally related under Disease,1
LVH and CO2 are not conditionally related under GruntingReport,0
LVH and CO2 are not conditionally related under Age,0
LVH and CO2 are not conditionally related under DuctFlow,0
LVH and CO2 are not conditionally related under CardiacMixing,0
LVH and CO2 are not conditionally related under LungParench,0
LVH and CO2 are not conditionally related under LungFlow,0
LVH and CO2 are not conditionally related under Sick,0
LVH and ChestXray are conditionally related under BirthAsphyxia,1
LVH and ChestXray are not conditionally related under HypDistrib,0
LVH and ChestXray are not conditionally related under HypoxiaInO2,0
LVH and ChestXray are not conditionally related under CO2,0
LVH and ChestXray are not conditionally related under Grunting,0
LVH and ChestXray are not conditionally related under LVHreport,0
LVH and ChestXray are not conditionally related under LowerBodyO2,0
LVH and ChestXray are not conditionally related under RUQO2,0
LVH and ChestXray are not conditionally related under CO2Report,0
LVH and ChestXray are not conditionally related under XrayReport,0
LVH and ChestXray are conditionally related under Disease,1
LVH and ChestXray are not conditionally related under GruntingReport,0
LVH and ChestXray are not conditionally related under Age,0
LVH and ChestXray are not conditionally related under DuctFlow,0
LVH and ChestXray are not conditionally related under CardiacMixing,0
LVH and ChestXray are not conditionally related under LungParench,0
LVH and ChestXray are not conditionally related under LungFlow,0
LVH and ChestXray are not conditionally related under Sick,0
LVH and Grunting are conditionally related under BirthAsphyxia,1
LVH and Grunting are not conditionally related under HypDistrib,0
LVH and Grunting are not conditionally related under HypoxiaInO2,0
LVH and Grunting are not conditionally related under CO2,0
LVH and Grunting are not conditionally related under ChestXray,0
LVH and Grunting are not conditionally related under LVHreport,0
LVH and Grunting are not conditionally related under LowerBodyO2,0
LVH and Grunting are not conditionally related under RUQO2,0
LVH and Grunting are not conditionally related under CO2Report,0
LVH and Grunting are not conditionally related under XrayReport,0
LVH and Grunting are conditionally related under Disease,1
LVH and Grunting are not conditionally related under GruntingReport,0
LVH and Grunting are not conditionally related under Age,0
LVH and Grunting are not conditionally related under DuctFlow,0
LVH and Grunting are not conditionally related under CardiacMixing,0
LVH and Grunting are not conditionally related under LungParench,0
LVH and Grunting are not conditionally related under LungFlow,0
LVH and Grunting are not conditionally related under Sick,0
LVH and LVHreport are related,1
LVH and LowerBodyO2 are conditionally related under BirthAsphyxia,1
LVH and LowerBodyO2 are not conditionally related under HypDistrib,0
LVH and LowerBodyO2 are not conditionally related under HypoxiaInO2,0
LVH and LowerBodyO2 are not conditionally related under CO2,0
LVH and LowerBodyO2 are not conditionally related under ChestXray,0
LVH and LowerBodyO2 are not conditionally related under Grunting,0
LVH and LowerBodyO2 are not conditionally related under LVHreport,0
LVH and LowerBodyO2 are not conditionally related under RUQO2,0
LVH and LowerBodyO2 are not conditionally related under CO2Report,0
LVH and LowerBodyO2 are not conditionally related under XrayReport,0
LVH and LowerBodyO2 are conditionally related under Disease,1
LVH and LowerBodyO2 are not conditionally related under GruntingReport,0
LVH and LowerBodyO2 are not conditionally related under Age,0
LVH and LowerBodyO2 are not conditionally related under DuctFlow,0
LVH and LowerBodyO2 are not conditionally related under CardiacMixing,0
LVH and LowerBodyO2 are not conditionally related under LungParench,0
LVH and LowerBodyO2 are not conditionally related under LungFlow,0
LVH and LowerBodyO2 are not conditionally related under Sick,0
LVH and RUQO2 are conditionally related under BirthAsphyxia,1
LVH and RUQO2 are not conditionally related under HypDistrib,0
LVH and RUQO2 are not conditionally related under HypoxiaInO2,0
LVH and RUQO2 are not conditionally related under CO2,0
LVH and RUQO2 are not conditionally related under ChestXray,0
LVH and RUQO2 are not conditionally related under Grunting,0
LVH and RUQO2 are not conditionally related under LVHreport,0
LVH and RUQO2 are not conditionally related under LowerBodyO2,0
LVH and RUQO2 are not conditionally related under CO2Report,0
LVH and RUQO2 are not conditionally related under XrayReport,0
LVH and RUQO2 are conditionally related under Disease,1
LVH and RUQO2 are not conditionally related under GruntingReport,0
LVH and RUQO2 are not conditionally related under Age,0
LVH and RUQO2 are not conditionally related under DuctFlow,0
LVH and RUQO2 are not conditionally related under CardiacMixing,0
LVH and RUQO2 are not conditionally related under LungParench,0
LVH and RUQO2 are not conditionally related under LungFlow,0
LVH and RUQO2 are not conditionally related under Sick,0
LVH and CO2Report are conditionally related under BirthAsphyxia,1
LVH and CO2Report are not conditionally related under HypDistrib,0
LVH and CO2Report are not conditionally related under HypoxiaInO2,0
LVH and CO2Report are not conditionally related under CO2,0
LVH and CO2Report are not conditionally related under ChestXray,0
LVH and CO2Report are not conditionally related under Grunting,0
LVH and CO2Report are not conditionally related under LVHreport,0
LVH and CO2Report are not conditionally related under LowerBodyO2,0
LVH and CO2Report are not conditionally related under RUQO2,0
LVH and CO2Report are not conditionally related under XrayReport,0
LVH and CO2Report are conditionally related under Disease,1
LVH and CO2Report are not conditionally related under GruntingReport,0
LVH and CO2Report are not conditionally related under Age,0
LVH and CO2Report are not conditionally related under DuctFlow,0
LVH and CO2Report are not conditionally related under CardiacMixing,0
LVH and CO2Report are not conditionally related under LungParench,0
LVH and CO2Report are not conditionally related under LungFlow,0
LVH and CO2Report are not conditionally related under Sick,0
LVH and XrayReport are conditionally related under BirthAsphyxia,1
LVH and XrayReport are not conditionally related under HypDistrib,0
LVH and XrayReport are not conditionally related under HypoxiaInO2,0
LVH and XrayReport are not conditionally related under CO2,0
LVH and XrayReport are not conditionally related under ChestXray,0
LVH and XrayReport are not conditionally related under Grunting,0
LVH and XrayReport are not conditionally related under LVHreport,0
LVH and XrayReport are not conditionally related under LowerBodyO2,0
LVH and XrayReport are not conditionally related under RUQO2,0
LVH and XrayReport are not conditionally related under CO2Report,0
LVH and XrayReport are conditionally related under Disease,1
LVH and XrayReport are not conditionally related under GruntingReport,0
LVH and XrayReport are not conditionally related under Age,0
LVH and XrayReport are not conditionally related under DuctFlow,0
LVH and XrayReport are not conditionally related under CardiacMixing,0
LVH and XrayReport are not conditionally related under LungParench,0
LVH and XrayReport are not conditionally related under LungFlow,0
LVH and XrayReport are not conditionally related under Sick,0
LVH and Disease are related,1
LVH and GruntingReport are conditionally related under BirthAsphyxia,1
LVH and GruntingReport are not conditionally related under HypDistrib,0
LVH and GruntingReport are not conditionally related under HypoxiaInO2,0
LVH and GruntingReport are not conditionally related under CO2,0
LVH and GruntingReport are not conditionally related under ChestXray,0
LVH and GruntingReport are not conditionally related under Grunting,0
LVH and GruntingReport are not conditionally related under LVHreport,0
LVH and GruntingReport are not conditionally related under LowerBodyO2,0
LVH and GruntingReport are not conditionally related under RUQO2,0
LVH and GruntingReport are not conditionally related under CO2Report,0
LVH and GruntingReport are not conditionally related under XrayReport,0
LVH and GruntingReport are conditionally related under Disease,1
LVH and GruntingReport are not conditionally related under Age,0
LVH and GruntingReport are not conditionally related under DuctFlow,0
LVH and GruntingReport are not conditionally related under CardiacMixing,0
LVH and GruntingReport are not conditionally related under LungParench,0
LVH and GruntingReport are not conditionally related under LungFlow,0
LVH and GruntingReport are not conditionally related under Sick,0
LVH and Age are conditionally related under BirthAsphyxia,1
LVH and Age are not conditionally related under HypDistrib,0
LVH and Age are not conditionally related under HypoxiaInO2,0
LVH and Age are not conditionally related under CO2,0
LVH and Age are not conditionally related under ChestXray,0
LVH and Age are not conditionally related under Grunting,0
LVH and Age are not conditionally related under LVHreport,0
LVH and Age are not conditionally related under LowerBodyO2,0
LVH and Age are not conditionally related under RUQO2,0
LVH and Age are not conditionally related under CO2Report,0
LVH and Age are not conditionally related under XrayReport,0
LVH and Age are conditionally related under Disease,1
LVH and Age are not conditionally related under GruntingReport,0
LVH and Age are not conditionally related under DuctFlow,0
LVH and Age are not conditionally related under CardiacMixing,0
LVH and Age are not conditionally related under LungParench,0
LVH and Age are not conditionally related under LungFlow,0
LVH and Age are not conditionally related under Sick,0
LVH and DuctFlow are conditionally related under BirthAsphyxia,1
LVH and DuctFlow are not conditionally related under HypDistrib,0
LVH and DuctFlow are not conditionally related under HypoxiaInO2,0
LVH and DuctFlow are not conditionally related under CO2,0
LVH and DuctFlow are not conditionally related under ChestXray,0
LVH and DuctFlow are not conditionally related under Grunting,0
LVH and DuctFlow are not conditionally related under LVHreport,0
LVH and DuctFlow are not conditionally related under LowerBodyO2,0
LVH and DuctFlow are not conditionally related under RUQO2,0
LVH and DuctFlow are not conditionally related under CO2Report,0
LVH and DuctFlow are not conditionally related under XrayReport,0
LVH and DuctFlow are conditionally related under Disease,1
LVH and DuctFlow are not conditionally related under GruntingReport,0
LVH and DuctFlow are not conditionally related under Age,0
LVH and DuctFlow are not conditionally related under CardiacMixing,0
LVH and DuctFlow are not conditionally related under LungParench,0
LVH and DuctFlow are not conditionally related under LungFlow,0
LVH and DuctFlow are not conditionally related under Sick,0
LVH and CardiacMixing are conditionally related under BirthAsphyxia,1
LVH and CardiacMixing are not conditionally related under HypDistrib,0
LVH and CardiacMixing are not conditionally related under HypoxiaInO2,0
LVH and CardiacMixing are not conditionally related under CO2,0
LVH and CardiacMixing are not conditionally related under ChestXray,0
LVH and CardiacMixing are not conditionally related under Grunting,0
LVH and CardiacMixing are not conditionally related under LVHreport,0
LVH and CardiacMixing are not conditionally related under LowerBodyO2,0
LVH and CardiacMixing are not conditionally related under RUQO2,0
LVH and CardiacMixing are not conditionally related under CO2Report,0
LVH and CardiacMixing are not conditionally related under XrayReport,0
LVH and CardiacMixing are conditionally related under Disease,1
LVH and CardiacMixing are not conditionally related under GruntingReport,0
LVH and CardiacMixing are not conditionally related under Age,0
LVH and CardiacMixing are not conditionally related under DuctFlow,0
LVH and CardiacMixing are not conditionally related under LungParench,0
LVH and CardiacMixing are not conditionally related under LungFlow,0
LVH and CardiacMixing are not conditionally related under Sick,0
LVH and LungParench are conditionally related under BirthAsphyxia,1
LVH and LungParench are not conditionally related under HypDistrib,0
LVH and LungParench are not conditionally related under HypoxiaInO2,0
LVH and LungParench are not conditionally related under CO2,0
LVH and LungParench are not conditionally related under ChestXray,0
LVH and LungParench are not conditionally related under Grunting,0
LVH and LungParench are not conditionally related under LVHreport,0
LVH and LungParench are not conditionally related under LowerBodyO2,0
LVH and LungParench are not conditionally related under RUQO2,0
LVH and LungParench are not conditionally related under CO2Report,0
LVH and LungParench are not conditionally related under XrayReport,0
LVH and LungParench are conditionally related under Disease,1
LVH and LungParench are not conditionally related under GruntingReport,0
LVH and LungParench are not conditionally related under Age,0
LVH and LungParench are not conditionally related under DuctFlow,0
LVH and LungParench are not conditionally related under CardiacMixing,0
LVH and LungParench are not conditionally related under LungFlow,0
LVH and LungParench are not conditionally related under Sick,0
LVH and LungFlow are conditionally related under BirthAsphyxia,1
LVH and LungFlow are not conditionally related under HypDistrib,0
LVH and LungFlow are not conditionally related under HypoxiaInO2,0
LVH and LungFlow are not conditionally related under CO2,0
LVH and LungFlow are not conditionally related under ChestXray,0
LVH and LungFlow are not conditionally related under Grunting,0
LVH and LungFlow are not conditionally related under LVHreport,0
LVH and LungFlow are not conditionally related under LowerBodyO2,0
LVH and LungFlow are not conditionally related under RUQO2,0
LVH and LungFlow are not conditionally related under CO2Report,0
LVH and LungFlow are not conditionally related under XrayReport,0
LVH and LungFlow are conditionally related under Disease,1
LVH and LungFlow are not conditionally related under GruntingReport,0
LVH and LungFlow are not conditionally related under Age,0
LVH and LungFlow are not conditionally related under DuctFlow,0
LVH and LungFlow are not conditionally related under CardiacMixing,0
LVH and LungFlow are not conditionally related under LungParench,0
LVH and LungFlow are not conditionally related under Sick,0
LVH and Sick are conditionally related under BirthAsphyxia,1
LVH and Sick are not conditionally related under HypDistrib,0
LVH and Sick are not conditionally related under HypoxiaInO2,0
LVH and Sick are not conditionally related under CO2,0
LVH and Sick are not conditionally related under ChestXray,0
LVH and Sick are not conditionally related under Grunting,0
LVH and Sick are not conditionally related under LVHreport,0
LVH and Sick are not conditionally related under LowerBodyO2,0
LVH and Sick are not conditionally related under RUQO2,0
LVH and Sick are not conditionally related under CO2Report,0
LVH and Sick are not conditionally related under XrayReport,0
LVH and Sick are conditionally related under Disease,1
LVH and Sick are not conditionally related under GruntingReport,0
LVH and Sick are not conditionally related under Age,0
LVH and Sick are not conditionally related under DuctFlow,0
LVH and Sick are not conditionally related under CardiacMixing,0
LVH and Sick are not conditionally related under LungParench,0
LVH and Sick are not conditionally related under LungFlow,0
DuctFlow and BirthAsphyxia are related,1
DuctFlow and HypDistrib are related,1
DuctFlow and HypoxiaInO2 are conditionally related under BirthAsphyxia,1
DuctFlow and HypoxiaInO2 are not conditionally related under HypDistrib,0
DuctFlow and HypoxiaInO2 are not conditionally related under CO2,0
DuctFlow and HypoxiaInO2 are not conditionally related under ChestXray,0
DuctFlow and HypoxiaInO2 are not conditionally related under Grunting,0
DuctFlow and HypoxiaInO2 are not conditionally related under LVHreport,0
DuctFlow and HypoxiaInO2 are conditionally related under LowerBodyO2,1
DuctFlow and HypoxiaInO2 are not conditionally related under RUQO2,0
DuctFlow and HypoxiaInO2 are not conditionally related under CO2Report,0
DuctFlow and HypoxiaInO2 are not conditionally related under XrayReport,0
DuctFlow and HypoxiaInO2 are conditionally related under Disease,1
DuctFlow and HypoxiaInO2 are not conditionally related under GruntingReport,0
DuctFlow and HypoxiaInO2 are not conditionally related under Age,0
DuctFlow and HypoxiaInO2 are not conditionally related under LVH,0
DuctFlow and HypoxiaInO2 are not conditionally related under CardiacMixing,0
DuctFlow and HypoxiaInO2 are not conditionally related under LungParench,0
DuctFlow and HypoxiaInO2 are not conditionally related under LungFlow,0
DuctFlow and HypoxiaInO2 are not conditionally related under Sick,0
DuctFlow and CO2 are conditionally related under BirthAsphyxia,1
DuctFlow and CO2 are not conditionally related under HypDistrib,0
DuctFlow and CO2 are not conditionally related under HypoxiaInO2,0
DuctFlow and CO2 are not conditionally related under ChestXray,0
DuctFlow and CO2 are not conditionally related under Grunting,0
DuctFlow and CO2 are not conditionally related under LVHreport,0
DuctFlow and CO2 are not conditionally related under LowerBodyO2,0
DuctFlow and CO2 are not conditionally related under RUQO2,0
DuctFlow and CO2 are not conditionally related under CO2Report,0
DuctFlow and CO2 are not conditionally related under XrayReport,0
DuctFlow and CO2 are conditionally related under Disease,1
DuctFlow and CO2 are not conditionally related under GruntingReport,0
DuctFlow and CO2 are not conditionally related under Age,0
DuctFlow and CO2 are not conditionally related under LVH,0
DuctFlow and CO2 are not conditionally related under CardiacMixing,0
DuctFlow and CO2 are not conditionally related under LungParench,0
DuctFlow and CO2 are not conditionally related under LungFlow,0
DuctFlow and CO2 are not conditionally related under Sick,0
DuctFlow and ChestXray are conditionally related under BirthAsphyxia,1
DuctFlow and ChestXray are not conditionally related under HypDistrib,0
DuctFlow and ChestXray are not conditionally related under HypoxiaInO2,0
DuctFlow and ChestXray are not conditionally related under CO2,0
DuctFlow and ChestXray are not conditionally related under Grunting,0
DuctFlow and ChestXray are not conditionally related under LVHreport,0
DuctFlow and ChestXray are not conditionally related under LowerBodyO2,0
DuctFlow and ChestXray are not conditionally related under RUQO2,0
DuctFlow and ChestXray are not conditionally related under CO2Report,0
DuctFlow and ChestXray are not conditionally related under XrayReport,0
DuctFlow and ChestXray are conditionally related under Disease,1
DuctFlow and ChestXray are not conditionally related under GruntingReport,0
DuctFlow and ChestXray are not conditionally related under Age,0
DuctFlow and ChestXray are not conditionally related under LVH,0
DuctFlow and ChestXray are not conditionally related under CardiacMixing,0
DuctFlow and ChestXray are not conditionally related under LungParench,0
DuctFlow and ChestXray are not conditionally related under LungFlow,0
DuctFlow and ChestXray are not conditionally related under Sick,0
DuctFlow and Grunting are conditionally related under BirthAsphyxia,1
DuctFlow and Grunting are not conditionally related under HypDistrib,0
DuctFlow and Grunting are not conditionally related under HypoxiaInO2,0
DuctFlow and Grunting are not conditionally related under CO2,0
DuctFlow and Grunting are not conditionally related under ChestXray,0
DuctFlow and Grunting are not conditionally related under LVHreport,0
DuctFlow and Grunting are not conditionally related under LowerBodyO2,0
DuctFlow and Grunting are not conditionally related under RUQO2,0
DuctFlow and Grunting are not conditionally related under CO2Report,0
DuctFlow and Grunting are not conditionally related under XrayReport,0
DuctFlow and Grunting are conditionally related under Disease,1
DuctFlow and Grunting are not conditionally related under GruntingReport,0
DuctFlow and Grunting are not conditionally related under Age,0
DuctFlow and Grunting are not conditionally related under LVH,0
DuctFlow and Grunting are not conditionally related under CardiacMixing,0
DuctFlow and Grunting are not conditionally related under LungParench,0
DuctFlow and Grunting are not conditionally related under LungFlow,0
DuctFlow and Grunting are not conditionally related under Sick,0
DuctFlow and LVHreport are conditionally related under BirthAsphyxia,1
DuctFlow and LVHreport are not conditionally related under HypDistrib,0
DuctFlow and LVHreport are not conditionally related under HypoxiaInO2,0
DuctFlow and LVHreport are not conditionally related under CO2,0
DuctFlow and LVHreport are not conditionally related under ChestXray,0
DuctFlow and LVHreport are not conditionally related under Grunting,0
DuctFlow and LVHreport are not conditionally related under LowerBodyO2,0
DuctFlow and LVHreport are not conditionally related under RUQO2,0
DuctFlow and LVHreport are not conditionally related under CO2Report,0
DuctFlow and LVHreport are not conditionally related under XrayReport,0
DuctFlow and LVHreport are conditionally related under Disease,1
DuctFlow and LVHreport are not conditionally related under GruntingReport,0
DuctFlow and LVHreport are not conditionally related under Age,0
DuctFlow and LVHreport are not conditionally related under LVH,0
DuctFlow and LVHreport are not conditionally related under CardiacMixing,0
DuctFlow and LVHreport are not conditionally related under LungParench,0
DuctFlow and LVHreport are not conditionally related under LungFlow,0
DuctFlow and LVHreport are not conditionally related under Sick,0
DuctFlow and LowerBodyO2 are related,1
DuctFlow and RUQO2 are conditionally related under BirthAsphyxia,1
DuctFlow and RUQO2 are not conditionally related under HypDistrib,0
DuctFlow and RUQO2 are not conditionally related under HypoxiaInO2,0
DuctFlow and RUQO2 are not conditionally related under CO2,0
DuctFlow and RUQO2 are not conditionally related under ChestXray,0
DuctFlow and RUQO2 are not conditionally related under Grunting,0
DuctFlow and RUQO2 are not conditionally related under LVHreport,0
DuctFlow and RUQO2 are not conditionally related under LowerBodyO2,0
DuctFlow and RUQO2 are not conditionally related under CO2Report,0
DuctFlow and RUQO2 are not conditionally related under XrayReport,0
DuctFlow and RUQO2 are conditionally related under Disease,1
DuctFlow and RUQO2 are not conditionally related under GruntingReport,0
DuctFlow and RUQO2 are not conditionally related under Age,0
DuctFlow and RUQO2 are not conditionally related under LVH,0
DuctFlow and RUQO2 are not conditionally related under CardiacMixing,0
DuctFlow and RUQO2 are not conditionally related under LungParench,0
DuctFlow and RUQO2 are not conditionally related under LungFlow,0
DuctFlow and RUQO2 are not conditionally related under Sick,0
DuctFlow and CO2Report are conditionally related under BirthAsphyxia,1
DuctFlow and CO2Report are not conditionally related under HypDistrib,0
DuctFlow and CO2Report are not conditionally related under HypoxiaInO2,0
DuctFlow and CO2Report are not conditionally related under CO2,0
DuctFlow and CO2Report are not conditionally related under ChestXray,0
DuctFlow and CO2Report are not conditionally related under Grunting,0
DuctFlow and CO2Report are not conditionally related under LVHreport,0
DuctFlow and CO2Report are not conditionally related under LowerBodyO2,0
DuctFlow and CO2Report are not conditionally related under RUQO2,0
DuctFlow and CO2Report are not conditionally related under XrayReport,0
DuctFlow and CO2Report are conditionally related under Disease,1
DuctFlow and CO2Report are not conditionally related under GruntingReport,0
DuctFlow and CO2Report are not conditionally related under Age,0
DuctFlow and CO2Report are not conditionally related under LVH,0
DuctFlow and CO2Report are not conditionally related under CardiacMixing,0
DuctFlow and CO2Report are not conditionally related under LungParench,0
DuctFlow and CO2Report are not conditionally related under LungFlow,0
DuctFlow and CO2Report are not conditionally related under Sick,0
DuctFlow and XrayReport are conditionally related under BirthAsphyxia,1
DuctFlow and XrayReport are not conditionally related under HypDistrib,0
DuctFlow and XrayReport are not conditionally related under HypoxiaInO2,0
DuctFlow and XrayReport are not conditionally related under CO2,0
DuctFlow and XrayReport are not conditionally related under ChestXray,0
DuctFlow and XrayReport are not conditionally related under Grunting,0
DuctFlow and XrayReport are not conditionally related under LVHreport,0
DuctFlow and XrayReport are not conditionally related under LowerBodyO2,0
DuctFlow and XrayReport are not conditionally related under RUQO2,0
DuctFlow and XrayReport are not conditionally related under CO2Report,0
DuctFlow and XrayReport are conditionally related under Disease,1
DuctFlow and XrayReport are not conditionally related under GruntingReport,0
DuctFlow and XrayReport are not conditionally related under Age,0
DuctFlow and XrayReport are not conditionally related under LVH,0
DuctFlow and XrayReport are not conditionally related under CardiacMixing,0
DuctFlow and XrayReport are not conditionally related under LungParench,0
DuctFlow and XrayReport are not conditionally related under LungFlow,0
DuctFlow and XrayReport are not conditionally related under Sick,0
DuctFlow and Disease are related,1
DuctFlow and GruntingReport are conditionally related under BirthAsphyxia,1
DuctFlow and GruntingReport are not conditionally related under HypDistrib,0
DuctFlow and GruntingReport are not conditionally related under HypoxiaInO2,0
DuctFlow and GruntingReport are not conditionally related under CO2,0
DuctFlow and GruntingReport are not conditionally related under ChestXray,0
DuctFlow and GruntingReport are not conditionally related under Grunting,0
DuctFlow and GruntingReport are not conditionally related under LVHreport,0
DuctFlow and GruntingReport are not conditionally related under LowerBodyO2,0
DuctFlow and GruntingReport are not conditionally related under RUQO2,0
DuctFlow and GruntingReport are not conditionally related under CO2Report,0
DuctFlow and GruntingReport are not conditionally related under XrayReport,0
DuctFlow and GruntingReport are conditionally related under Disease,1
DuctFlow and GruntingReport are not conditionally related under Age,0
DuctFlow and GruntingReport are not conditionally related under LVH,0
DuctFlow and GruntingReport are not conditionally related under CardiacMixing,0
DuctFlow and GruntingReport are not conditionally related under LungParench,0
DuctFlow and GruntingReport are not conditionally related under LungFlow,0
DuctFlow and GruntingReport are not conditionally related under Sick,0
DuctFlow and Age are conditionally related under BirthAsphyxia,1
DuctFlow and Age are not conditionally related under HypDistrib,0
DuctFlow and Age are not conditionally related under HypoxiaInO2,0
DuctFlow and Age are not conditionally related under CO2,0
DuctFlow and Age are not conditionally related under ChestXray,0
DuctFlow and Age are not conditionally related under Grunting,0
DuctFlow and Age are not conditionally related under LVHreport,0
DuctFlow and Age are not conditionally related under LowerBodyO2,0
DuctFlow and Age are not conditionally related under RUQO2,0
DuctFlow and Age are not conditionally related under CO2Report,0
DuctFlow and Age are not conditionally related under XrayReport,0
DuctFlow and Age are conditionally related under Disease,1
DuctFlow and Age are not conditionally related under GruntingReport,0
DuctFlow and Age are not conditionally related under LVH,0
DuctFlow and Age are not conditionally related under CardiacMixing,0
DuctFlow and Age are not conditionally related under LungParench,0
DuctFlow and Age are not conditionally related under LungFlow,0
DuctFlow and Age are not conditionally related under Sick,0
DuctFlow and LVH are conditionally related under BirthAsphyxia,1
DuctFlow and LVH are not conditionally related under HypDistrib,0
DuctFlow and LVH are not conditionally related under HypoxiaInO2,0
DuctFlow and LVH are not conditionally related under CO2,0
DuctFlow and LVH are not conditionally related under ChestXray,0
DuctFlow and LVH are not conditionally related under Grunting,0
DuctFlow and LVH are not conditionally related under LVHreport,0
DuctFlow and LVH are not conditionally related under LowerBodyO2,0
DuctFlow and LVH are not conditionally related under RUQO2,0
DuctFlow and LVH are not conditionally related under CO2Report,0
DuctFlow and LVH are not conditionally related under XrayReport,0
DuctFlow and LVH are conditionally related under Disease,1
DuctFlow and LVH are not conditionally related under GruntingReport,0
DuctFlow and LVH are not conditionally related under Age,0
DuctFlow and LVH are not conditionally related under CardiacMixing,0
DuctFlow and LVH are not conditionally related under LungParench,0
DuctFlow and LVH are not conditionally related under LungFlow,0
DuctFlow and LVH are not conditionally related under Sick,0
DuctFlow and CardiacMixing are conditionally related under BirthAsphyxia,1
DuctFlow and CardiacMixing are conditionally related under HypDistrib,1
DuctFlow and CardiacMixing are not conditionally related under HypoxiaInO2,0
DuctFlow and CardiacMixing are not conditionally related under CO2,0
DuctFlow and CardiacMixing are not conditionally related under ChestXray,0
DuctFlow and CardiacMixing are not conditionally related under Grunting,0
DuctFlow and CardiacMixing are not conditionally related under LVHreport,0
DuctFlow and CardiacMixing are conditionally related under LowerBodyO2,1
DuctFlow and CardiacMixing are not conditionally related under RUQO2,0
DuctFlow and CardiacMixing are not conditionally related under CO2Report,0
DuctFlow and CardiacMixing are not conditionally related under XrayReport,0
DuctFlow and CardiacMixing are conditionally related under Disease,1
DuctFlow and CardiacMixing are not conditionally related under GruntingReport,0
DuctFlow and CardiacMixing are not conditionally related under Age,0
DuctFlow and CardiacMixing are not conditionally related under LVH,0
DuctFlow and CardiacMixing are not conditionally related under LungParench,0
DuctFlow and CardiacMixing are not conditionally related under LungFlow,0
DuctFlow and CardiacMixing are not conditionally related under Sick,0
DuctFlow and LungParench are conditionally related under BirthAsphyxia,1
DuctFlow and LungParench are not conditionally related under HypDistrib,0
DuctFlow and LungParench are not conditionally related under HypoxiaInO2,0
DuctFlow and LungParench are not conditionally related under CO2,0
DuctFlow and LungParench are not conditionally related under ChestXray,0
DuctFlow and LungParench are not conditionally related under Grunting,0
DuctFlow and LungParench are not conditionally related under LVHreport,0
DuctFlow and LungParench are conditionally related under LowerBodyO2,1
DuctFlow and LungParench are not conditionally related under RUQO2,0
DuctFlow and LungParench are not conditionally related under CO2Report,0
DuctFlow and LungParench are not conditionally related under XrayReport,0
DuctFlow and LungParench are conditionally related under Disease,1
DuctFlow and LungParench are not conditionally related under GruntingReport,0
DuctFlow and LungParench are not conditionally related under Age,0
DuctFlow and LungParench are not conditionally related under LVH,0
DuctFlow and LungParench are not conditionally related under CardiacMixing,0
DuctFlow and LungParench are not conditionally related under LungFlow,0
DuctFlow and LungParench are not conditionally related under Sick,0
DuctFlow and LungFlow are conditionally related under BirthAsphyxia,1
DuctFlow and LungFlow are not conditionally related under HypDistrib,0
DuctFlow and LungFlow are not conditionally related under HypoxiaInO2,0
DuctFlow and LungFlow are not conditionally related under CO2,0
DuctFlow and LungFlow are not conditionally related under ChestXray,0
DuctFlow and LungFlow are not conditionally related under Grunting,0
DuctFlow and LungFlow are not conditionally related under LVHreport,0
DuctFlow and LungFlow are not conditionally related under LowerBodyO2,0
DuctFlow and LungFlow are not conditionally related under RUQO2,0
DuctFlow and LungFlow are not conditionally related under CO2Report,0
DuctFlow and LungFlow are not conditionally related under XrayReport,0
DuctFlow and LungFlow are conditionally related under Disease,1
DuctFlow and LungFlow are not conditionally related under GruntingReport,0
DuctFlow and LungFlow are not conditionally related under Age,0
DuctFlow and LungFlow are not conditionally related under LVH,0
DuctFlow and LungFlow are not conditionally related under CardiacMixing,0
DuctFlow and LungFlow are not conditionally related under LungParench,0
DuctFlow and LungFlow are not conditionally related under Sick,0
DuctFlow and Sick are conditionally related under BirthAsphyxia,1
DuctFlow and Sick are not conditionally related under HypDistrib,0
DuctFlow and Sick are not conditionally related under HypoxiaInO2,0
DuctFlow and Sick are not conditionally related under CO2,0
DuctFlow and Sick are not conditionally related under ChestXray,0
DuctFlow and Sick are not conditionally related under Grunting,0
DuctFlow and Sick are not conditionally related under LVHreport,0
DuctFlow and Sick are not conditionally related under LowerBodyO2,0
DuctFlow and Sick are not conditionally related under RUQO2,0
DuctFlow and Sick are not conditionally related under CO2Report,0
DuctFlow and Sick are not conditionally related under XrayReport,0
DuctFlow and Sick are conditionally related under Disease,1
DuctFlow and Sick are not conditionally related under GruntingReport,0
DuctFlow and Sick are not conditionally related under Age,0
DuctFlow and Sick are not conditionally related under LVH,0
DuctFlow and Sick are not conditionally related under CardiacMixing,0
DuctFlow and Sick are not conditionally related under LungParench,0
DuctFlow and Sick are not conditionally related under LungFlow,0
CardiacMixing and BirthAsphyxia are related,1
CardiacMixing and HypDistrib are related,1
CardiacMixing and HypoxiaInO2 are related,1
CardiacMixing and CO2 are conditionally related under BirthAsphyxia,1
CardiacMixing and CO2 are not conditionally related under HypDistrib,0
CardiacMixing and CO2 are not conditionally related under HypoxiaInO2,0
CardiacMixing and CO2 are not conditionally related under ChestXray,0
CardiacMixing and CO2 are not conditionally related under Grunting,0
CardiacMixing and CO2 are not conditionally related under LVHreport,0
CardiacMixing and CO2 are not conditionally related under LowerBodyO2,0
CardiacMixing and CO2 are not conditionally related under RUQO2,0
CardiacMixing and CO2 are not conditionally related under CO2Report,0
CardiacMixing and CO2 are not conditionally related under XrayReport,0
CardiacMixing and CO2 are conditionally related under Disease,1
CardiacMixing and CO2 are not conditionally related under GruntingReport,0
CardiacMixing and CO2 are not conditionally related under Age,0
CardiacMixing and CO2 are not conditionally related under LVH,0
CardiacMixing and CO2 are not conditionally related under DuctFlow,0
CardiacMixing and CO2 are not conditionally related under LungParench,0
CardiacMixing and CO2 are not conditionally related under LungFlow,0
CardiacMixing and CO2 are not conditionally related under Sick,0
CardiacMixing and ChestXray are conditionally related under BirthAsphyxia,1
CardiacMixing and ChestXray are not conditionally related under HypDistrib,0
CardiacMixing and ChestXray are not conditionally related under HypoxiaInO2,0
CardiacMixing and ChestXray are not conditionally related under CO2,0
CardiacMixing and ChestXray are not conditionally related under Grunting,0
CardiacMixing and ChestXray are not conditionally related under LVHreport,0
CardiacMixing and ChestXray are not conditionally related under LowerBodyO2,0
CardiacMixing and ChestXray are not conditionally related under RUQO2,0
CardiacMixing and ChestXray are not conditionally related under CO2Report,0
CardiacMixing and ChestXray are not conditionally related under XrayReport,0
CardiacMixing and ChestXray are conditionally related under Disease,1
CardiacMixing and ChestXray are not conditionally related under GruntingReport,0
CardiacMixing and ChestXray are not conditionally related under Age,0
CardiacMixing and ChestXray are not conditionally related under LVH,0
CardiacMixing and ChestXray are not conditionally related under DuctFlow,0
CardiacMixing and ChestXray are not conditionally related under LungParench,0
CardiacMixing and ChestXray are not conditionally related under LungFlow,0
CardiacMixing and ChestXray are not conditionally related under Sick,0
CardiacMixing and Grunting are conditionally related under BirthAsphyxia,1
CardiacMixing and Grunting are not conditionally related under HypDistrib,0
CardiacMixing and Grunting are not conditionally related under HypoxiaInO2,0
CardiacMixing and Grunting are not conditionally related under CO2,0
CardiacMixing and Grunting are not conditionally related under ChestXray,0
CardiacMixing and Grunting are not conditionally related under LVHreport,0
CardiacMixing and Grunting are not conditionally related under LowerBodyO2,0
CardiacMixing and Grunting are not conditionally related under RUQO2,0
CardiacMixing and Grunting are not conditionally related under CO2Report,0
CardiacMixing and Grunting are not conditionally related under XrayReport,0
CardiacMixing and Grunting are conditionally related under Disease,1
CardiacMixing and Grunting are not conditionally related under GruntingReport,0
CardiacMixing and Grunting are not conditionally related under Age,0
CardiacMixing and Grunting are not conditionally related under LVH,0
CardiacMixing and Grunting are not conditionally related under DuctFlow,0
CardiacMixing and Grunting are not conditionally related under LungParench,0
CardiacMixing and Grunting are not conditionally related under LungFlow,0
CardiacMixing and Grunting are not conditionally related under Sick,0
CardiacMixing and LVHreport are conditionally related under BirthAsphyxia,1
CardiacMixing and LVHreport are not conditionally related under HypDistrib,0
CardiacMixing and LVHreport are not conditionally related under HypoxiaInO2,0
CardiacMixing and LVHreport are not conditionally related under CO2,0
CardiacMixing and LVHreport are not conditionally related under ChestXray,0
CardiacMixing and LVHreport are not conditionally related under Grunting,0
CardiacMixing and LVHreport are not conditionally related under LowerBodyO2,0
CardiacMixing and LVHreport are not conditionally related under RUQO2,0
CardiacMixing and LVHreport are not conditionally related under CO2Report,0
CardiacMixing and LVHreport are not conditionally related under XrayReport,0
CardiacMixing and LVHreport are conditionally related under Disease,1
CardiacMixing and LVHreport are not conditionally related under GruntingReport,0
CardiacMixing and LVHreport are not conditionally related under Age,0
CardiacMixing and LVHreport are not conditionally related under LVH,0
CardiacMixing and LVHreport are not conditionally related under DuctFlow,0
CardiacMixing and LVHreport are not conditionally related under LungParench,0
CardiacMixing and LVHreport are not conditionally related under LungFlow,0
CardiacMixing and LVHreport are not conditionally related under Sick,0
CardiacMixing and LowerBodyO2 are related,1
CardiacMixing and RUQO2 are related,1
CardiacMixing and CO2Report are conditionally related under BirthAsphyxia,1
CardiacMixing and CO2Report are not conditionally related under HypDistrib,0
CardiacMixing and CO2Report are not conditionally related under HypoxiaInO2,0
CardiacMixing and CO2Report are not conditionally related under CO2,0
CardiacMixing and CO2Report are not conditionally related under ChestXray,0
CardiacMixing and CO2Report are not conditionally related under Grunting,0
CardiacMixing and CO2Report are not conditionally related under LVHreport,0
CardiacMixing and CO2Report are not conditionally related under LowerBodyO2,0
CardiacMixing and CO2Report are not conditionally related under RUQO2,0
CardiacMixing and CO2Report are not conditionally related under XrayReport,0
CardiacMixing and CO2Report are conditionally related under Disease,1
CardiacMixing and CO2Report are not conditionally related under GruntingReport,0
CardiacMixing and CO2Report are not conditionally related under Age,0
CardiacMixing and CO2Report are not conditionally related under LVH,0
CardiacMixing and CO2Report are not conditionally related under DuctFlow,0
CardiacMixing and CO2Report are not conditionally related under LungParench,0
CardiacMixing and CO2Report are not conditionally related under LungFlow,0
CardiacMixing and CO2Report are not conditionally related under Sick,0
CardiacMixing and XrayReport are conditionally related under BirthAsphyxia,1
CardiacMixing and XrayReport are not conditionally related under HypDistrib,0
CardiacMixing and XrayReport are not conditionally related under HypoxiaInO2,0
CardiacMixing and XrayReport are not conditionally related under CO2,0
CardiacMixing and XrayReport are not conditionally related under ChestXray,0
CardiacMixing and XrayReport are not conditionally related under Grunting,0
CardiacMixing and XrayReport are not conditionally related under LVHreport,0
CardiacMixing and XrayReport are not conditionally related under LowerBodyO2,0
CardiacMixing and XrayReport are not conditionally related under RUQO2,0
CardiacMixing and XrayReport are not conditionally related under CO2Report,0
CardiacMixing and XrayReport are conditionally related under Disease,1
CardiacMixing and XrayReport are not conditionally related under GruntingReport,0
CardiacMixing and XrayReport are not conditionally related under Age,0
CardiacMixing and XrayReport are not conditionally related under LVH,0
CardiacMixing and XrayReport are not conditionally related under DuctFlow,0
CardiacMixing and XrayReport are not conditionally related under LungParench,0
CardiacMixing and XrayReport are not conditionally related under LungFlow,0
CardiacMixing and XrayReport are not conditionally related under Sick,0
CardiacMixing and Disease are related,1
CardiacMixing and GruntingReport are conditionally related under BirthAsphyxia,1
CardiacMixing and GruntingReport are not conditionally related under HypDistrib,0
CardiacMixing and GruntingReport are not conditionally related under HypoxiaInO2,0
CardiacMixing and GruntingReport are not conditionally related under CO2,0
CardiacMixing and GruntingReport are not conditionally related under ChestXray,0
CardiacMixing and GruntingReport are not conditionally related under Grunting,0
CardiacMixing and GruntingReport are not conditionally related under LVHreport,0
CardiacMixing and GruntingReport are not conditionally related under LowerBodyO2,0
CardiacMixing and GruntingReport are not conditionally related under RUQO2,0
CardiacMixing and GruntingReport are not conditionally related under CO2Report,0
CardiacMixing and GruntingReport are not conditionally related under XrayReport,0
CardiacMixing and GruntingReport are conditionally related under Disease,1
CardiacMixing and GruntingReport are not conditionally related under Age,0
CardiacMixing and GruntingReport are not conditionally related under LVH,0
CardiacMixing and GruntingReport are not conditionally related under DuctFlow,0
CardiacMixing and GruntingReport are not conditionally related under LungParench,0
CardiacMixing and GruntingReport are not conditionally related under LungFlow,0
CardiacMixing and GruntingReport are not conditionally related under Sick,0
CardiacMixing and Age are conditionally related under BirthAsphyxia,1
CardiacMixing and Age are not conditionally related under HypDistrib,0
CardiacMixing and Age are not conditionally related under HypoxiaInO2,0
CardiacMixing and Age are not conditionally related under CO2,0
CardiacMixing and Age are not conditionally related under ChestXray,0
CardiacMixing and Age are not conditionally related under Grunting,0
CardiacMixing and Age are not conditionally related under LVHreport,0
CardiacMixing and Age are not conditionally related under LowerBodyO2,0
CardiacMixing and Age are not conditionally related under RUQO2,0
CardiacMixing and Age are not conditionally related under CO2Report,0
CardiacMixing and Age are not conditionally related under XrayReport,0
CardiacMixing and Age are conditionally related under Disease,1
CardiacMixing and Age are not conditionally related under GruntingReport,0
CardiacMixing and Age are not conditionally related under LVH,0
CardiacMixing and Age are not conditionally related under DuctFlow,0
CardiacMixing and Age are not conditionally related under LungParench,0
CardiacMixing and Age are not conditionally related under LungFlow,0
CardiacMixing and Age are not conditionally related under Sick,0
CardiacMixing and LVH are conditionally related under BirthAsphyxia,1
CardiacMixing and LVH are not conditionally related under HypDistrib,0
CardiacMixing and LVH are not conditionally related under HypoxiaInO2,0
CardiacMixing and LVH are not conditionally related under CO2,0
CardiacMixing and LVH are not conditionally related under ChestXray,0
CardiacMixing and LVH are not conditionally related under Grunting,0
CardiacMixing and LVH are not conditionally related under LVHreport,0
CardiacMixing and LVH are not conditionally related under LowerBodyO2,0
CardiacMixing and LVH are not conditionally related under RUQO2,0
CardiacMixing and LVH are not conditionally related under CO2Report,0
CardiacMixing and LVH are not conditionally related under XrayReport,0
CardiacMixing and LVH are conditionally related under Disease,1
CardiacMixing and LVH are not conditionally related under GruntingReport,0
CardiacMixing and LVH are not conditionally related under Age,0
CardiacMixing and LVH are not conditionally related under DuctFlow,0
CardiacMixing and LVH are not conditionally related under LungParench,0
CardiacMixing and LVH are not conditionally related under LungFlow,0
CardiacMixing and LVH are not conditionally related under Sick,0
CardiacMixing and DuctFlow are conditionally related under BirthAsphyxia,1
CardiacMixing and DuctFlow are conditionally related under HypDistrib,1
CardiacMixing and DuctFlow are not conditionally related under HypoxiaInO2,0
CardiacMixing and DuctFlow are not conditionally related under CO2,0
CardiacMixing and DuctFlow are not conditionally related under ChestXray,0
CardiacMixing and DuctFlow are not conditionally related under Grunting,0
CardiacMixing and DuctFlow are not conditionally related under LVHreport,0
CardiacMixing and DuctFlow are conditionally related under LowerBodyO2,1
CardiacMixing and DuctFlow are not conditionally related under RUQO2,0
CardiacMixing and DuctFlow are not conditionally related under CO2Report,0
CardiacMixing and DuctFlow are not conditionally related under XrayReport,0
CardiacMixing and DuctFlow are conditionally related under Disease,1
CardiacMixing and DuctFlow are not conditionally related under GruntingReport,0
CardiacMixing and DuctFlow are not conditionally related under Age,0
CardiacMixing and DuctFlow are not conditionally related under LVH,0
CardiacMixing and DuctFlow are not conditionally related under LungParench,0
CardiacMixing and DuctFlow are not conditionally related under LungFlow,0
CardiacMixing and DuctFlow are not conditionally related under Sick,0
CardiacMixing and LungParench are conditionally related under BirthAsphyxia,1
CardiacMixing and LungParench are not conditionally related under HypDistrib,0
CardiacMixing and LungParench are conditionally related under HypoxiaInO2,1
CardiacMixing and LungParench are not conditionally related under CO2,0
CardiacMixing and LungParench are not conditionally related under ChestXray,0
CardiacMixing and LungParench are not conditionally related under Grunting,0
CardiacMixing and LungParench are not conditionally related under LVHreport,0
CardiacMixing and LungParench are conditionally related under LowerBodyO2,1
CardiacMixing and LungParench are conditionally related under RUQO2,1
CardiacMixing and LungParench are not conditionally related under CO2Report,0
CardiacMixing and LungParench are not conditionally related under XrayReport,0
CardiacMixing and LungParench are conditionally related under Disease,1
CardiacMixing and LungParench are not conditionally related under GruntingReport,0
CardiacMixing and LungParench are not conditionally related under Age,0
CardiacMixing and LungParench are not conditionally related under LVH,0
CardiacMixing and LungParench are not conditionally related under DuctFlow,0
CardiacMixing and LungParench are not conditionally related under LungFlow,0
CardiacMixing and LungParench are not conditionally related under Sick,0
CardiacMixing and LungFlow are conditionally related under BirthAsphyxia,1
CardiacMixing and LungFlow are not conditionally related under HypDistrib,0
CardiacMixing and LungFlow are not conditionally related under HypoxiaInO2,0
CardiacMixing and LungFlow are not conditionally related under CO2,0
CardiacMixing and LungFlow are not conditionally related under ChestXray,0
CardiacMixing and LungFlow are not conditionally related under Grunting,0
CardiacMixing and LungFlow are not conditionally related under LVHreport,0
CardiacMixing and LungFlow are not conditionally related under LowerBodyO2,0
CardiacMixing and LungFlow are not conditionally related under RUQO2,0
CardiacMixing and LungFlow are not conditionally related under CO2Report,0
CardiacMixing and LungFlow are not conditionally related under XrayReport,0
CardiacMixing and LungFlow are conditionally related under Disease,1
CardiacMixing and LungFlow are not conditionally related under GruntingReport,0
CardiacMixing and LungFlow are not conditionally related under Age,0
CardiacMixing and LungFlow are not conditionally related under LVH,0
CardiacMixing and LungFlow are not conditionally related under DuctFlow,0
CardiacMixing and LungFlow are not conditionally related under LungParench,0
CardiacMixing and LungFlow are not conditionally related under Sick,0
CardiacMixing and Sick are conditionally related under BirthAsphyxia,1
CardiacMixing and Sick are not conditionally related under HypDistrib,0
CardiacMixing and Sick are not conditionally related under HypoxiaInO2,0
CardiacMixing and Sick are not conditionally related under CO2,0
CardiacMixing and Sick are not conditionally related under ChestXray,0
CardiacMixing and Sick are not conditionally related under Grunting,0
CardiacMixing and Sick are not conditionally related under LVHreport,0
CardiacMixing and Sick are not conditionally related under LowerBodyO2,0
CardiacMixing and Sick are not conditionally related under RUQO2,0
CardiacMixing and Sick are not conditionally related under CO2Report,0
CardiacMixing and Sick are not conditionally related under XrayReport,0
CardiacMixing and Sick are conditionally related under Disease,1
CardiacMixing and Sick are not conditionally related under GruntingReport,0
CardiacMixing and Sick are not conditionally related under Age,0
CardiacMixing and Sick are not conditionally related under LVH,0
CardiacMixing and Sick are not conditionally related under DuctFlow,0
CardiacMixing and Sick are not conditionally related under LungParench,0
CardiacMixing and Sick are not conditionally related under LungFlow,0
LungParench and BirthAsphyxia are related,1
LungParench and HypDistrib are conditionally related under BirthAsphyxia,1
LungParench and HypDistrib are not conditionally related under HypoxiaInO2,0
LungParench and HypDistrib are not conditionally related under CO2,0
LungParench and HypDistrib are not conditionally related under ChestXray,0
LungParench and HypDistrib are not conditionally related under Grunting,0
LungParench and HypDistrib are not conditionally related under LVHreport,0
LungParench and HypDistrib are conditionally related under LowerBodyO2,1
LungParench and HypDistrib are not conditionally related under RUQO2,0
LungParench and HypDistrib are not conditionally related under CO2Report,0
LungParench and HypDistrib are not conditionally related under XrayReport,0
LungParench and HypDistrib are conditionally related under Disease,1
LungParench and HypDistrib are not conditionally related under GruntingReport,0
LungParench and HypDistrib are not conditionally related under Age,0
LungParench and HypDistrib are not conditionally related under LVH,0
LungParench and HypDistrib are not conditionally related under DuctFlow,0
LungParench and HypDistrib are not conditionally related under CardiacMixing,0
LungParench and HypDistrib are not conditionally related under LungFlow,0
LungParench and HypDistrib are not conditionally related under Sick,0
LungParench and HypoxiaInO2 are related,1
LungParench and CO2 are related,1
LungParench and ChestXray are related,1
LungParench and Grunting are related,1
LungParench and LVHreport are conditionally related under BirthAsphyxia,1
LungParench and LVHreport are not conditionally related under HypDistrib,0
LungParench and LVHreport are not conditionally related under HypoxiaInO2,0
LungParench and LVHreport are not conditionally related under CO2,0
LungParench and LVHreport are not conditionally related under ChestXray,0
LungParench and LVHreport are not conditionally related under Grunting,0
LungParench and LVHreport are not conditionally related under LowerBodyO2,0
LungParench and LVHreport are not conditionally related under RUQO2,0
LungParench and LVHreport are not conditionally related under CO2Report,0
LungParench and LVHreport are not conditionally related under XrayReport,0
LungParench and LVHreport are conditionally related under Disease,1
LungParench and LVHreport are not conditionally related under GruntingReport,0
LungParench and LVHreport are not conditionally related under Age,0
LungParench and LVHreport are not conditionally related under LVH,0
LungParench and LVHreport are not conditionally related under DuctFlow,0
LungParench and LVHreport are not conditionally related under CardiacMixing,0
LungParench and LVHreport are not conditionally related under LungFlow,0
LungParench and LVHreport are not conditionally related under Sick,0
LungParench and LowerBodyO2 are related,1
LungParench and RUQO2 are related,1
LungParench and CO2Report are related,1
LungParench and XrayReport are related,1
LungParench and Disease are related,1
LungParench and GruntingReport are related,1
LungParench and Age are conditionally related under BirthAsphyxia,1
LungParench and Age are not conditionally related under HypDistrib,0
LungParench and Age are not conditionally related under HypoxiaInO2,0
LungParench and Age are not conditionally related under CO2,0
LungParench and Age are not conditionally related under ChestXray,0
LungParench and Age are not conditionally related under Grunting,0
LungParench and Age are not conditionally related under LVHreport,0
LungParench and Age are not conditionally related under LowerBodyO2,0
LungParench and Age are not conditionally related under RUQO2,0
LungParench and Age are not conditionally related under CO2Report,0
LungParench and Age are not conditionally related under XrayReport,0
LungParench and Age are conditionally related under Disease,1
LungParench and Age are not conditionally related under GruntingReport,0
LungParench and Age are not conditionally related under LVH,0
LungParench and Age are not conditionally related under DuctFlow,0
LungParench and Age are not conditionally related under CardiacMixing,0
LungParench and Age are not conditionally related under LungFlow,0
LungParench and Age are not conditionally related under Sick,0
LungParench and LVH are conditionally related under BirthAsphyxia,1
LungParench and LVH are not conditionally related under HypDistrib,0
LungParench and LVH are not conditionally related under HypoxiaInO2,0
LungParench and LVH are not conditionally related under CO2,0
LungParench and LVH are not conditionally related under ChestXray,0
LungParench and LVH are not conditionally related under Grunting,0
LungParench and LVH are not conditionally related under LVHreport,0
LungParench and LVH are not conditionally related under LowerBodyO2,0
LungParench and LVH are not conditionally related under RUQO2,0
LungParench and LVH are not conditionally related under CO2Report,0
LungParench and LVH are not conditionally related under XrayReport,0
LungParench and LVH are conditionally related under Disease,1
LungParench and LVH are not conditionally related under GruntingReport,0
LungParench and LVH are not conditionally related under Age,0
LungParench and LVH are not conditionally related under DuctFlow,0
LungParench and LVH are not conditionally related under CardiacMixing,0
LungParench and LVH are not conditionally related under LungFlow,0
LungParench and LVH are not conditionally related under Sick,0
LungParench and DuctFlow are conditionally related under BirthAsphyxia,1
LungParench and DuctFlow are not conditionally related under HypDistrib,0
LungParench and DuctFlow are not conditionally related under HypoxiaInO2,0
LungParench and DuctFlow are not conditionally related under CO2,0
LungParench and DuctFlow are not conditionally related under ChestXray,0
LungParench and DuctFlow are not conditionally related under Grunting,0
LungParench and DuctFlow are not conditionally related under LVHreport,0
LungParench and DuctFlow are conditionally related under LowerBodyO2,1
LungParench and DuctFlow are not conditionally related under RUQO2,0
LungParench and DuctFlow are not conditionally related under CO2Report,0
LungParench and DuctFlow are not conditionally related under XrayReport,0
LungParench and DuctFlow are conditionally related under Disease,1
LungParench and DuctFlow are not conditionally related under GruntingReport,0
LungParench and DuctFlow are not conditionally related under Age,0
LungParench and DuctFlow are not conditionally related under LVH,0
LungParench and DuctFlow are not conditionally related under CardiacMixing,0
LungParench and DuctFlow are not conditionally related under LungFlow,0
LungParench and DuctFlow are not conditionally related under Sick,0
LungParench and CardiacMixing are conditionally related under BirthAsphyxia,1
LungParench and CardiacMixing are not conditionally related under HypDistrib,0
LungParench and CardiacMixing are conditionally related under HypoxiaInO2,1
LungParench and CardiacMixing are not conditionally related under CO2,0
LungParench and CardiacMixing are not conditionally related under ChestXray,0
LungParench and CardiacMixing are not conditionally related under Grunting,0
LungParench and CardiacMixing are not conditionally related under LVHreport,0
LungParench and CardiacMixing are conditionally related under LowerBodyO2,1
LungParench and CardiacMixing are conditionally related under RUQO2,1
LungParench and CardiacMixing are not conditionally related under CO2Report,0
LungParench and CardiacMixing are not conditionally related under XrayReport,0
LungParench and CardiacMixing are conditionally related under Disease,1
LungParench and CardiacMixing are not conditionally related under GruntingReport,0
LungParench and CardiacMixing are not conditionally related under Age,0
LungParench and CardiacMixing are not conditionally related under LVH,0
LungParench and CardiacMixing are not conditionally related under DuctFlow,0
LungParench and CardiacMixing are not conditionally related under LungFlow,0
LungParench and CardiacMixing are not conditionally related under Sick,0
LungParench and LungFlow are conditionally related under BirthAsphyxia,1
LungParench and LungFlow are not conditionally related under HypDistrib,0
LungParench and LungFlow are not conditionally related under HypoxiaInO2,0
LungParench and LungFlow are not conditionally related under CO2,0
LungParench and LungFlow are conditionally related under ChestXray,1
LungParench and LungFlow are not conditionally related under Grunting,0
LungParench and LungFlow are not conditionally related under LVHreport,0
LungParench and LungFlow are not conditionally related under LowerBodyO2,0
LungParench and LungFlow are not conditionally related under RUQO2,0
LungParench and LungFlow are not conditionally related under CO2Report,0
LungParench and LungFlow are conditionally related under XrayReport,1
LungParench and LungFlow are conditionally related under Disease,1
LungParench and LungFlow are not conditionally related under GruntingReport,0
LungParench and LungFlow are not conditionally related under Age,0
LungParench and LungFlow are not conditionally related under LVH,0
LungParench and LungFlow are not conditionally related under DuctFlow,0
LungParench and LungFlow are not conditionally related under CardiacMixing,0
LungParench and LungFlow are not conditionally related under Sick,0
LungParench and Sick are conditionally related under BirthAsphyxia,1
LungParench and Sick are not conditionally related under HypDistrib,0
LungParench and Sick are not conditionally related under HypoxiaInO2,0
LungParench and Sick are not conditionally related under CO2,0
LungParench and Sick are not conditionally related under ChestXray,0
LungParench and Sick are conditionally related under Grunting,1
LungParench and Sick are not conditionally related under LVHreport,0
LungParench and Sick are not conditionally related under LowerBodyO2,0
LungParench and Sick are not conditionally related under RUQO2,0
LungParench and Sick are not conditionally related under CO2Report,0
LungParench and Sick are not conditionally related under XrayReport,0
LungParench and Sick are conditionally related under Disease,1
LungParench and Sick are conditionally related under GruntingReport,1
LungParench and Sick are not conditionally related under Age,0
LungParench and Sick are not conditionally related under LVH,0
LungParench and Sick are not conditionally related under DuctFlow,0
LungParench and Sick are not conditionally related under CardiacMixing,0
LungParench and Sick are not conditionally related under LungFlow,0
LungFlow and BirthAsphyxia are related,1
LungFlow and HypDistrib are conditionally related under BirthAsphyxia,1
LungFlow and HypDistrib are not conditionally related under HypoxiaInO2,0
LungFlow and HypDistrib are not conditionally related under CO2,0
LungFlow and HypDistrib are not conditionally related under ChestXray,0
LungFlow and HypDistrib are not conditionally related under Grunting,0
LungFlow and HypDistrib are not conditionally related under LVHreport,0
LungFlow and HypDistrib are not conditionally related under LowerBodyO2,0
LungFlow and HypDistrib are not conditionally related under RUQO2,0
LungFlow and HypDistrib are not conditionally related under CO2Report,0
LungFlow and HypDistrib are not conditionally related under XrayReport,0
LungFlow and HypDistrib are conditionally related under Disease,1
LungFlow and HypDistrib are not conditionally related under GruntingReport,0
LungFlow and HypDistrib are not conditionally related under Age,0
LungFlow and HypDistrib are not conditionally related under LVH,0
LungFlow and HypDistrib are not conditionally related under DuctFlow,0
LungFlow and HypDistrib are not conditionally related under CardiacMixing,0
LungFlow and HypDistrib are not conditionally related under LungParench,0
LungFlow and HypDistrib are not conditionally related under Sick,0
LungFlow and HypoxiaInO2 are conditionally related under BirthAsphyxia,1
LungFlow and HypoxiaInO2 are not conditionally related under HypDistrib,0
LungFlow and HypoxiaInO2 are not conditionally related under CO2,0
LungFlow and HypoxiaInO2 are not conditionally related under ChestXray,0
LungFlow and HypoxiaInO2 are not conditionally related under Grunting,0
LungFlow and HypoxiaInO2 are not conditionally related under LVHreport,0
LungFlow and HypoxiaInO2 are not conditionally related under LowerBodyO2,0
LungFlow and HypoxiaInO2 are not conditionally related under RUQO2,0
LungFlow and HypoxiaInO2 are not conditionally related under CO2Report,0
LungFlow and HypoxiaInO2 are not conditionally related under XrayReport,0
LungFlow and HypoxiaInO2 are conditionally related under Disease,1
LungFlow and HypoxiaInO2 are not conditionally related under GruntingReport,0
LungFlow and HypoxiaInO2 are not conditionally related under Age,0
LungFlow and HypoxiaInO2 are not conditionally related under LVH,0
LungFlow and HypoxiaInO2 are not conditionally related under DuctFlow,0
LungFlow and HypoxiaInO2 are not conditionally related under CardiacMixing,0
LungFlow and HypoxiaInO2 are not conditionally related under LungParench,0
LungFlow and HypoxiaInO2 are not conditionally related under Sick,0
LungFlow and CO2 are conditionally related under BirthAsphyxia,1
LungFlow and CO2 are not conditionally related under HypDistrib,0
LungFlow and CO2 are not conditionally related under HypoxiaInO2,0
LungFlow and CO2 are not conditionally related under ChestXray,0
LungFlow and CO2 are not conditionally related under Grunting,0
LungFlow and CO2 are not conditionally related under LVHreport,0
LungFlow and CO2 are not conditionally related under LowerBodyO2,0
LungFlow and CO2 are not conditionally related under RUQO2,0
LungFlow and CO2 are not conditionally related under CO2Report,0
LungFlow and CO2 are not conditionally related under XrayReport,0
LungFlow and CO2 are conditionally related under Disease,1
LungFlow and CO2 are not conditionally related under GruntingReport,0
LungFlow and CO2 are not conditionally related under Age,0
LungFlow and CO2 are not conditionally related under LVH,0
LungFlow and CO2 are not conditionally related under DuctFlow,0
LungFlow and CO2 are not conditionally related under CardiacMixing,0
LungFlow and CO2 are not conditionally related under LungParench,0
LungFlow and CO2 are not conditionally related under Sick,0
LungFlow and ChestXray are related,1
LungFlow and Grunting are conditionally related under BirthAsphyxia,1
LungFlow and Grunting are not conditionally related under HypDistrib,0
LungFlow and Grunting are not conditionally related under HypoxiaInO2,0
LungFlow and Grunting are not conditionally related under CO2,0
LungFlow and Grunting are not conditionally related under ChestXray,0
LungFlow and Grunting are not conditionally related under LVHreport,0
LungFlow and Grunting are not conditionally related under LowerBodyO2,0
LungFlow and Grunting are not conditionally related under RUQO2,0
LungFlow and Grunting are not conditionally related under CO2Report,0
LungFlow and Grunting are not conditionally related under XrayReport,0
LungFlow and Grunting are conditionally related under Disease,1
LungFlow and Grunting are not conditionally related under GruntingReport,0
LungFlow and Grunting are not conditionally related under Age,0
LungFlow and Grunting are not conditionally related under LVH,0
LungFlow and Grunting are not conditionally related under DuctFlow,0
LungFlow and Grunting are not conditionally related under CardiacMixing,0
LungFlow and Grunting are not conditionally related under LungParench,0
LungFlow and Grunting are not conditionally related under Sick,0
LungFlow and LVHreport are conditionally related under BirthAsphyxia,1
LungFlow and LVHreport are not conditionally related under HypDistrib,0
LungFlow and LVHreport are not conditionally related under HypoxiaInO2,0
LungFlow and LVHreport are not conditionally related under CO2,0
LungFlow and LVHreport are not conditionally related under ChestXray,0
LungFlow and LVHreport are not conditionally related under Grunting,0
LungFlow and LVHreport are not conditionally related under LowerBodyO2,0
LungFlow and LVHreport are not conditionally related under RUQO2,0
LungFlow and LVHreport are not conditionally related under CO2Report,0
LungFlow and LVHreport are not conditionally related under XrayReport,0
LungFlow and LVHreport are conditionally related under Disease,1
LungFlow and LVHreport are not conditionally related under GruntingReport,0
LungFlow and LVHreport are not conditionally related under Age,0
LungFlow and LVHreport are not conditionally related under LVH,0
LungFlow and LVHreport are not conditionally related under DuctFlow,0
LungFlow and LVHreport are not conditionally related under CardiacMixing,0
LungFlow and LVHreport are not conditionally related under LungParench,0
LungFlow and LVHreport are not conditionally related under Sick,0
LungFlow and LowerBodyO2 are conditionally related under BirthAsphyxia,1
LungFlow and LowerBodyO2 are not conditionally related under HypDistrib,0
LungFlow and LowerBodyO2 are not conditionally related under HypoxiaInO2,0
LungFlow and LowerBodyO2 are not conditionally related under CO2,0
LungFlow and LowerBodyO2 are not conditionally related under ChestXray,0
LungFlow and LowerBodyO2 are not conditionally related under Grunting,0
LungFlow and LowerBodyO2 are not conditionally related under LVHreport,0
LungFlow and LowerBodyO2 are not conditionally related under RUQO2,0
LungFlow and LowerBodyO2 are not conditionally related under CO2Report,0
LungFlow and LowerBodyO2 are not conditionally related under XrayReport,0
LungFlow and LowerBodyO2 are conditionally related under Disease,1
LungFlow and LowerBodyO2 are not conditionally related under GruntingReport,0
LungFlow and LowerBodyO2 are not conditionally related under Age,0
LungFlow and LowerBodyO2 are not conditionally related under LVH,0
LungFlow and LowerBodyO2 are not conditionally related under DuctFlow,0
LungFlow and LowerBodyO2 are not conditionally related under CardiacMixing,0
LungFlow and LowerBodyO2 are not conditionally related under LungParench,0
LungFlow and LowerBodyO2 are not conditionally related under Sick,0
LungFlow and RUQO2 are conditionally related under BirthAsphyxia,1
LungFlow and RUQO2 are not conditionally related under HypDistrib,0
LungFlow and RUQO2 are not conditionally related under HypoxiaInO2,0
LungFlow and RUQO2 are not conditionally related under CO2,0
LungFlow and RUQO2 are not conditionally related under ChestXray,0
LungFlow and RUQO2 are not conditionally related under Grunting,0
LungFlow and RUQO2 are not conditionally related under LVHreport,0
LungFlow and RUQO2 are not conditionally related under LowerBodyO2,0
LungFlow and RUQO2 are not conditionally related under CO2Report,0
LungFlow and RUQO2 are not conditionally related under XrayReport,0
LungFlow and RUQO2 are conditionally related under Disease,1
LungFlow and RUQO2 are not conditionally related under GruntingReport,0
LungFlow and RUQO2 are not conditionally related under Age,0
LungFlow and RUQO2 are not conditionally related under LVH,0
LungFlow and RUQO2 are not conditionally related under DuctFlow,0
LungFlow and RUQO2 are not conditionally related under CardiacMixing,0
LungFlow and RUQO2 are not conditionally related under LungParench,0
LungFlow and RUQO2 are not conditionally related under Sick,0
LungFlow and CO2Report are conditionally related under BirthAsphyxia,1
LungFlow and CO2Report are not conditionally related under HypDistrib,0
LungFlow and CO2Report are not conditionally related under HypoxiaInO2,0
LungFlow and CO2Report are not conditionally related under CO2,0
LungFlow and CO2Report are not conditionally related under ChestXray,0
LungFlow and CO2Report are not conditionally related under Grunting,0
LungFlow and CO2Report are not conditionally related under LVHreport,0
LungFlow and CO2Report are not conditionally related under LowerBodyO2,0
LungFlow and CO2Report are not conditionally related under RUQO2,0
LungFlow and CO2Report are not conditionally related under XrayReport,0
LungFlow and CO2Report are conditionally related under Disease,1
LungFlow and CO2Report are not conditionally related under GruntingReport,0
LungFlow and CO2Report are not conditionally related under Age,0
LungFlow and CO2Report are not conditionally related under LVH,0
LungFlow and CO2Report are not conditionally related under DuctFlow,0
LungFlow and CO2Report are not conditionally related under CardiacMixing,0
LungFlow and CO2Report are not conditionally related under LungParench,0
LungFlow and CO2Report are not conditionally related under Sick,0
LungFlow and XrayReport are related,1
LungFlow and Disease are related,1
LungFlow and GruntingReport are conditionally related under BirthAsphyxia,1
LungFlow and GruntingReport are not conditionally related under HypDistrib,0
LungFlow and GruntingReport are not conditionally related under HypoxiaInO2,0
LungFlow and GruntingReport are not conditionally related under CO2,0
LungFlow and GruntingReport are not conditionally related under ChestXray,0
LungFlow and GruntingReport are not conditionally related under Grunting,0
LungFlow and GruntingReport are not conditionally related under LVHreport,0
LungFlow and GruntingReport are not conditionally related under LowerBodyO2,0
LungFlow and GruntingReport are not conditionally related under RUQO2,0
LungFlow and GruntingReport are not conditionally related under CO2Report,0
LungFlow and GruntingReport are not conditionally related under XrayReport,0
LungFlow and GruntingReport are conditionally related under Disease,1
LungFlow and GruntingReport are not conditionally related under Age,0
LungFlow and GruntingReport are not conditionally related under LVH,0
LungFlow and GruntingReport are not conditionally related under DuctFlow,0
LungFlow and GruntingReport are not conditionally related under CardiacMixing,0
LungFlow and GruntingReport are not conditionally related under LungParench,0
LungFlow and GruntingReport are not conditionally related under Sick,0
LungFlow and Age are conditionally related under BirthAsphyxia,1
LungFlow and Age are not conditionally related under HypDistrib,0
LungFlow and Age are not conditionally related under HypoxiaInO2,0
LungFlow and Age are not conditionally related under CO2,0
LungFlow and Age are not conditionally related under ChestXray,0
LungFlow and Age are not conditionally related under Grunting,0
LungFlow and Age are not conditionally related under LVHreport,0
LungFlow and Age are not conditionally related under LowerBodyO2,0
LungFlow and Age are not conditionally related under RUQO2,0
LungFlow and Age are not conditionally related under CO2Report,0
LungFlow and Age are not conditionally related under XrayReport,0
LungFlow and Age are conditionally related under Disease,1
LungFlow and Age are not conditionally related under GruntingReport,0
LungFlow and Age are not conditionally related under LVH,0
LungFlow and Age are not conditionally related under DuctFlow,0
LungFlow and Age are not conditionally related under CardiacMixing,0
LungFlow and Age are not conditionally related under LungParench,0
LungFlow and Age are not conditionally related under Sick,0
LungFlow and LVH are conditionally related under BirthAsphyxia,1
LungFlow and LVH are not conditionally related under HypDistrib,0
LungFlow and LVH are not conditionally related under HypoxiaInO2,0
LungFlow and LVH are not conditionally related under CO2,0
LungFlow and LVH are not conditionally related under ChestXray,0
LungFlow and LVH are not conditionally related under Grunting,0
LungFlow and LVH are not conditionally related under LVHreport,0
LungFlow and LVH are not conditionally related under LowerBodyO2,0
LungFlow and LVH are not conditionally related under RUQO2,0
LungFlow and LVH are not conditionally related under CO2Report,0
LungFlow and LVH are not conditionally related under XrayReport,0
LungFlow and LVH are conditionally related under Disease,1
LungFlow and LVH are not conditionally related under GruntingReport,0
LungFlow and LVH are not conditionally related under Age,0
LungFlow and LVH are not conditionally related under DuctFlow,0
LungFlow and LVH are not conditionally related under CardiacMixing,0
LungFlow and LVH are not conditionally related under LungParench,0
LungFlow and LVH are not conditionally related under Sick,0
LungFlow and DuctFlow are conditionally related under BirthAsphyxia,1
LungFlow and DuctFlow are not conditionally related under HypDistrib,0
LungFlow and DuctFlow are not conditionally related under HypoxiaInO2,0
LungFlow and DuctFlow are not conditionally related under CO2,0
LungFlow and DuctFlow are not conditionally related under ChestXray,0
LungFlow and DuctFlow are not conditionally related under Grunting,0
LungFlow and DuctFlow are not conditionally related under LVHreport,0
LungFlow and DuctFlow are not conditionally related under LowerBodyO2,0
LungFlow and DuctFlow are not conditionally related under RUQO2,0
LungFlow and DuctFlow are not conditionally related under CO2Report,0
LungFlow and DuctFlow are not conditionally related under XrayReport,0
LungFlow and DuctFlow are conditionally related under Disease,1
LungFlow and DuctFlow are not conditionally related under GruntingReport,0
LungFlow and DuctFlow are not conditionally related under Age,0
LungFlow and DuctFlow are not conditionally related under LVH,0
LungFlow and DuctFlow are not conditionally related under CardiacMixing,0
LungFlow and DuctFlow are not conditionally related under LungParench,0
LungFlow and DuctFlow are not conditionally related under Sick,0
LungFlow and CardiacMixing are conditionally related under BirthAsphyxia,1
LungFlow and CardiacMixing are not conditionally related under HypDistrib,0
LungFlow and CardiacMixing are not conditionally related under HypoxiaInO2,0
LungFlow and CardiacMixing are not conditionally related under CO2,0
LungFlow and CardiacMixing are not conditionally related under ChestXray,0
LungFlow and CardiacMixing are not conditionally related under Grunting,0
LungFlow and CardiacMixing are not conditionally related under LVHreport,0
LungFlow and CardiacMixing are not conditionally related under LowerBodyO2,0
LungFlow and CardiacMixing are not conditionally related under RUQO2,0
LungFlow and CardiacMixing are not conditionally related under CO2Report,0
LungFlow and CardiacMixing are not conditionally related under XrayReport,0
LungFlow and CardiacMixing are conditionally related under Disease,1
LungFlow and CardiacMixing are not conditionally related under GruntingReport,0
LungFlow and CardiacMixing are not conditionally related under Age,0
LungFlow and CardiacMixing are not conditionally related under LVH,0
LungFlow and CardiacMixing are not conditionally related under DuctFlow,0
LungFlow and CardiacMixing are not conditionally related under LungParench,0
LungFlow and CardiacMixing are not conditionally related under Sick,0
LungFlow and LungParench are conditionally related under BirthAsphyxia,1
LungFlow and LungParench are not conditionally related under HypDistrib,0
LungFlow and LungParench are not conditionally related under HypoxiaInO2,0
LungFlow and LungParench are not conditionally related under CO2,0
LungFlow and LungParench are conditionally related under ChestXray,1
LungFlow and LungParench are not conditionally related under Grunting,0
LungFlow and LungParench are not conditionally related under LVHreport,0
LungFlow and LungParench are not conditionally related under LowerBodyO2,0
LungFlow and LungParench are not conditionally related under RUQO2,0
LungFlow and LungParench are not conditionally related under CO2Report,0
LungFlow and LungParench are conditionally related under XrayReport,1
LungFlow and LungParench are conditionally related under Disease,1
LungFlow and LungParench are not conditionally related under GruntingReport,0
LungFlow and LungParench are not conditionally related under Age,0
LungFlow and LungParench are not conditionally related under LVH,0
LungFlow and LungParench are not conditionally related under DuctFlow,0
LungFlow and LungParench are not conditionally related under CardiacMixing,0
LungFlow and LungParench are not conditionally related under Sick,0
LungFlow and Sick are conditionally related under BirthAsphyxia,1
LungFlow and Sick are not conditionally related under HypDistrib,0
LungFlow and Sick are not conditionally related under HypoxiaInO2,0
LungFlow and Sick are not conditionally related under CO2,0
LungFlow and Sick are not conditionally related under ChestXray,0
LungFlow and Sick are not conditionally related under Grunting,0
LungFlow and Sick are not conditionally related under LVHreport,0
LungFlow and Sick are not conditionally related under LowerBodyO2,0
LungFlow and Sick are not conditionally related under RUQO2,0
LungFlow and Sick are not conditionally related under CO2Report,0
LungFlow and Sick are not conditionally related under XrayReport,0
LungFlow and Sick are conditionally related under Disease,1
LungFlow and Sick are not conditionally related under GruntingReport,0
LungFlow and Sick are not conditionally related under Age,0
LungFlow and Sick are not conditionally related under LVH,0
LungFlow and Sick are not conditionally related under DuctFlow,0
LungFlow and Sick are not conditionally related under CardiacMixing,0
LungFlow and Sick are not conditionally related under LungParench,0
Sick and BirthAsphyxia are related,1
Sick and HypDistrib are conditionally related under BirthAsphyxia,1
Sick and HypDistrib are not conditionally related under HypoxiaInO2,0
Sick and HypDistrib are not conditionally related under CO2,0
Sick and HypDistrib are not conditionally related under ChestXray,0
Sick and HypDistrib are not conditionally related under Grunting,0
Sick and HypDistrib are not conditionally related under LVHreport,0
Sick and HypDistrib are not conditionally related under LowerBodyO2,0
Sick and HypDistrib are not conditionally related under RUQO2,0
Sick and HypDistrib are not conditionally related under CO2Report,0
Sick and HypDistrib are not conditionally related under XrayReport,0
Sick and HypDistrib are conditionally related under Disease,1
Sick and HypDistrib are not conditionally related under GruntingReport,0
Sick and HypDistrib are not conditionally related under Age,0
Sick and HypDistrib are not conditionally related under LVH,0
Sick and HypDistrib are not conditionally related under DuctFlow,0
Sick and HypDistrib are not conditionally related under CardiacMixing,0
Sick and HypDistrib are not conditionally related under LungParench,0
Sick and HypDistrib are not conditionally related under LungFlow,0
Sick and HypoxiaInO2 are conditionally related under BirthAsphyxia,1
Sick and HypoxiaInO2 are not conditionally related under HypDistrib,0
Sick and HypoxiaInO2 are not conditionally related under CO2,0
Sick and HypoxiaInO2 are not conditionally related under ChestXray,0
Sick and HypoxiaInO2 are not conditionally related under Grunting,0
Sick and HypoxiaInO2 are not conditionally related under LVHreport,0
Sick and HypoxiaInO2 are not conditionally related under LowerBodyO2,0
Sick and HypoxiaInO2 are not conditionally related under RUQO2,0
Sick and HypoxiaInO2 are not conditionally related under CO2Report,0
Sick and HypoxiaInO2 are not conditionally related under XrayReport,0
Sick and HypoxiaInO2 are conditionally related under Disease,1
Sick and HypoxiaInO2 are not conditionally related under GruntingReport,0
Sick and HypoxiaInO2 are not conditionally related under Age,0
Sick and HypoxiaInO2 are not conditionally related under LVH,0
Sick and HypoxiaInO2 are not conditionally related under DuctFlow,0
Sick and HypoxiaInO2 are not conditionally related under CardiacMixing,0
Sick and HypoxiaInO2 are not conditionally related under LungParench,0
Sick and HypoxiaInO2 are not conditionally related under LungFlow,0
Sick and CO2 are conditionally related under BirthAsphyxia,1
Sick and CO2 are not conditionally related under HypDistrib,0
Sick and CO2 are not conditionally related under HypoxiaInO2,0
Sick and CO2 are not conditionally related under ChestXray,0
Sick and CO2 are not conditionally related under Grunting,0
Sick and CO2 are not conditionally related under LVHreport,0
Sick and CO2 are not conditionally related under LowerBodyO2,0
Sick and CO2 are not conditionally related under RUQO2,0
Sick and CO2 are not conditionally related under CO2Report,0
Sick and CO2 are not conditionally related under XrayReport,0
Sick and CO2 are conditionally related under Disease,1
Sick and CO2 are not conditionally related under GruntingReport,0
Sick and CO2 are not conditionally related under Age,0
Sick and CO2 are not conditionally related under LVH,0
Sick and CO2 are not conditionally related under DuctFlow,0
Sick and CO2 are not conditionally related under CardiacMixing,0
Sick and CO2 are not conditionally related under LungParench,0
Sick and CO2 are not conditionally related under LungFlow,0
Sick and ChestXray are conditionally related under BirthAsphyxia,1
Sick and ChestXray are not conditionally related under HypDistrib,0
Sick and ChestXray are not conditionally related under HypoxiaInO2,0
Sick and ChestXray are not conditionally related under CO2,0
Sick and ChestXray are not conditionally related under Grunting,0
Sick and ChestXray are not conditionally related under LVHreport,0
Sick and ChestXray are not conditionally related under LowerBodyO2,0
Sick and ChestXray are not conditionally related under RUQO2,0
Sick and ChestXray are not conditionally related under CO2Report,0
Sick and ChestXray are not conditionally related under XrayReport,0
Sick and ChestXray are conditionally related under Disease,1
Sick and ChestXray are not conditionally related under GruntingReport,0
Sick and ChestXray are not conditionally related under Age,0
Sick and ChestXray are not conditionally related under LVH,0
Sick and ChestXray are not conditionally related under DuctFlow,0
Sick and ChestXray are not conditionally related under CardiacMixing,0
Sick and ChestXray are not conditionally related under LungParench,0
Sick and ChestXray are not conditionally related under LungFlow,0
Sick and Grunting are related,1
Sick and LVHreport are conditionally related under BirthAsphyxia,1
Sick and LVHreport are not conditionally related under HypDistrib,0
Sick and LVHreport are not conditionally related under HypoxiaInO2,0
Sick and LVHreport are not conditionally related under CO2,0
Sick and LVHreport are not conditionally related under ChestXray,0
Sick and LVHreport are not conditionally related under Grunting,0
Sick and LVHreport are not conditionally related under LowerBodyO2,0
Sick and LVHreport are not conditionally related under RUQO2,0
Sick and LVHreport are not conditionally related under CO2Report,0
Sick and LVHreport are not conditionally related under XrayReport,0
Sick and LVHreport are conditionally related under Disease,1
Sick and LVHreport are not conditionally related under GruntingReport,0
Sick and LVHreport are not conditionally related under Age,0
Sick and LVHreport are not conditionally related under LVH,0
Sick and LVHreport are not conditionally related under DuctFlow,0
Sick and LVHreport are not conditionally related under CardiacMixing,0
Sick and LVHreport are not conditionally related under LungParench,0
Sick and LVHreport are not conditionally related under LungFlow,0
Sick and LowerBodyO2 are conditionally related under BirthAsphyxia,1
Sick and LowerBodyO2 are not conditionally related under HypDistrib,0
Sick and LowerBodyO2 are not conditionally related under HypoxiaInO2,0
Sick and LowerBodyO2 are not conditionally related under CO2,0
Sick and LowerBodyO2 are not conditionally related under ChestXray,0
Sick and LowerBodyO2 are not conditionally related under Grunting,0
Sick and LowerBodyO2 are not conditionally related under LVHreport,0
Sick and LowerBodyO2 are not conditionally related under RUQO2,0
Sick and LowerBodyO2 are not conditionally related under CO2Report,0
Sick and LowerBodyO2 are not conditionally related under XrayReport,0
Sick and LowerBodyO2 are conditionally related under Disease,1
Sick and LowerBodyO2 are not conditionally related under GruntingReport,0
Sick and LowerBodyO2 are not conditionally related under Age,0
Sick and LowerBodyO2 are not conditionally related under LVH,0
Sick and LowerBodyO2 are not conditionally related under DuctFlow,0
Sick and LowerBodyO2 are not conditionally related under CardiacMixing,0
Sick and LowerBodyO2 are not conditionally related under LungParench,0
Sick and LowerBodyO2 are not conditionally related under LungFlow,0
Sick and RUQO2 are conditionally related under BirthAsphyxia,1
Sick and RUQO2 are not conditionally related under HypDistrib,0
Sick and RUQO2 are not conditionally related under HypoxiaInO2,0
Sick and RUQO2 are not conditionally related under CO2,0
Sick and RUQO2 are not conditionally related under ChestXray,0
Sick and RUQO2 are not conditionally related under Grunting,0
Sick and RUQO2 are not conditionally related under LVHreport,0
Sick and RUQO2 are not conditionally related under LowerBodyO2,0
Sick and RUQO2 are not conditionally related under CO2Report,0
Sick and RUQO2 are not conditionally related under XrayReport,0
Sick and RUQO2 are conditionally related under Disease,1
Sick and RUQO2 are not conditionally related under GruntingReport,0
Sick and RUQO2 are not conditionally related under Age,0
Sick and RUQO2 are not conditionally related under LVH,0
Sick and RUQO2 are not conditionally related under DuctFlow,0
Sick and RUQO2 are not conditionally related under CardiacMixing,0
Sick and RUQO2 are not conditionally related under LungParench,0
Sick and RUQO2 are not conditionally related under LungFlow,0
Sick and CO2Report are conditionally related under BirthAsphyxia,1
Sick and CO2Report are not conditionally related under HypDistrib,0
Sick and CO2Report are not conditionally related under HypoxiaInO2,0
Sick and CO2Report are not conditionally related under CO2,0
Sick and CO2Report are not conditionally related under ChestXray,0
Sick and CO2Report are not conditionally related under Grunting,0
Sick and CO2Report are not conditionally related under LVHreport,0
Sick and CO2Report are not conditionally related under LowerBodyO2,0
Sick and CO2Report are not conditionally related under RUQO2,0
Sick and CO2Report are not conditionally related under XrayReport,0
Sick and CO2Report are conditionally related under Disease,1
Sick and CO2Report are not conditionally related under GruntingReport,0
Sick and CO2Report are not conditionally related under Age,0
Sick and CO2Report are not conditionally related under LVH,0
Sick and CO2Report are not conditionally related under DuctFlow,0
Sick and CO2Report are not conditionally related under CardiacMixing,0
Sick and CO2Report are not conditionally related under LungParench,0
Sick and CO2Report are not conditionally related under LungFlow,0
Sick and XrayReport are conditionally related under BirthAsphyxia,1
Sick and XrayReport are not conditionally related under HypDistrib,0
Sick and XrayReport are not conditionally related under HypoxiaInO2,0
Sick and XrayReport are not conditionally related under CO2,0
Sick and XrayReport are not conditionally related under ChestXray,0
Sick and XrayReport are not conditionally related under Grunting,0
Sick and XrayReport are not conditionally related under LVHreport,0
Sick and XrayReport are not conditionally related under LowerBodyO2,0
Sick and XrayReport are not conditionally related under RUQO2,0
Sick and XrayReport are not conditionally related under CO2Report,0
Sick and XrayReport are conditionally related under Disease,1
Sick and XrayReport are not conditionally related under GruntingReport,0
Sick and XrayReport are not conditionally related under Age,0
Sick and XrayReport are not conditionally related under LVH,0
Sick and XrayReport are not conditionally related under DuctFlow,0
Sick and XrayReport are not conditionally related under CardiacMixing,0
Sick and XrayReport are not conditionally related under LungParench,0
Sick and XrayReport are not conditionally related under LungFlow,0
Sick and Disease are related,1
Sick and GruntingReport are related,1
Sick and Age are related,1
Sick and LVH are conditionally related under BirthAsphyxia,1
Sick and LVH are not conditionally related under HypDistrib,0
Sick and LVH are not conditionally related under HypoxiaInO2,0
Sick and LVH are not conditionally related under CO2,0
Sick and LVH are not conditionally related under ChestXray,0
Sick and LVH are not conditionally related under Grunting,0
Sick and LVH are not conditionally related under LVHreport,0
Sick and LVH are not conditionally related under LowerBodyO2,0
Sick and LVH are not conditionally related under RUQO2,0
Sick and LVH are not conditionally related under CO2Report,0
Sick and LVH are not conditionally related under XrayReport,0
Sick and LVH are conditionally related under Disease,1
Sick and LVH are not conditionally related under GruntingReport,0
Sick and LVH are not conditionally related under Age,0
Sick and LVH are not conditionally related under DuctFlow,0
Sick and LVH are not conditionally related under CardiacMixing,0
Sick and LVH are not conditionally related under LungParench,0
Sick and LVH are not conditionally related under LungFlow,0
Sick and DuctFlow are conditionally related under BirthAsphyxia,1
Sick and DuctFlow are not conditionally related under HypDistrib,0
Sick and DuctFlow are not conditionally related under HypoxiaInO2,0
Sick and DuctFlow are not conditionally related under CO2,0
Sick and DuctFlow are not conditionally related under ChestXray,0
Sick and DuctFlow are not conditionally related under Grunting,0
Sick and DuctFlow are not conditionally related under LVHreport,0
Sick and DuctFlow are not conditionally related under LowerBodyO2,0
Sick and DuctFlow are not conditionally related under RUQO2,0
Sick and DuctFlow are not conditionally related under CO2Report,0
Sick and DuctFlow are not conditionally related under XrayReport,0
Sick and DuctFlow are conditionally related under Disease,1
Sick and DuctFlow are not conditionally related under GruntingReport,0
Sick and DuctFlow are not conditionally related under Age,0
Sick and DuctFlow are not conditionally related under LVH,0
Sick and DuctFlow are not conditionally related under CardiacMixing,0
Sick and DuctFlow are not conditionally related under LungParench,0
Sick and DuctFlow are not conditionally related under LungFlow,0
Sick and CardiacMixing are conditionally related under BirthAsphyxia,1
Sick and CardiacMixing are not conditionally related under HypDistrib,0
Sick and CardiacMixing are not conditionally related under HypoxiaInO2,0
Sick and CardiacMixing are not conditionally related under CO2,0
Sick and CardiacMixing are not conditionally related under ChestXray,0
Sick and CardiacMixing are not conditionally related under Grunting,0
Sick and CardiacMixing are not conditionally related under LVHreport,0
Sick and CardiacMixing are not conditionally related under LowerBodyO2,0
Sick and CardiacMixing are not conditionally related under RUQO2,0
Sick and CardiacMixing are not conditionally related under CO2Report,0
Sick and CardiacMixing are not conditionally related under XrayReport,0
Sick and CardiacMixing are conditionally related under Disease,1
Sick and CardiacMixing are not conditionally related under GruntingReport,0
Sick and CardiacMixing are not conditionally related under Age,0
Sick and CardiacMixing are not conditionally related under LVH,0
Sick and CardiacMixing are not conditionally related under DuctFlow,0
Sick and CardiacMixing are not conditionally related under LungParench,0
Sick and CardiacMixing are not conditionally related under LungFlow,0
Sick and LungParench are conditionally related under BirthAsphyxia,1
Sick and LungParench are not conditionally related under HypDistrib,0
Sick and LungParench are not conditionally related under HypoxiaInO2,0
Sick and LungParench are not conditionally related under CO2,0
Sick and LungParench are not conditionally related under ChestXray,0
Sick and LungParench are conditionally related under Grunting,1
Sick and LungParench are not conditionally related under LVHreport,0
Sick and LungParench are not conditionally related under LowerBodyO2,0
Sick and LungParench are not conditionally related under RUQO2,0
Sick and LungParench are not conditionally related under CO2Report,0
Sick and LungParench are not conditionally related under XrayReport,0
Sick and LungParench are conditionally related under Disease,1
Sick and LungParench are conditionally related under GruntingReport,1
Sick and LungParench are not conditionally related under Age,0
Sick and LungParench are not conditionally related under LVH,0
Sick and LungParench are not conditionally related under DuctFlow,0
Sick and LungParench are not conditionally related under CardiacMixing,0
Sick and LungParench are not conditionally related under LungFlow,0
Sick and LungFlow are conditionally related under BirthAsphyxia,1
Sick and LungFlow are not conditionally related under HypDistrib,0
Sick and LungFlow are not conditionally related under HypoxiaInO2,0
Sick and LungFlow are not conditionally related under CO2,0
Sick and LungFlow are not conditionally related under ChestXray,0
Sick and LungFlow are not conditionally related under Grunting,0
Sick and LungFlow are not conditionally related under LVHreport,0
Sick and LungFlow are not conditionally related under LowerBodyO2,0
Sick and LungFlow are not conditionally related under RUQO2,0
Sick and LungFlow are not conditionally related under CO2Report,0
Sick and LungFlow are not conditionally related under XrayReport,0
Sick and LungFlow are conditionally related under Disease,1
Sick and LungFlow are not conditionally related under GruntingReport,0
Sick and LungFlow are not conditionally related under Age,0
Sick and LungFlow are not conditionally related under LVH,0
Sick and LungFlow are not conditionally related under DuctFlow,0
Sick and LungFlow are not conditionally related under CardiacMixing,0
Sick and LungFlow are not conditionally related under LungParench,0
