Relationship,Number
GoodStudent and Age are related,1
GoodStudent and SocioEcon are related,1
GoodStudent and RiskAversion are conditionally related under Age,1
GoodStudent and RiskAversion are conditionally related under SocioEcon,1
GoodStudent and RiskAversion are not conditionally related under VehicleYear,0
GoodStudent and RiskAversion are not conditionally related under ThisCarDam,0
GoodStudent and RiskAversion are not conditionally related under RuggedAuto,0
GoodStudent and RiskAversion are not conditionally related under Accident,0
GoodStudent and RiskAversion are not conditionally related under MakeModel,0
GoodStudent and RiskAversion are not conditionally related under DrivQuality,0
GoodStudent and RiskAversion are not conditionally related under Mileage,0
GoodStudent and RiskAversion are not conditionally related under Antilock,0
GoodStudent and RiskAversion are not conditionally related under DrivingSkill,0
GoodStudent and RiskAversion are not conditionally related under SeniorTrain,0
GoodStudent and RiskAversion are not conditionally related under ThisCarCost,0
GoodStudent and RiskAversion are not conditionally related under Theft,0
GoodStudent and RiskAversion are not conditionally related under CarValue,0
GoodStudent and RiskAversion are not conditionally related under HomeBase,0
GoodStudent and RiskAversion are not conditionally related under AntiTheft,0
GoodStudent and RiskAversion are not conditionally related under PropCost,0
GoodStudent and RiskAversion are not conditionally related under OtherCarCost,0
GoodStudent and RiskAversion are not conditionally related under OtherCar,0
GoodStudent and RiskAversion are not conditionally related under MedCost,0
GoodStudent and RiskAversion are not conditionally related under Cushioning,0
GoodStudent and RiskAversion are not conditionally related under Airbag,0
GoodStudent and RiskAversion are not conditionally related under ILiCost,0
GoodStudent and RiskAversion are not conditionally related under DrivHist,0
GoodStudent and VehicleYear are conditionally related under Age,1
GoodStudent and VehicleYear are conditionally related under SocioEcon,1
GoodStudent and VehicleYear are not conditionally related under RiskAversion,0
GoodStudent and VehicleYear are not conditionally related under ThisCarDam,0
GoodStudent and VehicleYear are not conditionally related under RuggedAuto,0
GoodStudent and VehicleYear are not conditionally related under Accident,0
GoodStudent and VehicleYear are not conditionally related under MakeModel,0
GoodStudent and VehicleYear are not conditionally related under DrivQuality,0
GoodStudent and VehicleYear are not conditionally related under Mileage,0
GoodStudent and VehicleYear are not conditionally related under Antilock,0
GoodStudent and VehicleYear are not conditionally related under DrivingSkill,0
GoodStudent and VehicleYear are not conditionally related under SeniorTrain,0
GoodStudent and VehicleYear are not conditionally related under ThisCarCost,0
GoodStudent and VehicleYear are not conditionally related under Theft,0
GoodStudent and VehicleYear are not conditionally related under CarValue,0
GoodStudent and VehicleYear are not conditionally related under HomeBase,0
GoodStudent and VehicleYear are not conditionally related under AntiTheft,0
GoodStudent and VehicleYear are not conditionally related under PropCost,0
GoodStudent and VehicleYear are not conditionally related under OtherCarCost,0
GoodStudent and VehicleYear are not conditionally related under OtherCar,0
GoodStudent and VehicleYear are not conditionally related under MedCost,0
GoodStudent and VehicleYear are not conditionally related under Cushioning,0
GoodStudent and VehicleYear are not conditionally related under Airbag,0
GoodStudent and VehicleYear are not conditionally related under ILiCost,0
GoodStudent and VehicleYear are not conditionally related under DrivHist,0
GoodStudent and ThisCarDam are conditionally related under Age,1
GoodStudent and ThisCarDam are conditionally related under SocioEcon,1
GoodStudent and ThisCarDam are not conditionally related under RiskAversion,0
GoodStudent and ThisCarDam are not conditionally related under VehicleYear,0
GoodStudent and ThisCarDam are not conditionally related under RuggedAuto,0
GoodStudent and ThisCarDam are not conditionally related under Accident,0
GoodStudent and ThisCarDam are not conditionally related under MakeModel,0
GoodStudent and ThisCarDam are not conditionally related under DrivQuality,0
GoodStudent and ThisCarDam are not conditionally related under Mileage,0
GoodStudent and ThisCarDam are not conditionally related under Antilock,0
GoodStudent and ThisCarDam are not conditionally related under DrivingSkill,0
GoodStudent and ThisCarDam are not conditionally related under SeniorTrain,0
GoodStudent and ThisCarDam are not conditionally related under ThisCarCost,0
GoodStudent and ThisCarDam are not conditionally related under Theft,0
GoodStudent and ThisCarDam are not conditionally related under CarValue,0
GoodStudent and ThisCarDam are not conditionally related under HomeBase,0
GoodStudent and ThisCarDam are not conditionally related under AntiTheft,0
GoodStudent and ThisCarDam are not conditionally related under PropCost,0
GoodStudent and ThisCarDam are not conditionally related under OtherCarCost,0
GoodStudent and ThisCarDam are not conditionally related under OtherCar,0
GoodStudent and ThisCarDam are not conditionally related under MedCost,0
GoodStudent and ThisCarDam are not conditionally related under Cushioning,0
GoodStudent and ThisCarDam are not conditionally related under Airbag,0
GoodStudent and ThisCarDam are not conditionally related under ILiCost,0
GoodStudent and ThisCarDam are not conditionally related under DrivHist,0
GoodStudent and RuggedAuto are conditionally related under Age,1
GoodStudent and RuggedAuto are conditionally related under SocioEcon,1
GoodStudent and RuggedAuto are not conditionally related under RiskAversion,0
GoodStudent and RuggedAuto are not conditionally related under VehicleYear,0
GoodStudent and RuggedAuto are not conditionally related under ThisCarDam,0
GoodStudent and RuggedAuto are not conditionally related under Accident,0
GoodStudent and RuggedAuto are not conditionally related under MakeModel,0
GoodStudent and RuggedAuto are not conditionally related under DrivQuality,0
GoodStudent and RuggedAuto are not conditionally related under Mileage,0
GoodStudent and RuggedAuto are not conditionally related under Antilock,0
GoodStudent and RuggedAuto are not conditionally related under DrivingSkill,0
GoodStudent and RuggedAuto are not conditionally related under SeniorTrain,0
GoodStudent and RuggedAuto are not conditionally related under ThisCarCost,0
GoodStudent and RuggedAuto are not conditionally related under Theft,0
GoodStudent and RuggedAuto are not conditionally related under CarValue,0
GoodStudent and RuggedAuto are not conditionally related under HomeBase,0
GoodStudent and RuggedAuto are not conditionally related under AntiTheft,0
GoodStudent and RuggedAuto are not conditionally related under PropCost,0
GoodStudent and RuggedAuto are not conditionally related under OtherCarCost,0
GoodStudent and RuggedAuto are not conditionally related under OtherCar,0
GoodStudent and RuggedAuto are not conditionally related under MedCost,0
GoodStudent and RuggedAuto are not conditionally related under Cushioning,0
GoodStudent and RuggedAuto are not conditionally related under Airbag,0
GoodStudent and RuggedAuto are not conditionally related under ILiCost,0
GoodStudent and RuggedAuto are not conditionally related under DrivHist,0
GoodStudent and Accident are conditionally related under Age,1
GoodStudent and Accident are conditionally related under SocioEcon,1
GoodStudent and Accident are not conditionally related under RiskAversion,0
GoodStudent and Accident are not conditionally related under VehicleYear,0
GoodStudent and Accident are not conditionally related under ThisCarDam,0
GoodStudent and Accident are not conditionally related under RuggedAuto,0
GoodStudent and Accident are not conditionally related under MakeModel,0
GoodStudent and Accident are not conditionally related under DrivQuality,0
GoodStudent and Accident are not conditionally related under Mileage,0
GoodStudent and Accident are not conditionally related under Antilock,0
GoodStudent and Accident are not conditionally related under DrivingSkill,0
GoodStudent and Accident are not conditionally related under SeniorTrain,0
GoodStudent and Accident are not conditionally related under ThisCarCost,0
GoodStudent and Accident are not conditionally related under Theft,0
GoodStudent and Accident are not conditionally related under CarValue,0
GoodStudent and Accident are not conditionally related under HomeBase,0
GoodStudent and Accident are not conditionally related under AntiTheft,0
GoodStudent and Accident are not conditionally related under PropCost,0
GoodStudent and Accident are not conditionally related under OtherCarCost,0
GoodStudent and Accident are not conditionally related under OtherCar,0
GoodStudent and Accident are not conditionally related under MedCost,0
GoodStudent and Accident are not conditionally related under Cushioning,0
GoodStudent and Accident are not conditionally related under Airbag,0
GoodStudent and Accident are not conditionally related under ILiCost,0
GoodStudent and Accident are not conditionally related under DrivHist,0
GoodStudent and MakeModel are conditionally related under Age,1
GoodStudent and MakeModel are conditionally related under SocioEcon,1
GoodStudent and MakeModel are not conditionally related under RiskAversion,0
GoodStudent and MakeModel are not conditionally related under VehicleYear,0
GoodStudent and MakeModel are not conditionally related under ThisCarDam,0
GoodStudent and MakeModel are not conditionally related under RuggedAuto,0
GoodStudent and MakeModel are not conditionally related under Accident,0
GoodStudent and MakeModel are not conditionally related under DrivQuality,0
GoodStudent and MakeModel are not conditionally related under Mileage,0
GoodStudent and MakeModel are not conditionally related under Antilock,0
GoodStudent and MakeModel are not conditionally related under DrivingSkill,0
GoodStudent and MakeModel are not conditionally related under SeniorTrain,0
GoodStudent and MakeModel are not conditionally related under ThisCarCost,0
GoodStudent and MakeModel are not conditionally related under Theft,0
GoodStudent and MakeModel are not conditionally related under CarValue,0
GoodStudent and MakeModel are not conditionally related under HomeBase,0
GoodStudent and MakeModel are not conditionally related under AntiTheft,0
GoodStudent and MakeModel are not conditionally related under PropCost,0
GoodStudent and MakeModel are not conditionally related under OtherCarCost,0
GoodStudent and MakeModel are not conditionally related under OtherCar,0
GoodStudent and MakeModel are not conditionally related under MedCost,0
GoodStudent and MakeModel are not conditionally related under Cushioning,0
GoodStudent and MakeModel are not conditionally related under Airbag,0
GoodStudent and MakeModel are not conditionally related under ILiCost,0
GoodStudent and MakeModel are not conditionally related under DrivHist,0
GoodStudent and DrivQuality are conditionally related under Age,1
GoodStudent and DrivQuality are conditionally related under SocioEcon,1
GoodStudent and DrivQuality are not conditionally related under RiskAversion,0
GoodStudent and DrivQuality are not conditionally related under VehicleYear,0
GoodStudent and DrivQuality are not conditionally related under ThisCarDam,0
GoodStudent and DrivQuality are not conditionally related under RuggedAuto,0
GoodStudent and DrivQuality are not conditionally related under Accident,0
GoodStudent and DrivQuality are not conditionally related under MakeModel,0
GoodStudent and DrivQuality are not conditionally related under Mileage,0
GoodStudent and DrivQuality are not conditionally related under Antilock,0
GoodStudent and DrivQuality are not conditionally related under DrivingSkill,0
GoodStudent and DrivQuality are not conditionally related under SeniorTrain,0
GoodStudent and DrivQuality are not conditionally related under ThisCarCost,0
GoodStudent and DrivQuality are not conditionally related under Theft,0
GoodStudent and DrivQuality are not conditionally related under CarValue,0
GoodStudent and DrivQuality are not conditionally related under HomeBase,0
GoodStudent and DrivQuality are not conditionally related under AntiTheft,0
GoodStudent and DrivQuality are not conditionally related under PropCost,0
GoodStudent and DrivQuality are not conditionally related under OtherCarCost,0
GoodStudent and DrivQuality are not conditionally related under OtherCar,0
GoodStudent and DrivQuality are not conditionally related under MedCost,0
GoodStudent and DrivQuality are not conditionally related under Cushioning,0
GoodStudent and DrivQuality are not conditionally related under Airbag,0
GoodStudent and DrivQuality are not conditionally related under ILiCost,0
GoodStudent and DrivQuality are not conditionally related under DrivHist,0
GoodStudent and Mileage are not conditionally related under Age,0
GoodStudent and Mileage are not conditionally related under SocioEcon,0
GoodStudent and Mileage are not conditionally related under RiskAversion,0
GoodStudent and Mileage are not conditionally related under VehicleYear,0
GoodStudent and Mileage are not conditionally related under ThisCarDam,0
GoodStudent and Mileage are not conditionally related under RuggedAuto,0
GoodStudent and Mileage are not conditionally related under Accident,0
GoodStudent and Mileage are not conditionally related under MakeModel,0
GoodStudent and Mileage are not conditionally related under DrivQuality,0
GoodStudent and Mileage are not conditionally related under Antilock,0
GoodStudent and Mileage are not conditionally related under DrivingSkill,0
GoodStudent and Mileage are not conditionally related under SeniorTrain,0
GoodStudent and Mileage are not conditionally related under ThisCarCost,0
GoodStudent and Mileage are not conditionally related under Theft,0
GoodStudent and Mileage are not conditionally related under CarValue,0
GoodStudent and Mileage are not conditionally related under HomeBase,0
GoodStudent and Mileage are not conditionally related under AntiTheft,0
GoodStudent and Mileage are not conditionally related under PropCost,0
GoodStudent and Mileage are not conditionally related under OtherCarCost,0
GoodStudent and Mileage are not conditionally related under OtherCar,0
GoodStudent and Mileage are not conditionally related under MedCost,0
GoodStudent and Mileage are not conditionally related under Cushioning,0
GoodStudent and Mileage are not conditionally related under Airbag,0
GoodStudent and Mileage are not conditionally related under ILiCost,0
GoodStudent and Mileage are not conditionally related under DrivHist,0
GoodStudent and Antilock are conditionally related under Age,1
GoodStudent and Antilock are conditionally related under SocioEcon,1
GoodStudent and Antilock are not conditionally related under RiskAversion,0
GoodStudent and Antilock are not conditionally related under VehicleYear,0
GoodStudent and Antilock are not conditionally related under ThisCarDam,0
GoodStudent and Antilock are not conditionally related under RuggedAuto,0
GoodStudent and Antilock are not conditionally related under Accident,0
GoodStudent and Antilock are not conditionally related under MakeModel,0
GoodStudent and Antilock are not conditionally related under DrivQuality,0
GoodStudent and Antilock are not conditionally related under Mileage,0
GoodStudent and Antilock are not conditionally related under DrivingSkill,0
GoodStudent and Antilock are not conditionally related under SeniorTrain,0
GoodStudent and Antilock are not conditionally related under ThisCarCost,0
GoodStudent and Antilock are not conditionally related under Theft,0
GoodStudent and Antilock are not conditionally related under CarValue,0
GoodStudent and Antilock are not conditionally related under HomeBase,0
GoodStudent and Antilock are not conditionally related under AntiTheft,0
GoodStudent and Antilock are not conditionally related under PropCost,0
GoodStudent and Antilock are not conditionally related under OtherCarCost,0
GoodStudent and Antilock are not conditionally related under OtherCar,0
GoodStudent and Antilock are not conditionally related under MedCost,0
GoodStudent and Antilock are not conditionally related under Cushioning,0
GoodStudent and Antilock are not conditionally related under Airbag,0
GoodStudent and Antilock are not conditionally related under ILiCost,0
GoodStudent and Antilock are not conditionally related under DrivHist,0
GoodStudent and DrivingSkill are conditionally related under Age,1
GoodStudent and DrivingSkill are conditionally related under SocioEcon,1
GoodStudent and DrivingSkill are not conditionally related under RiskAversion,0
GoodStudent and DrivingSkill are not conditionally related under VehicleYear,0
GoodStudent and DrivingSkill are not conditionally related under ThisCarDam,0
GoodStudent and DrivingSkill are not conditionally related under RuggedAuto,0
GoodStudent and DrivingSkill are not conditionally related under Accident,0
GoodStudent and DrivingSkill are not conditionally related under MakeModel,0
GoodStudent and DrivingSkill are not conditionally related under DrivQuality,0
GoodStudent and DrivingSkill are not conditionally related under Mileage,0
GoodStudent and DrivingSkill are not conditionally related under Antilock,0
GoodStudent and DrivingSkill are not conditionally related under SeniorTrain,0
GoodStudent and DrivingSkill are not conditionally related under ThisCarCost,0
GoodStudent and DrivingSkill are not conditionally related under Theft,0
GoodStudent and DrivingSkill are not conditionally related under CarValue,0
GoodStudent and DrivingSkill are not conditionally related under HomeBase,0
GoodStudent and DrivingSkill are not conditionally related under AntiTheft,0
GoodStudent and DrivingSkill are not conditionally related under PropCost,0
GoodStudent and DrivingSkill are not conditionally related under OtherCarCost,0
GoodStudent and DrivingSkill are not conditionally related under OtherCar,0
GoodStudent and DrivingSkill are not conditionally related under MedCost,0
GoodStudent and DrivingSkill are not conditionally related under Cushioning,0
GoodStudent and DrivingSkill are not conditionally related under Airbag,0
GoodStudent and DrivingSkill are not conditionally related under ILiCost,0
GoodStudent and DrivingSkill are not conditionally related under DrivHist,0
GoodStudent and SeniorTrain are conditionally related under Age,1
GoodStudent and SeniorTrain are conditionally related under SocioEcon,1
GoodStudent and SeniorTrain are not conditionally related under RiskAversion,0
GoodStudent and SeniorTrain are not conditionally related under VehicleYear,0
GoodStudent and SeniorTrain are not conditionally related under ThisCarDam,0
GoodStudent and SeniorTrain are not conditionally related under RuggedAuto,0
GoodStudent and SeniorTrain are not conditionally related under Accident,0
GoodStudent and SeniorTrain are not conditionally related under MakeModel,0
GoodStudent and SeniorTrain are not conditionally related under DrivQuality,0
GoodStudent and SeniorTrain are not conditionally related under Mileage,0
GoodStudent and SeniorTrain are not conditionally related under Antilock,0
GoodStudent and SeniorTrain are not conditionally related under DrivingSkill,0
GoodStudent and SeniorTrain are not conditionally related under ThisCarCost,0
GoodStudent and SeniorTrain are not conditionally related under Theft,0
GoodStudent and SeniorTrain are not conditionally related under CarValue,0
GoodStudent and SeniorTrain are not conditionally related under HomeBase,0
GoodStudent and SeniorTrain are not conditionally related under AntiTheft,0
GoodStudent and SeniorTrain are not conditionally related under PropCost,0
GoodStudent and SeniorTrain are not conditionally related under OtherCarCost,0
GoodStudent and SeniorTrain are not conditionally related under OtherCar,0
GoodStudent and SeniorTrain are not conditionally related under MedCost,0
GoodStudent and SeniorTrain are not conditionally related under Cushioning,0
GoodStudent and SeniorTrain are not conditionally related under Airbag,0
GoodStudent and SeniorTrain are not conditionally related under ILiCost,0
GoodStudent and SeniorTrain are not conditionally related under DrivHist,0
GoodStudent and ThisCarCost are conditionally related under Age,1
GoodStudent and ThisCarCost are conditionally related under SocioEcon,1
GoodStudent and ThisCarCost are not conditionally related under RiskAversion,0
GoodStudent and ThisCarCost are not conditionally related under VehicleYear,0
GoodStudent and ThisCarCost are not conditionally related under ThisCarDam,0
GoodStudent and ThisCarCost are not conditionally related under RuggedAuto,0
GoodStudent and ThisCarCost are not conditionally related under Accident,0
GoodStudent and ThisCarCost are not conditionally related under MakeModel,0
GoodStudent and ThisCarCost are not conditionally related under DrivQuality,0
GoodStudent and ThisCarCost are not conditionally related under Mileage,0
GoodStudent and ThisCarCost are not conditionally related under Antilock,0
GoodStudent and ThisCarCost are not conditionally related under DrivingSkill,0
GoodStudent and ThisCarCost are not conditionally related under SeniorTrain,0
GoodStudent and ThisCarCost are not conditionally related under Theft,0
GoodStudent and ThisCarCost are not conditionally related under CarValue,0
GoodStudent and ThisCarCost are not conditionally related under HomeBase,0
GoodStudent and ThisCarCost are not conditionally related under AntiTheft,0
GoodStudent and ThisCarCost are not conditionally related under PropCost,0
GoodStudent and ThisCarCost are not conditionally related under OtherCarCost,0
GoodStudent and ThisCarCost are not conditionally related under OtherCar,0
GoodStudent and ThisCarCost are not conditionally related under MedCost,0
GoodStudent and ThisCarCost are not conditionally related under Cushioning,0
GoodStudent and ThisCarCost are not conditionally related under Airbag,0
GoodStudent and ThisCarCost are not conditionally related under ILiCost,0
GoodStudent and ThisCarCost are not conditionally related under DrivHist,0
GoodStudent and Theft are conditionally related under Age,1
GoodStudent and Theft are conditionally related under SocioEcon,1
GoodStudent and Theft are not conditionally related under RiskAversion,0
GoodStudent and Theft are not conditionally related under VehicleYear,0
GoodStudent and Theft are not conditionally related under ThisCarDam,0
GoodStudent and Theft are not conditionally related under RuggedAuto,0
GoodStudent and Theft are not conditionally related under Accident,0
GoodStudent and Theft are not conditionally related under MakeModel,0
GoodStudent and Theft are not conditionally related under DrivQuality,0
GoodStudent and Theft are not conditionally related under Mileage,0
GoodStudent and Theft are not conditionally related under Antilock,0
GoodStudent and Theft are not conditionally related under DrivingSkill,0
GoodStudent and Theft are not conditionally related under SeniorTrain,0
GoodStudent and Theft are not conditionally related under ThisCarCost,0
GoodStudent and Theft are not conditionally related under CarValue,0
GoodStudent and Theft are not conditionally related under HomeBase,0
GoodStudent and Theft are not conditionally related under AntiTheft,0
GoodStudent and Theft are not conditionally related under PropCost,0
GoodStudent and Theft are not conditionally related under OtherCarCost,0
GoodStudent and Theft are not conditionally related under OtherCar,0
GoodStudent and Theft are not conditionally related under MedCost,0
GoodStudent and Theft are not conditionally related under Cushioning,0
GoodStudent and Theft are not conditionally related under Airbag,0
GoodStudent and Theft are not conditionally related under ILiCost,0
GoodStudent and Theft are not conditionally related under DrivHist,0
GoodStudent and CarValue are conditionally related under Age,1
GoodStudent and CarValue are conditionally related under SocioEcon,1
GoodStudent and CarValue are not conditionally related under RiskAversion,0
GoodStudent and CarValue are not conditionally related under VehicleYear,0
GoodStudent and CarValue are not conditionally related under ThisCarDam,0
GoodStudent and CarValue are not conditionally related under RuggedAuto,0
GoodStudent and CarValue are not conditionally related under Accident,0
GoodStudent and CarValue are not conditionally related under MakeModel,0
GoodStudent and CarValue are not conditionally related under DrivQuality,0
GoodStudent and CarValue are not conditionally related under Mileage,0
GoodStudent and CarValue are not conditionally related under Antilock,0
GoodStudent and CarValue are not conditionally related under DrivingSkill,0
GoodStudent and CarValue are not conditionally related under SeniorTrain,0
GoodStudent and CarValue are not conditionally related under ThisCarCost,0
GoodStudent and CarValue are not conditionally related under Theft,0
GoodStudent and CarValue are not conditionally related under HomeBase,0
GoodStudent and CarValue are not conditionally related under AntiTheft,0
GoodStudent and CarValue are not conditionally related under PropCost,0
GoodStudent and CarValue are not conditionally related under OtherCarCost,0
GoodStudent and CarValue are not conditionally related under OtherCar,0
GoodStudent and CarValue are not conditionally related under MedCost,0
GoodStudent and CarValue are not conditionally related under Cushioning,0
GoodStudent and CarValue are not conditionally related under Airbag,0
GoodStudent and CarValue are not conditionally related under ILiCost,0
GoodStudent and CarValue are not conditionally related under DrivHist,0
GoodStudent and HomeBase are conditionally related under Age,1
GoodStudent and HomeBase are conditionally related under SocioEcon,1
GoodStudent and HomeBase are not conditionally related under RiskAversion,0
GoodStudent and HomeBase are not conditionally related under VehicleYear,0
GoodStudent and HomeBase are not conditionally related under ThisCarDam,0
GoodStudent and HomeBase are not conditionally related under RuggedAuto,0
GoodStudent and HomeBase are not conditionally related under Accident,0
GoodStudent and HomeBase are not conditionally related under MakeModel,0
GoodStudent and HomeBase are not conditionally related under DrivQuality,0
GoodStudent and HomeBase are not conditionally related under Mileage,0
GoodStudent and HomeBase are not conditionally related under Antilock,0
GoodStudent and HomeBase are not conditionally related under DrivingSkill,0
GoodStudent and HomeBase are not conditionally related under SeniorTrain,0
GoodStudent and HomeBase are not conditionally related under ThisCarCost,0
GoodStudent and HomeBase are not conditionally related under Theft,0
GoodStudent and HomeBase are not conditionally related under CarValue,0
GoodStudent and HomeBase are not conditionally related under AntiTheft,0
GoodStudent and HomeBase are not conditionally related under PropCost,0
GoodStudent and HomeBase are not conditionally related under OtherCarCost,0
GoodStudent and HomeBase are not conditionally related under OtherCar,0
GoodStudent and HomeBase are not conditionally related under MedCost,0
GoodStudent and HomeBase are not conditionally related under Cushioning,0
GoodStudent and HomeBase are not conditionally related under Airbag,0
GoodStudent and HomeBase are not conditionally related under ILiCost,0
GoodStudent and HomeBase are not conditionally related under DrivHist,0
GoodStudent and AntiTheft are conditionally related under Age,1
GoodStudent and AntiTheft are conditionally related under SocioEcon,1
GoodStudent and AntiTheft are not conditionally related under RiskAversion,0
GoodStudent and AntiTheft are not conditionally related under VehicleYear,0
GoodStudent and AntiTheft are not conditionally related under ThisCarDam,0
GoodStudent and AntiTheft are not conditionally related under RuggedAuto,0
GoodStudent and AntiTheft are not conditionally related under Accident,0
GoodStudent and AntiTheft are not conditionally related under MakeModel,0
GoodStudent and AntiTheft are not conditionally related under DrivQuality,0
GoodStudent and AntiTheft are not conditionally related under Mileage,0
GoodStudent and AntiTheft are not conditionally related under Antilock,0
GoodStudent and AntiTheft are not conditionally related under DrivingSkill,0
GoodStudent and AntiTheft are not conditionally related under SeniorTrain,0
GoodStudent and AntiTheft are not conditionally related under ThisCarCost,0
GoodStudent and AntiTheft are not conditionally related under Theft,0
GoodStudent and AntiTheft are not conditionally related under CarValue,0
GoodStudent and AntiTheft are not conditionally related under HomeBase,0
GoodStudent and AntiTheft are not conditionally related under PropCost,0
GoodStudent and AntiTheft are not conditionally related under OtherCarCost,0
GoodStudent and AntiTheft are not conditionally related under OtherCar,0
GoodStudent and AntiTheft are not conditionally related under MedCost,0
GoodStudent and AntiTheft are not conditionally related under Cushioning,0
GoodStudent and AntiTheft are not conditionally related under Airbag,0
GoodStudent and AntiTheft are not conditionally related under ILiCost,0
GoodStudent and AntiTheft are not conditionally related under DrivHist,0
GoodStudent and PropCost are conditionally related under Age,1
GoodStudent and PropCost are conditionally related under SocioEcon,1
GoodStudent and PropCost are not conditionally related under RiskAversion,0
GoodStudent and PropCost are not conditionally related under VehicleYear,0
GoodStudent and PropCost are not conditionally related under ThisCarDam,0
GoodStudent and PropCost are not conditionally related under RuggedAuto,0
GoodStudent and PropCost are not conditionally related under Accident,0
GoodStudent and PropCost are not conditionally related under MakeModel,0
GoodStudent and PropCost are not conditionally related under DrivQuality,0
GoodStudent and PropCost are not conditionally related under Mileage,0
GoodStudent and PropCost are not conditionally related under Antilock,0
GoodStudent and PropCost are not conditionally related under DrivingSkill,0
GoodStudent and PropCost are not conditionally related under SeniorTrain,0
GoodStudent and PropCost are not conditionally related under ThisCarCost,0
GoodStudent and PropCost are not conditionally related under Theft,0
GoodStudent and PropCost are not conditionally related under CarValue,0
GoodStudent and PropCost are not conditionally related under HomeBase,0
GoodStudent and PropCost are not conditionally related under AntiTheft,0
GoodStudent and PropCost are not conditionally related under OtherCarCost,0
GoodStudent and PropCost are not conditionally related under OtherCar,0
GoodStudent and PropCost are not conditionally related under MedCost,0
GoodStudent and PropCost are not conditionally related under Cushioning,0
GoodStudent and PropCost are not conditionally related under Airbag,0
GoodStudent and PropCost are not conditionally related under ILiCost,0
GoodStudent and PropCost are not conditionally related under DrivHist,0
GoodStudent and OtherCarCost are conditionally related under Age,1
GoodStudent and OtherCarCost are conditionally related under SocioEcon,1
GoodStudent and OtherCarCost are not conditionally related under RiskAversion,0
GoodStudent and OtherCarCost are not conditionally related under VehicleYear,0
GoodStudent and OtherCarCost are not conditionally related under ThisCarDam,0
GoodStudent and OtherCarCost are not conditionally related under RuggedAuto,0
GoodStudent and OtherCarCost are not conditionally related under Accident,0
GoodStudent and OtherCarCost are not conditionally related under MakeModel,0
GoodStudent and OtherCarCost are not conditionally related under DrivQuality,0
GoodStudent and OtherCarCost are not conditionally related under Mileage,0
GoodStudent and OtherCarCost are not conditionally related under Antilock,0
GoodStudent and OtherCarCost are not conditionally related under DrivingSkill,0
GoodStudent and OtherCarCost are not conditionally related under SeniorTrain,0
GoodStudent and OtherCarCost are not conditionally related under ThisCarCost,0
GoodStudent and OtherCarCost are not conditionally related under Theft,0
GoodStudent and OtherCarCost are not conditionally related under CarValue,0
GoodStudent and OtherCarCost are not conditionally related under HomeBase,0
GoodStudent and OtherCarCost are not conditionally related under AntiTheft,0
GoodStudent and OtherCarCost are not conditionally related under PropCost,0
GoodStudent and OtherCarCost are not conditionally related under OtherCar,0
GoodStudent and OtherCarCost are not conditionally related under MedCost,0
GoodStudent and OtherCarCost are not conditionally related under Cushioning,0
GoodStudent and OtherCarCost are not conditionally related under Airbag,0
GoodStudent and OtherCarCost are not conditionally related under ILiCost,0
GoodStudent and OtherCarCost are not conditionally related under DrivHist,0
GoodStudent and OtherCar are conditionally related under Age,1
GoodStudent and OtherCar are conditionally related under SocioEcon,1
GoodStudent and OtherCar are not conditionally related under RiskAversion,0
GoodStudent and OtherCar are not conditionally related under VehicleYear,0
GoodStudent and OtherCar are not conditionally related under ThisCarDam,0
GoodStudent and OtherCar are not conditionally related under RuggedAuto,0
GoodStudent and OtherCar are not conditionally related under Accident,0
GoodStudent and OtherCar are not conditionally related under MakeModel,0
GoodStudent and OtherCar are not conditionally related under DrivQuality,0
GoodStudent and OtherCar are not conditionally related under Mileage,0
GoodStudent and OtherCar are not conditionally related under Antilock,0
GoodStudent and OtherCar are not conditionally related under DrivingSkill,0
GoodStudent and OtherCar are not conditionally related under SeniorTrain,0
GoodStudent and OtherCar are not conditionally related under ThisCarCost,0
GoodStudent and OtherCar are not conditionally related under Theft,0
GoodStudent and OtherCar are not conditionally related under CarValue,0
GoodStudent and OtherCar are not conditionally related under HomeBase,0
GoodStudent and OtherCar are not conditionally related under AntiTheft,0
GoodStudent and OtherCar are not conditionally related under PropCost,0
GoodStudent and OtherCar are not conditionally related under OtherCarCost,0
GoodStudent and OtherCar are not conditionally related under MedCost,0
GoodStudent and OtherCar are not conditionally related under Cushioning,0
GoodStudent and OtherCar are not conditionally related under Airbag,0
GoodStudent and OtherCar are not conditionally related under ILiCost,0
GoodStudent and OtherCar are not conditionally related under DrivHist,0
GoodStudent and MedCost are conditionally related under Age,1
GoodStudent and MedCost are conditionally related under SocioEcon,1
GoodStudent and MedCost are not conditionally related under RiskAversion,0
GoodStudent and MedCost are not conditionally related under VehicleYear,0
GoodStudent and MedCost are not conditionally related under ThisCarDam,0
GoodStudent and MedCost are not conditionally related under RuggedAuto,0
GoodStudent and MedCost are not conditionally related under Accident,0
GoodStudent and MedCost are not conditionally related under MakeModel,0
GoodStudent and MedCost are not conditionally related under DrivQuality,0
GoodStudent and MedCost are not conditionally related under Mileage,0
GoodStudent and MedCost are not conditionally related under Antilock,0
GoodStudent and MedCost are not conditionally related under DrivingSkill,0
GoodStudent and MedCost are not conditionally related under SeniorTrain,0
GoodStudent and MedCost are not conditionally related under ThisCarCost,0
GoodStudent and MedCost are not conditionally related under Theft,0
GoodStudent and MedCost are not conditionally related under CarValue,0
GoodStudent and MedCost are not conditionally related under HomeBase,0
GoodStudent and MedCost are not conditionally related under AntiTheft,0
GoodStudent and MedCost are not conditionally related under PropCost,0
GoodStudent and MedCost are not conditionally related under OtherCarCost,0
GoodStudent and MedCost are not conditionally related under OtherCar,0
GoodStudent and MedCost are not conditionally related under Cushioning,0
GoodStudent and MedCost are not conditionally related under Airbag,0
GoodStudent and MedCost are not conditionally related under ILiCost,0
GoodStudent and MedCost are not conditionally related under DrivHist,0
GoodStudent and Cushioning are conditionally related under Age,1
GoodStudent and Cushioning are conditionally related under SocioEcon,1
GoodStudent and Cushioning are not conditionally related under RiskAversion,0
GoodStudent and Cushioning are not conditionally related under VehicleYear,0
GoodStudent and Cushioning are not conditionally related under ThisCarDam,0
GoodStudent and Cushioning are not conditionally related under RuggedAuto,0
GoodStudent and Cushioning are not conditionally related under Accident,0
GoodStudent and Cushioning are not conditionally related under MakeModel,0
GoodStudent and Cushioning are not conditionally related under DrivQuality,0
GoodStudent and Cushioning are not conditionally related under Mileage,0
GoodStudent and Cushioning are not conditionally related under Antilock,0
GoodStudent and Cushioning are not conditionally related under DrivingSkill,0
GoodStudent and Cushioning are not conditionally related under SeniorTrain,0
GoodStudent and Cushioning are not conditionally related under ThisCarCost,0
GoodStudent and Cushioning are not conditionally related under Theft,0
GoodStudent and Cushioning are not conditionally related under CarValue,0
GoodStudent and Cushioning are not conditionally related under HomeBase,0
GoodStudent and Cushioning are not conditionally related under AntiTheft,0
GoodStudent and Cushioning are not conditionally related under PropCost,0
GoodStudent and Cushioning are not conditionally related under OtherCarCost,0
GoodStudent and Cushioning are not conditionally related under OtherCar,0
GoodStudent and Cushioning are not conditionally related under MedCost,0
GoodStudent and Cushioning are not conditionally related under Airbag,0
GoodStudent and Cushioning are not conditionally related under ILiCost,0
GoodStudent and Cushioning are not conditionally related under DrivHist,0
GoodStudent and Airbag are conditionally related under Age,1
GoodStudent and Airbag are conditionally related under SocioEcon,1
GoodStudent and Airbag are not conditionally related under RiskAversion,0
GoodStudent and Airbag are not conditionally related under VehicleYear,0
GoodStudent and Airbag are not conditionally related under ThisCarDam,0
GoodStudent and Airbag are not conditionally related under RuggedAuto,0
GoodStudent and Airbag are not conditionally related under Accident,0
GoodStudent and Airbag are not conditionally related under MakeModel,0
GoodStudent and Airbag are not conditionally related under DrivQuality,0
GoodStudent and Airbag are not conditionally related under Mileage,0
GoodStudent and Airbag are not conditionally related under Antilock,0
GoodStudent and Airbag are not conditionally related under DrivingSkill,0
GoodStudent and Airbag are not conditionally related under SeniorTrain,0
GoodStudent and Airbag are not conditionally related under ThisCarCost,0
GoodStudent and Airbag are not conditionally related under Theft,0
GoodStudent and Airbag are not conditionally related under CarValue,0
GoodStudent and Airbag are not conditionally related under HomeBase,0
GoodStudent and Airbag are not conditionally related under AntiTheft,0
GoodStudent and Airbag are not conditionally related under PropCost,0
GoodStudent and Airbag are not conditionally related under OtherCarCost,0
GoodStudent and Airbag are not conditionally related under OtherCar,0
GoodStudent and Airbag are not conditionally related under MedCost,0
GoodStudent and Airbag are not conditionally related under Cushioning,0
GoodStudent and Airbag are not conditionally related under ILiCost,0
GoodStudent and Airbag are not conditionally related under DrivHist,0
GoodStudent and ILiCost are conditionally related under Age,1
GoodStudent and ILiCost are conditionally related under SocioEcon,1
GoodStudent and ILiCost are not conditionally related under RiskAversion,0
GoodStudent and ILiCost are not conditionally related under VehicleYear,0
GoodStudent and ILiCost are not conditionally related under ThisCarDam,0
GoodStudent and ILiCost are not conditionally related under RuggedAuto,0
GoodStudent and ILiCost are not conditionally related under Accident,0
GoodStudent and ILiCost are not conditionally related under MakeModel,0
GoodStudent and ILiCost are not conditionally related under DrivQuality,0
GoodStudent and ILiCost are not conditionally related under Mileage,0
GoodStudent and ILiCost are not conditionally related under Antilock,0
GoodStudent and ILiCost are not conditionally related under DrivingSkill,0
GoodStudent and ILiCost are not conditionally related under SeniorTrain,0
GoodStudent and ILiCost are not conditionally related under ThisCarCost,0
GoodStudent and ILiCost are not conditionally related under Theft,0
GoodStudent and ILiCost are not conditionally related under CarValue,0
GoodStudent and ILiCost are not conditionally related under HomeBase,0
GoodStudent and ILiCost are not conditionally related under AntiTheft,0
GoodStudent and ILiCost are not conditionally related under PropCost,0
GoodStudent and ILiCost are not conditionally related under OtherCarCost,0
GoodStudent and ILiCost are not conditionally related under OtherCar,0
GoodStudent and ILiCost are not conditionally related under MedCost,0
GoodStudent and ILiCost are not conditionally related under Cushioning,0
GoodStudent and ILiCost are not conditionally related under Airbag,0
GoodStudent and ILiCost are not conditionally related under DrivHist,0
GoodStudent and DrivHist are conditionally related under Age,1
GoodStudent and DrivHist are conditionally related under SocioEcon,1
GoodStudent and DrivHist are not conditionally related under RiskAversion,0
GoodStudent and DrivHist are not conditionally related under VehicleYear,0
GoodStudent and DrivHist are not conditionally related under ThisCarDam,0
GoodStudent and DrivHist are not conditionally related under RuggedAuto,0
GoodStudent and DrivHist are not conditionally related under Accident,0
GoodStudent and DrivHist are not conditionally related under MakeModel,0
GoodStudent and DrivHist are not conditionally related under DrivQuality,0
GoodStudent and DrivHist are not conditionally related under Mileage,0
GoodStudent and DrivHist are not conditionally related under Antilock,0
GoodStudent and DrivHist are not conditionally related under DrivingSkill,0
GoodStudent and DrivHist are not conditionally related under SeniorTrain,0
GoodStudent and DrivHist are not conditionally related under ThisCarCost,0
GoodStudent and DrivHist are not conditionally related under Theft,0
GoodStudent and DrivHist are not conditionally related under CarValue,0
GoodStudent and DrivHist are not conditionally related under HomeBase,0
GoodStudent and DrivHist are not conditionally related under AntiTheft,0
GoodStudent and DrivHist are not conditionally related under PropCost,0
GoodStudent and DrivHist are not conditionally related under OtherCarCost,0
GoodStudent and DrivHist are not conditionally related under OtherCar,0
GoodStudent and DrivHist are not conditionally related under MedCost,0
GoodStudent and DrivHist are not conditionally related under Cushioning,0
GoodStudent and DrivHist are not conditionally related under Airbag,0
GoodStudent and DrivHist are not conditionally related under ILiCost,0
Age and GoodStudent are related,1
Age and SocioEcon are related,1
Age and RiskAversion are related,1
Age and VehicleYear are related,1
Age and ThisCarDam are related,1
Age and RuggedAuto are related,1
Age and Accident are related,1
Age and MakeModel are related,1
Age and DrivQuality are related,1
Age and Mileage are not conditionally related under GoodStudent,0
Age and Mileage are not conditionally related under SocioEcon,0
Age and Mileage are not conditionally related under RiskAversion,0
Age and Mileage are not conditionally related under VehicleYear,0
Age and Mileage are conditionally related under ThisCarDam,1
Age and Mileage are not conditionally related under RuggedAuto,0
Age and Mileage are conditionally related under Accident,1
Age and Mileage are not conditionally related under MakeModel,0
Age and Mileage are not conditionally related under DrivQuality,0
Age and Mileage are not conditionally related under Antilock,0
Age and Mileage are not conditionally related under DrivingSkill,0
Age and Mileage are not conditionally related under SeniorTrain,0
Age and Mileage are conditionally related under ThisCarCost,1
Age and Mileage are conditionally related under Theft,1
Age and Mileage are conditionally related under CarValue,1
Age and Mileage are not conditionally related under HomeBase,0
Age and Mileage are not conditionally related under AntiTheft,0
Age and Mileage are conditionally related under PropCost,1
Age and Mileage are conditionally related under OtherCarCost,1
Age and Mileage are not conditionally related under OtherCar,0
Age and Mileage are conditionally related under MedCost,1
Age and Mileage are not conditionally related under Cushioning,0
Age and Mileage are not conditionally related under Airbag,0
Age and Mileage are conditionally related under ILiCost,1
Age and Mileage are not conditionally related under DrivHist,0
Age and Antilock are related,1
Age and DrivingSkill are related,1
Age and SeniorTrain are related,1
Age and ThisCarCost are related,1
Age and Theft are related,1
Age and CarValue are related,1
Age and HomeBase are related,1
Age and AntiTheft are related,1
Age and PropCost are related,1
Age and OtherCarCost are related,1
Age and OtherCar are related,1
Age and MedCost are related,1
Age and Cushioning are related,1
Age and Airbag are related,1
Age and ILiCost are related,1
Age and DrivHist are related,1
SocioEcon and GoodStudent are related,1
SocioEcon and Age are related,1
SocioEcon and RiskAversion are related,1
SocioEcon and VehicleYear are related,1
SocioEcon and ThisCarDam are related,1
SocioEcon and RuggedAuto are related,1
SocioEcon and Accident are related,1
SocioEcon and MakeModel are related,1
SocioEcon and DrivQuality are related,1
SocioEcon and Mileage are not conditionally related under GoodStudent,0
SocioEcon and Mileage are not conditionally related under Age,0
SocioEcon and Mileage are not conditionally related under RiskAversion,0
SocioEcon and Mileage are not conditionally related under VehicleYear,0
SocioEcon and Mileage are conditionally related under ThisCarDam,1
SocioEcon and Mileage are not conditionally related under RuggedAuto,0
SocioEcon and Mileage are conditionally related under Accident,1
SocioEcon and Mileage are not conditionally related under MakeModel,0
SocioEcon and Mileage are not conditionally related under DrivQuality,0
SocioEcon and Mileage are not conditionally related under Antilock,0
SocioEcon and Mileage are not conditionally related under DrivingSkill,0
SocioEcon and Mileage are not conditionally related under SeniorTrain,0
SocioEcon and Mileage are conditionally related under ThisCarCost,1
SocioEcon and Mileage are conditionally related under Theft,1
SocioEcon and Mileage are conditionally related under CarValue,1
SocioEcon and Mileage are not conditionally related under HomeBase,0
SocioEcon and Mileage are not conditionally related under AntiTheft,0
SocioEcon and Mileage are conditionally related under PropCost,1
SocioEcon and Mileage are conditionally related under OtherCarCost,1
SocioEcon and Mileage are not conditionally related under OtherCar,0
SocioEcon and Mileage are conditionally related under MedCost,1
SocioEcon and Mileage are not conditionally related under Cushioning,0
SocioEcon and Mileage are not conditionally related under Airbag,0
SocioEcon and Mileage are conditionally related under ILiCost,1
SocioEcon and Mileage are not conditionally related under DrivHist,0
SocioEcon and Antilock are related,1
SocioEcon and DrivingSkill are related,1
SocioEcon and SeniorTrain are related,1
SocioEcon and ThisCarCost are related,1
SocioEcon and Theft are related,1
SocioEcon and CarValue are related,1
SocioEcon and HomeBase are related,1
SocioEcon and AntiTheft are related,1
SocioEcon and PropCost are related,1
SocioEcon and OtherCarCost are related,1
SocioEcon and OtherCar are related,1
SocioEcon and MedCost are related,1
SocioEcon and Cushioning are related,1
SocioEcon and Airbag are related,1
SocioEcon and ILiCost are related,1
SocioEcon and DrivHist are related,1
RiskAversion and GoodStudent are conditionally related under Age,1
RiskAversion and GoodStudent are conditionally related under SocioEcon,1
RiskAversion and GoodStudent are not conditionally related under VehicleYear,0
RiskAversion and GoodStudent are not conditionally related under ThisCarDam,0
RiskAversion and GoodStudent are not conditionally related under RuggedAuto,0
RiskAversion and GoodStudent are not conditionally related under Accident,0
RiskAversion and GoodStudent are not conditionally related under MakeModel,0
RiskAversion and GoodStudent are not conditionally related under DrivQuality,0
RiskAversion and GoodStudent are not conditionally related under Mileage,0
RiskAversion and GoodStudent are not conditionally related under Antilock,0
RiskAversion and GoodStudent are not conditionally related under DrivingSkill,0
RiskAversion and GoodStudent are not conditionally related under SeniorTrain,0
RiskAversion and GoodStudent are not conditionally related under ThisCarCost,0
RiskAversion and GoodStudent are not conditionally related under Theft,0
RiskAversion and GoodStudent are not conditionally related under CarValue,0
RiskAversion and GoodStudent are not conditionally related under HomeBase,0
RiskAversion and GoodStudent are not conditionally related under AntiTheft,0
RiskAversion and GoodStudent are not conditionally related under PropCost,0
RiskAversion and GoodStudent are not conditionally related under OtherCarCost,0
RiskAversion and GoodStudent are not conditionally related under OtherCar,0
RiskAversion and GoodStudent are not conditionally related under MedCost,0
RiskAversion and GoodStudent are not conditionally related under Cushioning,0
RiskAversion and GoodStudent are not conditionally related under Airbag,0
RiskAversion and GoodStudent are not conditionally related under ILiCost,0
RiskAversion and GoodStudent are not conditionally related under DrivHist,0
RiskAversion and Age are related,1
RiskAversion and SocioEcon are related,1
RiskAversion and VehicleYear are related,1
RiskAversion and ThisCarDam are related,1
RiskAversion and RuggedAuto are related,1
RiskAversion and Accident are related,1
RiskAversion and MakeModel are related,1
RiskAversion and DrivQuality are related,1
RiskAversion and Mileage are not conditionally related under GoodStudent,0
RiskAversion and Mileage are not conditionally related under Age,0
RiskAversion and Mileage are not conditionally related under SocioEcon,0
RiskAversion and Mileage are not conditionally related under VehicleYear,0
RiskAversion and Mileage are conditionally related under ThisCarDam,1
RiskAversion and Mileage are not conditionally related under RuggedAuto,0
RiskAversion and Mileage are conditionally related under Accident,1
RiskAversion and Mileage are not conditionally related under MakeModel,0
RiskAversion and Mileage are not conditionally related under DrivQuality,0
RiskAversion and Mileage are not conditionally related under Antilock,0
RiskAversion and Mileage are not conditionally related under DrivingSkill,0
RiskAversion and Mileage are not conditionally related under SeniorTrain,0
RiskAversion and Mileage are conditionally related under ThisCarCost,1
RiskAversion and Mileage are conditionally related under Theft,1
RiskAversion and Mileage are conditionally related under CarValue,1
RiskAversion and Mileage are not conditionally related under HomeBase,0
RiskAversion and Mileage are not conditionally related under AntiTheft,0
RiskAversion and Mileage are conditionally related under PropCost,1
RiskAversion and Mileage are conditionally related under OtherCarCost,1
RiskAversion and Mileage are not conditionally related under OtherCar,0
RiskAversion and Mileage are conditionally related under MedCost,1
RiskAversion and Mileage are not conditionally related under Cushioning,0
RiskAversion and Mileage are not conditionally related under Airbag,0
RiskAversion and Mileage are conditionally related under ILiCost,1
RiskAversion and Mileage are not conditionally related under DrivHist,0
RiskAversion and Antilock are related,1
RiskAversion and DrivingSkill are related,1
RiskAversion and SeniorTrain are related,1
RiskAversion and ThisCarCost are related,1
RiskAversion and Theft are related,1
RiskAversion and CarValue are related,1
RiskAversion and HomeBase are related,1
RiskAversion and AntiTheft are related,1
RiskAversion and PropCost are related,1
RiskAversion and OtherCarCost are related,1
RiskAversion and OtherCar are not conditionally related under GoodStudent,0
RiskAversion and OtherCar are conditionally related under Age,1
RiskAversion and OtherCar are conditionally related under SocioEcon,1
RiskAversion and OtherCar are not conditionally related under VehicleYear,0
RiskAversion and OtherCar are not conditionally related under ThisCarDam,0
RiskAversion and OtherCar are not conditionally related under RuggedAuto,0
RiskAversion and OtherCar are not conditionally related under Accident,0
RiskAversion and OtherCar are not conditionally related under MakeModel,0
RiskAversion and OtherCar are not conditionally related under DrivQuality,0
RiskAversion and OtherCar are not conditionally related under Mileage,0
RiskAversion and OtherCar are not conditionally related under Antilock,0
RiskAversion and OtherCar are not conditionally related under DrivingSkill,0
RiskAversion and OtherCar are not conditionally related under SeniorTrain,0
RiskAversion and OtherCar are not conditionally related under ThisCarCost,0
RiskAversion and OtherCar are not conditionally related under Theft,0
RiskAversion and OtherCar are not conditionally related under CarValue,0
RiskAversion and OtherCar are not conditionally related under HomeBase,0
RiskAversion and OtherCar are not conditionally related under AntiTheft,0
RiskAversion and OtherCar are not conditionally related under PropCost,0
RiskAversion and OtherCar are not conditionally related under OtherCarCost,0
RiskAversion and OtherCar are not conditionally related under MedCost,0
RiskAversion and OtherCar are not conditionally related under Cushioning,0
RiskAversion and OtherCar are not conditionally related under Airbag,0
RiskAversion and OtherCar are not conditionally related under ILiCost,0
RiskAversion and OtherCar are not conditionally related under DrivHist,0
RiskAversion and MedCost are related,1
RiskAversion and Cushioning are related,1
RiskAversion and Airbag are related,1
RiskAversion and ILiCost are related,1
RiskAversion and DrivHist are related,1
VehicleYear and GoodStudent are conditionally related under Age,1
VehicleYear and GoodStudent are conditionally related under SocioEcon,1
VehicleYear and GoodStudent are not conditionally related under RiskAversion,0
VehicleYear and GoodStudent are not conditionally related under ThisCarDam,0
VehicleYear and GoodStudent are not conditionally related under RuggedAuto,0
VehicleYear and GoodStudent are not conditionally related under Accident,0
VehicleYear and GoodStudent are not conditionally related under MakeModel,0
VehicleYear and GoodStudent are not conditionally related under DrivQuality,0
VehicleYear and GoodStudent are not conditionally related under Mileage,0
VehicleYear and GoodStudent are not conditionally related under Antilock,0
VehicleYear and GoodStudent are not conditionally related under DrivingSkill,0
VehicleYear and GoodStudent are not conditionally related under SeniorTrain,0
VehicleYear and GoodStudent are not conditionally related under ThisCarCost,0
VehicleYear and GoodStudent are not conditionally related under Theft,0
VehicleYear and GoodStudent are not conditionally related under CarValue,0
VehicleYear and GoodStudent are not conditionally related under HomeBase,0
VehicleYear and GoodStudent are not conditionally related under AntiTheft,0
VehicleYear and GoodStudent are not conditionally related under PropCost,0
VehicleYear and GoodStudent are not conditionally related under OtherCarCost,0
VehicleYear and GoodStudent are not conditionally related under OtherCar,0
VehicleYear and GoodStudent are not conditionally related under MedCost,0
VehicleYear and GoodStudent are not conditionally related under Cushioning,0
VehicleYear and GoodStudent are not conditionally related under Airbag,0
VehicleYear and GoodStudent are not conditionally related under ILiCost,0
VehicleYear and GoodStudent are not conditionally related under DrivHist,0
VehicleYear and Age are related,1
VehicleYear and SocioEcon are related,1
VehicleYear and RiskAversion are related,1
VehicleYear and ThisCarDam are related,1
VehicleYear and RuggedAuto are related,1
VehicleYear and Accident are related,1
VehicleYear and MakeModel are not conditionally related under GoodStudent,0
VehicleYear and MakeModel are conditionally related under Age,1
VehicleYear and MakeModel are conditionally related under SocioEcon,1
VehicleYear and MakeModel are conditionally related under RiskAversion,1
VehicleYear and MakeModel are conditionally related under ThisCarDam,1
VehicleYear and MakeModel are conditionally related under RuggedAuto,1
VehicleYear and MakeModel are conditionally related under Accident,1
VehicleYear and MakeModel are not conditionally related under DrivQuality,0
VehicleYear and MakeModel are not conditionally related under Mileage,0
VehicleYear and MakeModel are conditionally related under Antilock,1
VehicleYear and MakeModel are not conditionally related under DrivingSkill,0
VehicleYear and MakeModel are not conditionally related under SeniorTrain,0
VehicleYear and MakeModel are conditionally related under ThisCarCost,1
VehicleYear and MakeModel are conditionally related under Theft,1
VehicleYear and MakeModel are conditionally related under CarValue,1
VehicleYear and MakeModel are not conditionally related under HomeBase,0
VehicleYear and MakeModel are not conditionally related under AntiTheft,0
VehicleYear and MakeModel are conditionally related under PropCost,1
VehicleYear and MakeModel are conditionally related under OtherCarCost,1
VehicleYear and MakeModel are not conditionally related under OtherCar,0
VehicleYear and MakeModel are conditionally related under MedCost,1
VehicleYear and MakeModel are conditionally related under Cushioning,1
VehicleYear and MakeModel are conditionally related under Airbag,1
VehicleYear and MakeModel are conditionally related under ILiCost,1
VehicleYear and MakeModel are not conditionally related under DrivHist,0
VehicleYear and DrivQuality are not conditionally related under GoodStudent,0
VehicleYear and DrivQuality are conditionally related under Age,1
VehicleYear and DrivQuality are conditionally related under SocioEcon,1
VehicleYear and DrivQuality are conditionally related under RiskAversion,1
VehicleYear and DrivQuality are conditionally related under ThisCarDam,1
VehicleYear and DrivQuality are not conditionally related under RuggedAuto,0
VehicleYear and DrivQuality are conditionally related under Accident,1
VehicleYear and DrivQuality are not conditionally related under MakeModel,0
VehicleYear and DrivQuality are not conditionally related under Mileage,0
VehicleYear and DrivQuality are not conditionally related under Antilock,0
VehicleYear and DrivQuality are not conditionally related under DrivingSkill,0
VehicleYear and DrivQuality are not conditionally related under SeniorTrain,0
VehicleYear and DrivQuality are conditionally related under ThisCarCost,1
VehicleYear and DrivQuality are not conditionally related under Theft,0
VehicleYear and DrivQuality are not conditionally related under CarValue,0
VehicleYear and DrivQuality are not conditionally related under HomeBase,0
VehicleYear and DrivQuality are not conditionally related under AntiTheft,0
VehicleYear and DrivQuality are conditionally related under PropCost,1
VehicleYear and DrivQuality are conditionally related under OtherCarCost,1
VehicleYear and DrivQuality are not conditionally related under OtherCar,0
VehicleYear and DrivQuality are conditionally related under MedCost,1
VehicleYear and DrivQuality are not conditionally related under Cushioning,0
VehicleYear and DrivQuality are not conditionally related under Airbag,0
VehicleYear and DrivQuality are conditionally related under ILiCost,1
VehicleYear and DrivQuality are not conditionally related under DrivHist,0
VehicleYear and Mileage are not conditionally related under GoodStudent,0
VehicleYear and Mileage are not conditionally related under Age,0
VehicleYear and Mileage are not conditionally related under SocioEcon,0
VehicleYear and Mileage are not conditionally related under RiskAversion,0
VehicleYear and Mileage are conditionally related under ThisCarDam,1
VehicleYear and Mileage are not conditionally related under RuggedAuto,0
VehicleYear and Mileage are conditionally related under Accident,1
VehicleYear and Mileage are not conditionally related under MakeModel,0
VehicleYear and Mileage are not conditionally related under DrivQuality,0
VehicleYear and Mileage are not conditionally related under Antilock,0
VehicleYear and Mileage are not conditionally related under DrivingSkill,0
VehicleYear and Mileage are not conditionally related under SeniorTrain,0
VehicleYear and Mileage are conditionally related under ThisCarCost,1
VehicleYear and Mileage are conditionally related under Theft,1
VehicleYear and Mileage are conditionally related under CarValue,1
VehicleYear and Mileage are not conditionally related under HomeBase,0
VehicleYear and Mileage are not conditionally related under AntiTheft,0
VehicleYear and Mileage are conditionally related under PropCost,1
VehicleYear and Mileage are conditionally related under OtherCarCost,1
VehicleYear and Mileage are not conditionally related under OtherCar,0
VehicleYear and Mileage are conditionally related under MedCost,1
VehicleYear and Mileage are not conditionally related under Cushioning,0
VehicleYear and Mileage are not conditionally related under Airbag,0
VehicleYear and Mileage are conditionally related under ILiCost,1
VehicleYear and Mileage are not conditionally related under DrivHist,0
VehicleYear and Antilock are related,1
VehicleYear and DrivingSkill are not conditionally related under GoodStudent,0
VehicleYear and DrivingSkill are conditionally related under Age,1
VehicleYear and DrivingSkill are conditionally related under SocioEcon,1
VehicleYear and DrivingSkill are conditionally related under RiskAversion,1
VehicleYear and DrivingSkill are conditionally related under ThisCarDam,1
VehicleYear and DrivingSkill are not conditionally related under RuggedAuto,0
VehicleYear and DrivingSkill are conditionally related under Accident,1
VehicleYear and DrivingSkill are not conditionally related under MakeModel,0
VehicleYear and DrivingSkill are not conditionally related under DrivQuality,0
VehicleYear and DrivingSkill are not conditionally related under Mileage,0
VehicleYear and DrivingSkill are not conditionally related under Antilock,0
VehicleYear and DrivingSkill are not conditionally related under SeniorTrain,0
VehicleYear and DrivingSkill are conditionally related under ThisCarCost,1
VehicleYear and DrivingSkill are not conditionally related under Theft,0
VehicleYear and DrivingSkill are not conditionally related under CarValue,0
VehicleYear and DrivingSkill are not conditionally related under HomeBase,0
VehicleYear and DrivingSkill are not conditionally related under AntiTheft,0
VehicleYear and DrivingSkill are conditionally related under PropCost,1
VehicleYear and DrivingSkill are conditionally related under OtherCarCost,1
VehicleYear and DrivingSkill are not conditionally related under OtherCar,0
VehicleYear and DrivingSkill are conditionally related under MedCost,1
VehicleYear and DrivingSkill are not conditionally related under Cushioning,0
VehicleYear and DrivingSkill are not conditionally related under Airbag,0
VehicleYear and DrivingSkill are conditionally related under ILiCost,1
VehicleYear and DrivingSkill are not conditionally related under DrivHist,0
VehicleYear and SeniorTrain are not conditionally related under GoodStudent,0
VehicleYear and SeniorTrain are conditionally related under Age,1
VehicleYear and SeniorTrain are conditionally related under SocioEcon,1
VehicleYear and SeniorTrain are conditionally related under RiskAversion,1
VehicleYear and SeniorTrain are conditionally related under ThisCarDam,1
VehicleYear and SeniorTrain are not conditionally related under RuggedAuto,0
VehicleYear and SeniorTrain are conditionally related under Accident,1
VehicleYear and SeniorTrain are not conditionally related under MakeModel,0
VehicleYear and SeniorTrain are not conditionally related under DrivQuality,0
VehicleYear and SeniorTrain are not conditionally related under Mileage,0
VehicleYear and SeniorTrain are not conditionally related under Antilock,0
VehicleYear and SeniorTrain are not conditionally related under DrivingSkill,0
VehicleYear and SeniorTrain are conditionally related under ThisCarCost,1
VehicleYear and SeniorTrain are not conditionally related under Theft,0
VehicleYear and SeniorTrain are not conditionally related under CarValue,0
VehicleYear and SeniorTrain are not conditionally related under HomeBase,0
VehicleYear and SeniorTrain are not conditionally related under AntiTheft,0
VehicleYear and SeniorTrain are conditionally related under PropCost,1
VehicleYear and SeniorTrain are conditionally related under OtherCarCost,1
VehicleYear and SeniorTrain are not conditionally related under OtherCar,0
VehicleYear and SeniorTrain are conditionally related under MedCost,1
VehicleYear and SeniorTrain are not conditionally related under Cushioning,0
VehicleYear and SeniorTrain are not conditionally related under Airbag,0
VehicleYear and SeniorTrain are conditionally related under ILiCost,1
VehicleYear and SeniorTrain are not conditionally related under DrivHist,0
VehicleYear and ThisCarCost are related,1
VehicleYear and Theft are related,1
VehicleYear and CarValue are related,1
VehicleYear and HomeBase are not conditionally related under GoodStudent,0
VehicleYear and HomeBase are conditionally related under Age,1
VehicleYear and HomeBase are conditionally related under SocioEcon,1
VehicleYear and HomeBase are conditionally related under RiskAversion,1
VehicleYear and HomeBase are not conditionally related under ThisCarDam,0
VehicleYear and HomeBase are not conditionally related under RuggedAuto,0
VehicleYear and HomeBase are not conditionally related under Accident,0
VehicleYear and HomeBase are not conditionally related under MakeModel,0
VehicleYear and HomeBase are not conditionally related under DrivQuality,0
VehicleYear and HomeBase are not conditionally related under Mileage,0
VehicleYear and HomeBase are not conditionally related under Antilock,0
VehicleYear and HomeBase are not conditionally related under DrivingSkill,0
VehicleYear and HomeBase are not conditionally related under SeniorTrain,0
VehicleYear and HomeBase are conditionally related under ThisCarCost,1
VehicleYear and HomeBase are conditionally related under Theft,1
VehicleYear and HomeBase are not conditionally related under CarValue,0
VehicleYear and HomeBase are not conditionally related under AntiTheft,0
VehicleYear and HomeBase are conditionally related under PropCost,1
VehicleYear and HomeBase are not conditionally related under OtherCarCost,0
VehicleYear and HomeBase are not conditionally related under OtherCar,0
VehicleYear and HomeBase are not conditionally related under MedCost,0
VehicleYear and HomeBase are not conditionally related under Cushioning,0
VehicleYear and HomeBase are not conditionally related under Airbag,0
VehicleYear and HomeBase are not conditionally related under ILiCost,0
VehicleYear and HomeBase are not conditionally related under DrivHist,0
VehicleYear and AntiTheft are not conditionally related under GoodStudent,0
VehicleYear and AntiTheft are conditionally related under Age,1
VehicleYear and AntiTheft are conditionally related under SocioEcon,1
VehicleYear and AntiTheft are conditionally related under RiskAversion,1
VehicleYear and AntiTheft are not conditionally related under ThisCarDam,0
VehicleYear and AntiTheft are not conditionally related under RuggedAuto,0
VehicleYear and AntiTheft are not conditionally related under Accident,0
VehicleYear and AntiTheft are not conditionally related under MakeModel,0
VehicleYear and AntiTheft are not conditionally related under DrivQuality,0
VehicleYear and AntiTheft are not conditionally related under Mileage,0
VehicleYear and AntiTheft are not conditionally related under Antilock,0
VehicleYear and AntiTheft are not conditionally related under DrivingSkill,0
VehicleYear and AntiTheft are not conditionally related under SeniorTrain,0
VehicleYear and AntiTheft are conditionally related under ThisCarCost,1
VehicleYear and AntiTheft are conditionally related under Theft,1
VehicleYear and AntiTheft are not conditionally related under CarValue,0
VehicleYear and AntiTheft are not conditionally related under HomeBase,0
VehicleYear and AntiTheft are conditionally related under PropCost,1
VehicleYear and AntiTheft are not conditionally related under OtherCarCost,0
VehicleYear and AntiTheft are not conditionally related under OtherCar,0
VehicleYear and AntiTheft are not conditionally related under MedCost,0
VehicleYear and AntiTheft are not conditionally related under Cushioning,0
VehicleYear and AntiTheft are not conditionally related under Airbag,0
VehicleYear and AntiTheft are not conditionally related under ILiCost,0
VehicleYear and AntiTheft are not conditionally related under DrivHist,0
VehicleYear and PropCost are related,1
VehicleYear and OtherCarCost are related,1
VehicleYear and OtherCar are not conditionally related under GoodStudent,0
VehicleYear and OtherCar are conditionally related under Age,1
VehicleYear and OtherCar are conditionally related under SocioEcon,1
VehicleYear and OtherCar are not conditionally related under RiskAversion,0
VehicleYear and OtherCar are not conditionally related under ThisCarDam,0
VehicleYear and OtherCar are not conditionally related under RuggedAuto,0
VehicleYear and OtherCar are not conditionally related under Accident,0
VehicleYear and OtherCar are not conditionally related under MakeModel,0
VehicleYear and OtherCar are not conditionally related under DrivQuality,0
VehicleYear and OtherCar are not conditionally related under Mileage,0
VehicleYear and OtherCar are not conditionally related under Antilock,0
VehicleYear and OtherCar are not conditionally related under DrivingSkill,0
VehicleYear and OtherCar are not conditionally related under SeniorTrain,0
VehicleYear and OtherCar are not conditionally related under ThisCarCost,0
VehicleYear and OtherCar are not conditionally related under Theft,0
VehicleYear and OtherCar are not conditionally related under CarValue,0
VehicleYear and OtherCar are not conditionally related under HomeBase,0
VehicleYear and OtherCar are not conditionally related under AntiTheft,0
VehicleYear and OtherCar are not conditionally related under PropCost,0
VehicleYear and OtherCar are not conditionally related under OtherCarCost,0
VehicleYear and OtherCar are not conditionally related under MedCost,0
VehicleYear and OtherCar are not conditionally related under Cushioning,0
VehicleYear and OtherCar are not conditionally related under Airbag,0
VehicleYear and OtherCar are not conditionally related under ILiCost,0
VehicleYear and OtherCar are not conditionally related under DrivHist,0
VehicleYear and MedCost are related,1
VehicleYear and Cushioning are related,1
VehicleYear and Airbag are related,1
VehicleYear and ILiCost are related,1
VehicleYear and DrivHist are not conditionally related under GoodStudent,0
VehicleYear and DrivHist are conditionally related under Age,1
VehicleYear and DrivHist are conditionally related under SocioEcon,1
VehicleYear and DrivHist are conditionally related under RiskAversion,1
VehicleYear and DrivHist are not conditionally related under ThisCarDam,0
VehicleYear and DrivHist are not conditionally related under RuggedAuto,0
VehicleYear and DrivHist are not conditionally related under Accident,0
VehicleYear and DrivHist are not conditionally related under MakeModel,0
VehicleYear and DrivHist are not conditionally related under DrivQuality,0
VehicleYear and DrivHist are not conditionally related under Mileage,0
VehicleYear and DrivHist are not conditionally related under Antilock,0
VehicleYear and DrivHist are not conditionally related under DrivingSkill,0
VehicleYear and DrivHist are not conditionally related under SeniorTrain,0
VehicleYear and DrivHist are not conditionally related under ThisCarCost,0
VehicleYear and DrivHist are not conditionally related under Theft,0
VehicleYear and DrivHist are not conditionally related under CarValue,0
VehicleYear and DrivHist are not conditionally related under HomeBase,0
VehicleYear and DrivHist are not conditionally related under AntiTheft,0
VehicleYear and DrivHist are not conditionally related under PropCost,0
VehicleYear and DrivHist are not conditionally related under OtherCarCost,0
VehicleYear and DrivHist are not conditionally related under OtherCar,0
VehicleYear and DrivHist are not conditionally related under MedCost,0
VehicleYear and DrivHist are not conditionally related under Cushioning,0
VehicleYear and DrivHist are not conditionally related under Airbag,0
VehicleYear and DrivHist are not conditionally related under ILiCost,0
ThisCarDam and GoodStudent are conditionally related under Age,1
ThisCarDam and GoodStudent are conditionally related under SocioEcon,1
ThisCarDam and GoodStudent are not conditionally related under RiskAversion,0
ThisCarDam and GoodStudent are not conditionally related under VehicleYear,0
ThisCarDam and GoodStudent are not conditionally related under RuggedAuto,0
ThisCarDam and GoodStudent are not conditionally related under Accident,0
ThisCarDam and GoodStudent are not conditionally related under MakeModel,0
ThisCarDam and GoodStudent are not conditionally related under DrivQuality,0
ThisCarDam and GoodStudent are not conditionally related under Mileage,0
ThisCarDam and GoodStudent are not conditionally related under Antilock,0
ThisCarDam and GoodStudent are not conditionally related under DrivingSkill,0
ThisCarDam and GoodStudent are not conditionally related under SeniorTrain,0
ThisCarDam and GoodStudent are not conditionally related under ThisCarCost,0
ThisCarDam and GoodStudent are not conditionally related under Theft,0
ThisCarDam and GoodStudent are not conditionally related under CarValue,0
ThisCarDam and GoodStudent are not conditionally related under HomeBase,0
ThisCarDam and GoodStudent are not conditionally related under AntiTheft,0
ThisCarDam and GoodStudent are not conditionally related under PropCost,0
ThisCarDam and GoodStudent are not conditionally related under OtherCarCost,0
ThisCarDam and GoodStudent are not conditionally related under OtherCar,0
ThisCarDam and GoodStudent are not conditionally related under MedCost,0
ThisCarDam and GoodStudent are not conditionally related under Cushioning,0
ThisCarDam and GoodStudent are not conditionally related under Airbag,0
ThisCarDam and GoodStudent are not conditionally related under ILiCost,0
ThisCarDam and GoodStudent are not conditionally related under DrivHist,0
ThisCarDam and Age are related,1
ThisCarDam and SocioEcon are related,1
ThisCarDam and RiskAversion are related,1
ThisCarDam and VehicleYear are related,1
ThisCarDam and RuggedAuto are related,1
ThisCarDam and Accident are related,1
ThisCarDam and MakeModel are related,1
ThisCarDam and DrivQuality are related,1
ThisCarDam and Mileage are related,1
ThisCarDam and Antilock are related,1
ThisCarDam and DrivingSkill are related,1
ThisCarDam and SeniorTrain are related,1
ThisCarDam and ThisCarCost are related,1
ThisCarDam and Theft are not conditionally related under GoodStudent,0
ThisCarDam and Theft are conditionally related under Age,1
ThisCarDam and Theft are conditionally related under SocioEcon,1
ThisCarDam and Theft are conditionally related under RiskAversion,1
ThisCarDam and Theft are conditionally related under VehicleYear,1
ThisCarDam and Theft are not conditionally related under RuggedAuto,0
ThisCarDam and Theft are not conditionally related under Accident,0
ThisCarDam and Theft are conditionally related under MakeModel,1
ThisCarDam and Theft are not conditionally related under DrivQuality,0
ThisCarDam and Theft are conditionally related under Mileage,1
ThisCarDam and Theft are not conditionally related under Antilock,0
ThisCarDam and Theft are not conditionally related under DrivingSkill,0
ThisCarDam and Theft are not conditionally related under SeniorTrain,0
ThisCarDam and Theft are conditionally related under ThisCarCost,1
ThisCarDam and Theft are not conditionally related under CarValue,0
ThisCarDam and Theft are not conditionally related under HomeBase,0
ThisCarDam and Theft are not conditionally related under AntiTheft,0
ThisCarDam and Theft are conditionally related under PropCost,1
ThisCarDam and Theft are not conditionally related under OtherCarCost,0
ThisCarDam and Theft are not conditionally related under OtherCar,0
ThisCarDam and Theft are not conditionally related under MedCost,0
ThisCarDam and Theft are not conditionally related under Cushioning,0
ThisCarDam and Theft are not conditionally related under Airbag,0
ThisCarDam and Theft are not conditionally related under ILiCost,0
ThisCarDam and Theft are not conditionally related under DrivHist,0
ThisCarDam and CarValue are not conditionally related under GoodStudent,0
ThisCarDam and CarValue are conditionally related under Age,1
ThisCarDam and CarValue are conditionally related under SocioEcon,1
ThisCarDam and CarValue are conditionally related under RiskAversion,1
ThisCarDam and CarValue are conditionally related under VehicleYear,1
ThisCarDam and CarValue are not conditionally related under RuggedAuto,0
ThisCarDam and CarValue are not conditionally related under Accident,0
ThisCarDam and CarValue are conditionally related under MakeModel,1
ThisCarDam and CarValue are not conditionally related under DrivQuality,0
ThisCarDam and CarValue are conditionally related under Mileage,1
ThisCarDam and CarValue are not conditionally related under Antilock,0
ThisCarDam and CarValue are not conditionally related under DrivingSkill,0
ThisCarDam and CarValue are not conditionally related under SeniorTrain,0
ThisCarDam and CarValue are conditionally related under ThisCarCost,1
ThisCarDam and CarValue are not conditionally related under Theft,0
ThisCarDam and CarValue are not conditionally related under HomeBase,0
ThisCarDam and CarValue are not conditionally related under AntiTheft,0
ThisCarDam and CarValue are conditionally related under PropCost,1
ThisCarDam and CarValue are not conditionally related under OtherCarCost,0
ThisCarDam and CarValue are not conditionally related under OtherCar,0
ThisCarDam and CarValue are not conditionally related under MedCost,0
ThisCarDam and CarValue are not conditionally related under Cushioning,0
ThisCarDam and CarValue are not conditionally related under Airbag,0
ThisCarDam and CarValue are not conditionally related under ILiCost,0
ThisCarDam and CarValue are not conditionally related under DrivHist,0
ThisCarDam and HomeBase are not conditionally related under GoodStudent,0
ThisCarDam and HomeBase are conditionally related under Age,1
ThisCarDam and HomeBase are conditionally related under SocioEcon,1
ThisCarDam and HomeBase are conditionally related under RiskAversion,1
ThisCarDam and HomeBase are not conditionally related under VehicleYear,0
ThisCarDam and HomeBase are not conditionally related under RuggedAuto,0
ThisCarDam and HomeBase are not conditionally related under Accident,0
ThisCarDam and HomeBase are not conditionally related under MakeModel,0
ThisCarDam and HomeBase are not conditionally related under DrivQuality,0
ThisCarDam and HomeBase are not conditionally related under Mileage,0
ThisCarDam and HomeBase are not conditionally related under Antilock,0
ThisCarDam and HomeBase are not conditionally related under DrivingSkill,0
ThisCarDam and HomeBase are not conditionally related under SeniorTrain,0
ThisCarDam and HomeBase are conditionally related under ThisCarCost,1
ThisCarDam and HomeBase are not conditionally related under Theft,0
ThisCarDam and HomeBase are not conditionally related under CarValue,0
ThisCarDam and HomeBase are not conditionally related under AntiTheft,0
ThisCarDam and HomeBase are conditionally related under PropCost,1
ThisCarDam and HomeBase are not conditionally related under OtherCarCost,0
ThisCarDam and HomeBase are not conditionally related under OtherCar,0
ThisCarDam and HomeBase are not conditionally related under MedCost,0
ThisCarDam and HomeBase are not conditionally related under Cushioning,0
ThisCarDam and HomeBase are not conditionally related under Airbag,0
ThisCarDam and HomeBase are not conditionally related under ILiCost,0
ThisCarDam and HomeBase are not conditionally related under DrivHist,0
ThisCarDam and AntiTheft are not conditionally related under GoodStudent,0
ThisCarDam and AntiTheft are conditionally related under Age,1
ThisCarDam and AntiTheft are conditionally related under SocioEcon,1
ThisCarDam and AntiTheft are conditionally related under RiskAversion,1
ThisCarDam and AntiTheft are not conditionally related under VehicleYear,0
ThisCarDam and AntiTheft are not conditionally related under RuggedAuto,0
ThisCarDam and AntiTheft are not conditionally related under Accident,0
ThisCarDam and AntiTheft are not conditionally related under MakeModel,0
ThisCarDam and AntiTheft are not conditionally related under DrivQuality,0
ThisCarDam and AntiTheft are not conditionally related under Mileage,0
ThisCarDam and AntiTheft are not conditionally related under Antilock,0
ThisCarDam and AntiTheft are not conditionally related under DrivingSkill,0
ThisCarDam and AntiTheft are not conditionally related under SeniorTrain,0
ThisCarDam and AntiTheft are conditionally related under ThisCarCost,1
ThisCarDam and AntiTheft are not conditionally related under Theft,0
ThisCarDam and AntiTheft are not conditionally related under CarValue,0
ThisCarDam and AntiTheft are not conditionally related under HomeBase,0
ThisCarDam and AntiTheft are conditionally related under PropCost,1
ThisCarDam and AntiTheft are not conditionally related under OtherCarCost,0
ThisCarDam and AntiTheft are not conditionally related under OtherCar,0
ThisCarDam and AntiTheft are not conditionally related under MedCost,0
ThisCarDam and AntiTheft are not conditionally related under Cushioning,0
ThisCarDam and AntiTheft are not conditionally related under Airbag,0
ThisCarDam and AntiTheft are not conditionally related under ILiCost,0
ThisCarDam and AntiTheft are not conditionally related under DrivHist,0
ThisCarDam and PropCost are related,1
ThisCarDam and OtherCarCost are not conditionally related under GoodStudent,0
ThisCarDam and OtherCarCost are conditionally related under Age,1
ThisCarDam and OtherCarCost are conditionally related under SocioEcon,1
ThisCarDam and OtherCarCost are conditionally related under RiskAversion,1
ThisCarDam and OtherCarCost are conditionally related under VehicleYear,1
ThisCarDam and OtherCarCost are conditionally related under RuggedAuto,1
ThisCarDam and OtherCarCost are conditionally related under Accident,1
ThisCarDam and OtherCarCost are conditionally related under MakeModel,1
ThisCarDam and OtherCarCost are conditionally related under DrivQuality,1
ThisCarDam and OtherCarCost are conditionally related under Mileage,1
ThisCarDam and OtherCarCost are conditionally related under Antilock,1
ThisCarDam and OtherCarCost are conditionally related under DrivingSkill,1
ThisCarDam and OtherCarCost are conditionally related under SeniorTrain,1
ThisCarDam and OtherCarCost are not conditionally related under ThisCarCost,0
ThisCarDam and OtherCarCost are not conditionally related under Theft,0
ThisCarDam and OtherCarCost are not conditionally related under CarValue,0
ThisCarDam and OtherCarCost are not conditionally related under HomeBase,0
ThisCarDam and OtherCarCost are not conditionally related under AntiTheft,0
ThisCarDam and OtherCarCost are conditionally related under PropCost,1
ThisCarDam and OtherCarCost are not conditionally related under OtherCar,0
ThisCarDam and OtherCarCost are not conditionally related under MedCost,0
ThisCarDam and OtherCarCost are not conditionally related under Cushioning,0
ThisCarDam and OtherCarCost are not conditionally related under Airbag,0
ThisCarDam and OtherCarCost are not conditionally related under ILiCost,0
ThisCarDam and OtherCarCost are not conditionally related under DrivHist,0
ThisCarDam and OtherCar are not conditionally related under GoodStudent,0
ThisCarDam and OtherCar are conditionally related under Age,1
ThisCarDam and OtherCar are conditionally related under SocioEcon,1
ThisCarDam and OtherCar are not conditionally related under RiskAversion,0
ThisCarDam and OtherCar are not conditionally related under VehicleYear,0
ThisCarDam and OtherCar are not conditionally related under RuggedAuto,0
ThisCarDam and OtherCar are not conditionally related under Accident,0
ThisCarDam and OtherCar are not conditionally related under MakeModel,0
ThisCarDam and OtherCar are not conditionally related under DrivQuality,0
ThisCarDam and OtherCar are not conditionally related under Mileage,0
ThisCarDam and OtherCar are not conditionally related under Antilock,0
ThisCarDam and OtherCar are not conditionally related under DrivingSkill,0
ThisCarDam and OtherCar are not conditionally related under SeniorTrain,0
ThisCarDam and OtherCar are not conditionally related under ThisCarCost,0
ThisCarDam and OtherCar are not conditionally related under Theft,0
ThisCarDam and OtherCar are not conditionally related under CarValue,0
ThisCarDam and OtherCar are not conditionally related under HomeBase,0
ThisCarDam and OtherCar are not conditionally related under AntiTheft,0
ThisCarDam and OtherCar are not conditionally related under PropCost,0
ThisCarDam and OtherCar are not conditionally related under OtherCarCost,0
ThisCarDam and OtherCar are not conditionally related under MedCost,0
ThisCarDam and OtherCar are not conditionally related under Cushioning,0
ThisCarDam and OtherCar are not conditionally related under Airbag,0
ThisCarDam and OtherCar are not conditionally related under ILiCost,0
ThisCarDam and OtherCar are not conditionally related under DrivHist,0
ThisCarDam and MedCost are not conditionally related under GoodStudent,0
ThisCarDam and MedCost are conditionally related under Age,1
ThisCarDam and MedCost are conditionally related under SocioEcon,1
ThisCarDam and MedCost are conditionally related under RiskAversion,1
ThisCarDam and MedCost are conditionally related under VehicleYear,1
ThisCarDam and MedCost are conditionally related under RuggedAuto,1
ThisCarDam and MedCost are conditionally related under Accident,1
ThisCarDam and MedCost are conditionally related under MakeModel,1
ThisCarDam and MedCost are conditionally related under DrivQuality,1
ThisCarDam and MedCost are conditionally related under Mileage,1
ThisCarDam and MedCost are conditionally related under Antilock,1
ThisCarDam and MedCost are conditionally related under DrivingSkill,1
ThisCarDam and MedCost are conditionally related under SeniorTrain,1
ThisCarDam and MedCost are not conditionally related under ThisCarCost,0
ThisCarDam and MedCost are not conditionally related under Theft,0
ThisCarDam and MedCost are not conditionally related under CarValue,0
ThisCarDam and MedCost are not conditionally related under HomeBase,0
ThisCarDam and MedCost are not conditionally related under AntiTheft,0
ThisCarDam and MedCost are not conditionally related under PropCost,0
ThisCarDam and MedCost are not conditionally related under OtherCarCost,0
ThisCarDam and MedCost are not conditionally related under OtherCar,0
ThisCarDam and MedCost are not conditionally related under Cushioning,0
ThisCarDam and MedCost are not conditionally related under Airbag,0
ThisCarDam and MedCost are not conditionally related under ILiCost,0
ThisCarDam and MedCost are not conditionally related under DrivHist,0
ThisCarDam and Cushioning are not conditionally related under GoodStudent,0
ThisCarDam and Cushioning are conditionally related under Age,1
ThisCarDam and Cushioning are conditionally related under SocioEcon,1
ThisCarDam and Cushioning are conditionally related under RiskAversion,1
ThisCarDam and Cushioning are conditionally related under VehicleYear,1
ThisCarDam and Cushioning are conditionally related under RuggedAuto,1
ThisCarDam and Cushioning are not conditionally related under Accident,0
ThisCarDam and Cushioning are conditionally related under MakeModel,1
ThisCarDam and Cushioning are not conditionally related under DrivQuality,0
ThisCarDam and Cushioning are not conditionally related under Mileage,0
ThisCarDam and Cushioning are not conditionally related under Antilock,0
ThisCarDam and Cushioning are not conditionally related under DrivingSkill,0
ThisCarDam and Cushioning are not conditionally related under SeniorTrain,0
ThisCarDam and Cushioning are not conditionally related under ThisCarCost,0
ThisCarDam and Cushioning are not conditionally related under Theft,0
ThisCarDam and Cushioning are not conditionally related under CarValue,0
ThisCarDam and Cushioning are not conditionally related under HomeBase,0
ThisCarDam and Cushioning are not conditionally related under AntiTheft,0
ThisCarDam and Cushioning are not conditionally related under PropCost,0
ThisCarDam and Cushioning are not conditionally related under OtherCarCost,0
ThisCarDam and Cushioning are not conditionally related under OtherCar,0
ThisCarDam and Cushioning are not conditionally related under MedCost,0
ThisCarDam and Cushioning are not conditionally related under Airbag,0
ThisCarDam and Cushioning are not conditionally related under ILiCost,0
ThisCarDam and Cushioning are not conditionally related under DrivHist,0
ThisCarDam and Airbag are not conditionally related under GoodStudent,0
ThisCarDam and Airbag are conditionally related under Age,1
ThisCarDam and Airbag are conditionally related under SocioEcon,1
ThisCarDam and Airbag are conditionally related under RiskAversion,1
ThisCarDam and Airbag are conditionally related under VehicleYear,1
ThisCarDam and Airbag are not conditionally related under RuggedAuto,0
ThisCarDam and Airbag are not conditionally related under Accident,0
ThisCarDam and Airbag are conditionally related under MakeModel,1
ThisCarDam and Airbag are not conditionally related under DrivQuality,0
ThisCarDam and Airbag are not conditionally related under Mileage,0
ThisCarDam and Airbag are not conditionally related under Antilock,0
ThisCarDam and Airbag are not conditionally related under DrivingSkill,0
ThisCarDam and Airbag are not conditionally related under SeniorTrain,0
ThisCarDam and Airbag are not conditionally related under ThisCarCost,0
ThisCarDam and Airbag are not conditionally related under Theft,0
ThisCarDam and Airbag are not conditionally related under CarValue,0
ThisCarDam and Airbag are not conditionally related under HomeBase,0
ThisCarDam and Airbag are not conditionally related under AntiTheft,0
ThisCarDam and Airbag are not conditionally related under PropCost,0
ThisCarDam and Airbag are not conditionally related under OtherCarCost,0
ThisCarDam and Airbag are not conditionally related under OtherCar,0
ThisCarDam and Airbag are not conditionally related under MedCost,0
ThisCarDam and Airbag are not conditionally related under Cushioning,0
ThisCarDam and Airbag are not conditionally related under ILiCost,0
ThisCarDam and Airbag are not conditionally related under DrivHist,0
ThisCarDam and ILiCost are not conditionally related under GoodStudent,0
ThisCarDam and ILiCost are conditionally related under Age,1
ThisCarDam and ILiCost are conditionally related under SocioEcon,1
ThisCarDam and ILiCost are conditionally related under RiskAversion,1
ThisCarDam and ILiCost are conditionally related under VehicleYear,1
ThisCarDam and ILiCost are not conditionally related under RuggedAuto,0
ThisCarDam and ILiCost are conditionally related under Accident,1
ThisCarDam and ILiCost are conditionally related under MakeModel,1
ThisCarDam and ILiCost are conditionally related under DrivQuality,1
ThisCarDam and ILiCost are conditionally related under Mileage,1
ThisCarDam and ILiCost are conditionally related under Antilock,1
ThisCarDam and ILiCost are conditionally related under DrivingSkill,1
ThisCarDam and ILiCost are conditionally related under SeniorTrain,1
ThisCarDam and ILiCost are not conditionally related under ThisCarCost,0
ThisCarDam and ILiCost are not conditionally related under Theft,0
ThisCarDam and ILiCost are not conditionally related under CarValue,0
ThisCarDam and ILiCost are not conditionally related under HomeBase,0
ThisCarDam and ILiCost are not conditionally related under AntiTheft,0
ThisCarDam and ILiCost are not conditionally related under PropCost,0
ThisCarDam and ILiCost are not conditionally related under OtherCarCost,0
ThisCarDam and ILiCost are not conditionally related under OtherCar,0
ThisCarDam and ILiCost are not conditionally related under MedCost,0
ThisCarDam and ILiCost are not conditionally related under Cushioning,0
ThisCarDam and ILiCost are not conditionally related under Airbag,0
ThisCarDam and ILiCost are not conditionally related under DrivHist,0
ThisCarDam and DrivHist are not conditionally related under GoodStudent,0
ThisCarDam and DrivHist are conditionally related under Age,1
ThisCarDam and DrivHist are conditionally related under SocioEcon,1
ThisCarDam and DrivHist are conditionally related under RiskAversion,1
ThisCarDam and DrivHist are not conditionally related under VehicleYear,0
ThisCarDam and DrivHist are not conditionally related under RuggedAuto,0
ThisCarDam and DrivHist are not conditionally related under Accident,0
ThisCarDam and DrivHist are not conditionally related under MakeModel,0
ThisCarDam and DrivHist are not conditionally related under DrivQuality,0
ThisCarDam and DrivHist are not conditionally related under Mileage,0
ThisCarDam and DrivHist are not conditionally related under Antilock,0
ThisCarDam and DrivHist are conditionally related under DrivingSkill,1
ThisCarDam and DrivHist are conditionally related under SeniorTrain,1
ThisCarDam and DrivHist are not conditionally related under ThisCarCost,0
ThisCarDam and DrivHist are not conditionally related under Theft,0
ThisCarDam and DrivHist are not conditionally related under CarValue,0
ThisCarDam and DrivHist are not conditionally related under HomeBase,0
ThisCarDam and DrivHist are not conditionally related under AntiTheft,0
ThisCarDam and DrivHist are not conditionally related under PropCost,0
ThisCarDam and DrivHist are not conditionally related under OtherCarCost,0
ThisCarDam and DrivHist are not conditionally related under OtherCar,0
ThisCarDam and DrivHist are not conditionally related under MedCost,0
ThisCarDam and DrivHist are not conditionally related under Cushioning,0
ThisCarDam and DrivHist are not conditionally related under Airbag,0
ThisCarDam and DrivHist are not conditionally related under ILiCost,0
RuggedAuto and GoodStudent are conditionally related under Age,1
RuggedAuto and GoodStudent are conditionally related under SocioEcon,1
RuggedAuto and GoodStudent are not conditionally related under RiskAversion,0
RuggedAuto and GoodStudent are not conditionally related under VehicleYear,0
RuggedAuto and GoodStudent are not conditionally related under ThisCarDam,0
RuggedAuto and GoodStudent are not conditionally related under Accident,0
RuggedAuto and GoodStudent are not conditionally related under MakeModel,0
RuggedAuto and GoodStudent are not conditionally related under DrivQuality,0
RuggedAuto and GoodStudent are not conditionally related under Mileage,0
RuggedAuto and GoodStudent are not conditionally related under Antilock,0
RuggedAuto and GoodStudent are not conditionally related under DrivingSkill,0
RuggedAuto and GoodStudent are not conditionally related under SeniorTrain,0
RuggedAuto and GoodStudent are not conditionally related under ThisCarCost,0
RuggedAuto and GoodStudent are not conditionally related under Theft,0
RuggedAuto and GoodStudent are not conditionally related under CarValue,0
RuggedAuto and GoodStudent are not conditionally related under HomeBase,0
RuggedAuto and GoodStudent are not conditionally related under AntiTheft,0
RuggedAuto and GoodStudent are not conditionally related under PropCost,0
RuggedAuto and GoodStudent are not conditionally related under OtherCarCost,0
RuggedAuto and GoodStudent are not conditionally related under OtherCar,0
RuggedAuto and GoodStudent are not conditionally related under MedCost,0
RuggedAuto and GoodStudent are not conditionally related under Cushioning,0
RuggedAuto and GoodStudent are not conditionally related under Airbag,0
RuggedAuto and GoodStudent are not conditionally related under ILiCost,0
RuggedAuto and GoodStudent are not conditionally related under DrivHist,0
RuggedAuto and Age are related,1
RuggedAuto and SocioEcon are related,1
RuggedAuto and RiskAversion are related,1
RuggedAuto and VehicleYear are related,1
RuggedAuto and ThisCarDam are related,1
RuggedAuto and Accident are not conditionally related under GoodStudent,0
RuggedAuto and Accident are conditionally related under Age,1
RuggedAuto and Accident are conditionally related under SocioEcon,1
RuggedAuto and Accident are conditionally related under RiskAversion,1
RuggedAuto and Accident are conditionally related under VehicleYear,1
RuggedAuto and Accident are conditionally related under ThisCarDam,1
RuggedAuto and Accident are conditionally related under MakeModel,1
RuggedAuto and Accident are not conditionally related under DrivQuality,0
RuggedAuto and Accident are not conditionally related under Mileage,0
RuggedAuto and Accident are not conditionally related under Antilock,0
RuggedAuto and Accident are not conditionally related under DrivingSkill,0
RuggedAuto and Accident are not conditionally related under SeniorTrain,0
RuggedAuto and Accident are conditionally related under ThisCarCost,1
RuggedAuto and Accident are not conditionally related under Theft,0
RuggedAuto and Accident are not conditionally related under CarValue,0
RuggedAuto and Accident are not conditionally related under HomeBase,0
RuggedAuto and Accident are not conditionally related under AntiTheft,0
RuggedAuto and Accident are conditionally related under PropCost,1
RuggedAuto and Accident are conditionally related under OtherCarCost,1
RuggedAuto and Accident are not conditionally related under OtherCar,0
RuggedAuto and Accident are conditionally related under MedCost,1
RuggedAuto and Accident are not conditionally related under Cushioning,0
RuggedAuto and Accident are not conditionally related under Airbag,0
RuggedAuto and Accident are not conditionally related under ILiCost,0
RuggedAuto and Accident are not conditionally related under DrivHist,0
RuggedAuto and MakeModel are related,1
RuggedAuto and DrivQuality are not conditionally related under GoodStudent,0
RuggedAuto and DrivQuality are conditionally related under Age,1
RuggedAuto and DrivQuality are conditionally related under SocioEcon,1
RuggedAuto and DrivQuality are conditionally related under RiskAversion,1
RuggedAuto and DrivQuality are not conditionally related under VehicleYear,0
RuggedAuto and DrivQuality are conditionally related under ThisCarDam,1
RuggedAuto and DrivQuality are not conditionally related under Accident,0
RuggedAuto and DrivQuality are not conditionally related under MakeModel,0
RuggedAuto and DrivQuality are not conditionally related under Mileage,0
RuggedAuto and DrivQuality are not conditionally related under Antilock,0
RuggedAuto and DrivQuality are not conditionally related under DrivingSkill,0
RuggedAuto and DrivQuality are not conditionally related under SeniorTrain,0
RuggedAuto and DrivQuality are conditionally related under ThisCarCost,1
RuggedAuto and DrivQuality are not conditionally related under Theft,0
RuggedAuto and DrivQuality are not conditionally related under CarValue,0
RuggedAuto and DrivQuality are not conditionally related under HomeBase,0
RuggedAuto and DrivQuality are not conditionally related under AntiTheft,0
RuggedAuto and DrivQuality are conditionally related under PropCost,1
RuggedAuto and DrivQuality are conditionally related under OtherCarCost,1
RuggedAuto and DrivQuality are not conditionally related under OtherCar,0
RuggedAuto and DrivQuality are conditionally related under MedCost,1
RuggedAuto and DrivQuality are not conditionally related under Cushioning,0
RuggedAuto and DrivQuality are not conditionally related under Airbag,0
RuggedAuto and DrivQuality are not conditionally related under ILiCost,0
RuggedAuto and DrivQuality are not conditionally related under DrivHist,0
RuggedAuto and Mileage are not conditionally related under GoodStudent,0
RuggedAuto and Mileage are not conditionally related under Age,0
RuggedAuto and Mileage are not conditionally related under SocioEcon,0
RuggedAuto and Mileage are not conditionally related under RiskAversion,0
RuggedAuto and Mileage are not conditionally related under VehicleYear,0
RuggedAuto and Mileage are conditionally related under ThisCarDam,1
RuggedAuto and Mileage are not conditionally related under Accident,0
RuggedAuto and Mileage are not conditionally related under MakeModel,0
RuggedAuto and Mileage are not conditionally related under DrivQuality,0
RuggedAuto and Mileage are not conditionally related under Antilock,0
RuggedAuto and Mileage are not conditionally related under DrivingSkill,0
RuggedAuto and Mileage are not conditionally related under SeniorTrain,0
RuggedAuto and Mileage are conditionally related under ThisCarCost,1
RuggedAuto and Mileage are not conditionally related under Theft,0
RuggedAuto and Mileage are not conditionally related under CarValue,0
RuggedAuto and Mileage are not conditionally related under HomeBase,0
RuggedAuto and Mileage are not conditionally related under AntiTheft,0
RuggedAuto and Mileage are conditionally related under PropCost,1
RuggedAuto and Mileage are conditionally related under OtherCarCost,1
RuggedAuto and Mileage are not conditionally related under OtherCar,0
RuggedAuto and Mileage are conditionally related under MedCost,1
RuggedAuto and Mileage are not conditionally related under Cushioning,0
RuggedAuto and Mileage are not conditionally related under Airbag,0
RuggedAuto and Mileage are not conditionally related under ILiCost,0
RuggedAuto and Mileage are not conditionally related under DrivHist,0
RuggedAuto and Antilock are not conditionally related under GoodStudent,0
RuggedAuto and Antilock are conditionally related under Age,1
RuggedAuto and Antilock are conditionally related under SocioEcon,1
RuggedAuto and Antilock are conditionally related under RiskAversion,1
RuggedAuto and Antilock are conditionally related under VehicleYear,1
RuggedAuto and Antilock are conditionally related under ThisCarDam,1
RuggedAuto and Antilock are not conditionally related under Accident,0
RuggedAuto and Antilock are conditionally related under MakeModel,1
RuggedAuto and Antilock are not conditionally related under DrivQuality,0
RuggedAuto and Antilock are not conditionally related under Mileage,0
RuggedAuto and Antilock are not conditionally related under DrivingSkill,0
RuggedAuto and Antilock are not conditionally related under SeniorTrain,0
RuggedAuto and Antilock are conditionally related under ThisCarCost,1
RuggedAuto and Antilock are not conditionally related under Theft,0
RuggedAuto and Antilock are not conditionally related under CarValue,0
RuggedAuto and Antilock are not conditionally related under HomeBase,0
RuggedAuto and Antilock are not conditionally related under AntiTheft,0
RuggedAuto and Antilock are conditionally related under PropCost,1
RuggedAuto and Antilock are conditionally related under OtherCarCost,1
RuggedAuto and Antilock are not conditionally related under OtherCar,0
RuggedAuto and Antilock are conditionally related under MedCost,1
RuggedAuto and Antilock are not conditionally related under Cushioning,0
RuggedAuto and Antilock are not conditionally related under Airbag,0
RuggedAuto and Antilock are not conditionally related under ILiCost,0
RuggedAuto and Antilock are not conditionally related under DrivHist,0
RuggedAuto and DrivingSkill are not conditionally related under GoodStudent,0
RuggedAuto and DrivingSkill are conditionally related under Age,1
RuggedAuto and DrivingSkill are conditionally related under SocioEcon,1
RuggedAuto and DrivingSkill are conditionally related under RiskAversion,1
RuggedAuto and DrivingSkill are not conditionally related under VehicleYear,0
RuggedAuto and DrivingSkill are conditionally related under ThisCarDam,1
RuggedAuto and DrivingSkill are not conditionally related under Accident,0
RuggedAuto and DrivingSkill are not conditionally related under MakeModel,0
RuggedAuto and DrivingSkill are not conditionally related under DrivQuality,0
RuggedAuto and DrivingSkill are not conditionally related under Mileage,0
RuggedAuto and DrivingSkill are not conditionally related under Antilock,0
RuggedAuto and DrivingSkill are not conditionally related under SeniorTrain,0
RuggedAuto and DrivingSkill are conditionally related under ThisCarCost,1
RuggedAuto and DrivingSkill are not conditionally related under Theft,0
RuggedAuto and DrivingSkill are not conditionally related under CarValue,0
RuggedAuto and DrivingSkill are not conditionally related under HomeBase,0
RuggedAuto and DrivingSkill are not conditionally related under AntiTheft,0
RuggedAuto and DrivingSkill are conditionally related under PropCost,1
RuggedAuto and DrivingSkill are conditionally related under OtherCarCost,1
RuggedAuto and DrivingSkill are not conditionally related under OtherCar,0
RuggedAuto and DrivingSkill are conditionally related under MedCost,1
RuggedAuto and DrivingSkill are not conditionally related under Cushioning,0
RuggedAuto and DrivingSkill are not conditionally related under Airbag,0
RuggedAuto and DrivingSkill are not conditionally related under ILiCost,0
RuggedAuto and DrivingSkill are not conditionally related under DrivHist,0
RuggedAuto and SeniorTrain are not conditionally related under GoodStudent,0
RuggedAuto and SeniorTrain are conditionally related under Age,1
RuggedAuto and SeniorTrain are conditionally related under SocioEcon,1
RuggedAuto and SeniorTrain are conditionally related under RiskAversion,1
RuggedAuto and SeniorTrain are not conditionally related under VehicleYear,0
RuggedAuto and SeniorTrain are conditionally related under ThisCarDam,1
RuggedAuto and SeniorTrain are not conditionally related under Accident,0
RuggedAuto and SeniorTrain are not conditionally related under MakeModel,0
RuggedAuto and SeniorTrain are not conditionally related under DrivQuality,0
RuggedAuto and SeniorTrain are not conditionally related under Mileage,0
RuggedAuto and SeniorTrain are not conditionally related under Antilock,0
RuggedAuto and SeniorTrain are not conditionally related under DrivingSkill,0
RuggedAuto and SeniorTrain are conditionally related under ThisCarCost,1
RuggedAuto and SeniorTrain are not conditionally related under Theft,0
RuggedAuto and SeniorTrain are not conditionally related under CarValue,0
RuggedAuto and SeniorTrain are not conditionally related under HomeBase,0
RuggedAuto and SeniorTrain are not conditionally related under AntiTheft,0
RuggedAuto and SeniorTrain are conditionally related under PropCost,1
RuggedAuto and SeniorTrain are conditionally related under OtherCarCost,1
RuggedAuto and SeniorTrain are not conditionally related under OtherCar,0
RuggedAuto and SeniorTrain are conditionally related under MedCost,1
RuggedAuto and SeniorTrain are not conditionally related under Cushioning,0
RuggedAuto and SeniorTrain are not conditionally related under Airbag,0
RuggedAuto and SeniorTrain are not conditionally related under ILiCost,0
RuggedAuto and SeniorTrain are not conditionally related under DrivHist,0
RuggedAuto and ThisCarCost are related,1
RuggedAuto and Theft are not conditionally related under GoodStudent,0
RuggedAuto and Theft are conditionally related under Age,1
RuggedAuto and Theft are conditionally related under SocioEcon,1
RuggedAuto and Theft are conditionally related under RiskAversion,1
RuggedAuto and Theft are conditionally related under VehicleYear,1
RuggedAuto and Theft are not conditionally related under ThisCarDam,0
RuggedAuto and Theft are not conditionally related under Accident,0
RuggedAuto and Theft are conditionally related under MakeModel,1
RuggedAuto and Theft are not conditionally related under DrivQuality,0
RuggedAuto and Theft are not conditionally related under Mileage,0
RuggedAuto and Theft are not conditionally related under Antilock,0
RuggedAuto and Theft are not conditionally related under DrivingSkill,0
RuggedAuto and Theft are not conditionally related under SeniorTrain,0
RuggedAuto and Theft are conditionally related under ThisCarCost,1
RuggedAuto and Theft are not conditionally related under CarValue,0
RuggedAuto and Theft are not conditionally related under HomeBase,0
RuggedAuto and Theft are not conditionally related under AntiTheft,0
RuggedAuto and Theft are conditionally related under PropCost,1
RuggedAuto and Theft are not conditionally related under OtherCarCost,0
RuggedAuto and Theft are not conditionally related under OtherCar,0
RuggedAuto and Theft are not conditionally related under MedCost,0
RuggedAuto and Theft are not conditionally related under Cushioning,0
RuggedAuto and Theft are not conditionally related under Airbag,0
RuggedAuto and Theft are not conditionally related under ILiCost,0
RuggedAuto and Theft are not conditionally related under DrivHist,0
RuggedAuto and CarValue are not conditionally related under GoodStudent,0
RuggedAuto and CarValue are conditionally related under Age,1
RuggedAuto and CarValue are conditionally related under SocioEcon,1
RuggedAuto and CarValue are conditionally related under RiskAversion,1
RuggedAuto and CarValue are conditionally related under VehicleYear,1
RuggedAuto and CarValue are not conditionally related under ThisCarDam,0
RuggedAuto and CarValue are not conditionally related under Accident,0
RuggedAuto and CarValue are conditionally related under MakeModel,1
RuggedAuto and CarValue are not conditionally related under DrivQuality,0
RuggedAuto and CarValue are not conditionally related under Mileage,0
RuggedAuto and CarValue are not conditionally related under Antilock,0
RuggedAuto and CarValue are not conditionally related under DrivingSkill,0
RuggedAuto and CarValue are not conditionally related under SeniorTrain,0
RuggedAuto and CarValue are conditionally related under ThisCarCost,1
RuggedAuto and CarValue are not conditionally related under Theft,0
RuggedAuto and CarValue are not conditionally related under HomeBase,0
RuggedAuto and CarValue are not conditionally related under AntiTheft,0
RuggedAuto and CarValue are conditionally related under PropCost,1
RuggedAuto and CarValue are not conditionally related under OtherCarCost,0
RuggedAuto and CarValue are not conditionally related under OtherCar,0
RuggedAuto and CarValue are not conditionally related under MedCost,0
RuggedAuto and CarValue are not conditionally related under Cushioning,0
RuggedAuto and CarValue are not conditionally related under Airbag,0
RuggedAuto and CarValue are not conditionally related under ILiCost,0
RuggedAuto and CarValue are not conditionally related under DrivHist,0
RuggedAuto and HomeBase are not conditionally related under GoodStudent,0
RuggedAuto and HomeBase are conditionally related under Age,1
RuggedAuto and HomeBase are conditionally related under SocioEcon,1
RuggedAuto and HomeBase are conditionally related under RiskAversion,1
RuggedAuto and HomeBase are not conditionally related under VehicleYear,0
RuggedAuto and HomeBase are not conditionally related under ThisCarDam,0
RuggedAuto and HomeBase are not conditionally related under Accident,0
RuggedAuto and HomeBase are not conditionally related under MakeModel,0
RuggedAuto and HomeBase are not conditionally related under DrivQuality,0
RuggedAuto and HomeBase are not conditionally related under Mileage,0
RuggedAuto and HomeBase are not conditionally related under Antilock,0
RuggedAuto and HomeBase are not conditionally related under DrivingSkill,0
RuggedAuto and HomeBase are not conditionally related under SeniorTrain,0
RuggedAuto and HomeBase are conditionally related under ThisCarCost,1
RuggedAuto and HomeBase are not conditionally related under Theft,0
RuggedAuto and HomeBase are not conditionally related under CarValue,0
RuggedAuto and HomeBase are not conditionally related under AntiTheft,0
RuggedAuto and HomeBase are conditionally related under PropCost,1
RuggedAuto and HomeBase are not conditionally related under OtherCarCost,0
RuggedAuto and HomeBase are not conditionally related under OtherCar,0
RuggedAuto and HomeBase are not conditionally related under MedCost,0
RuggedAuto and HomeBase are not conditionally related under Cushioning,0
RuggedAuto and HomeBase are not conditionally related under Airbag,0
RuggedAuto and HomeBase are not conditionally related under ILiCost,0
RuggedAuto and HomeBase are not conditionally related under DrivHist,0
RuggedAuto and AntiTheft are not conditionally related under GoodStudent,0
RuggedAuto and AntiTheft are conditionally related under Age,1
RuggedAuto and AntiTheft are conditionally related under SocioEcon,1
RuggedAuto and AntiTheft are conditionally related under RiskAversion,1
RuggedAuto and AntiTheft are not conditionally related under VehicleYear,0
RuggedAuto and AntiTheft are not conditionally related under ThisCarDam,0
RuggedAuto and AntiTheft are not conditionally related under Accident,0
RuggedAuto and AntiTheft are not conditionally related under MakeModel,0
RuggedAuto and AntiTheft are not conditionally related under DrivQuality,0
RuggedAuto and AntiTheft are not conditionally related under Mileage,0
RuggedAuto and AntiTheft are not conditionally related under Antilock,0
RuggedAuto and AntiTheft are not conditionally related under DrivingSkill,0
RuggedAuto and AntiTheft are not conditionally related under SeniorTrain,0
RuggedAuto and AntiTheft are conditionally related under ThisCarCost,1
RuggedAuto and AntiTheft are not conditionally related under Theft,0
RuggedAuto and AntiTheft are not conditionally related under CarValue,0
RuggedAuto and AntiTheft are not conditionally related under HomeBase,0
RuggedAuto and AntiTheft are conditionally related under PropCost,1
RuggedAuto and AntiTheft are not conditionally related under OtherCarCost,0
RuggedAuto and AntiTheft are not conditionally related under OtherCar,0
RuggedAuto and AntiTheft are not conditionally related under MedCost,0
RuggedAuto and AntiTheft are not conditionally related under Cushioning,0
RuggedAuto and AntiTheft are not conditionally related under Airbag,0
RuggedAuto and AntiTheft are not conditionally related under ILiCost,0
RuggedAuto and AntiTheft are not conditionally related under DrivHist,0
RuggedAuto and PropCost are related,1
RuggedAuto and OtherCarCost are related,1
RuggedAuto and OtherCar are not conditionally related under GoodStudent,0
RuggedAuto and OtherCar are conditionally related under Age,1
RuggedAuto and OtherCar are conditionally related under SocioEcon,1
RuggedAuto and OtherCar are not conditionally related under RiskAversion,0
RuggedAuto and OtherCar are not conditionally related under VehicleYear,0
RuggedAuto and OtherCar are not conditionally related under ThisCarDam,0
RuggedAuto and OtherCar are not conditionally related under Accident,0
RuggedAuto and OtherCar are not conditionally related under MakeModel,0
RuggedAuto and OtherCar are not conditionally related under DrivQuality,0
RuggedAuto and OtherCar are not conditionally related under Mileage,0
RuggedAuto and OtherCar are not conditionally related under Antilock,0
RuggedAuto and OtherCar are not conditionally related under DrivingSkill,0
RuggedAuto and OtherCar are not conditionally related under SeniorTrain,0
RuggedAuto and OtherCar are not conditionally related under ThisCarCost,0
RuggedAuto and OtherCar are not conditionally related under Theft,0
RuggedAuto and OtherCar are not conditionally related under CarValue,0
RuggedAuto and OtherCar are not conditionally related under HomeBase,0
RuggedAuto and OtherCar are not conditionally related under AntiTheft,0
RuggedAuto and OtherCar are not conditionally related under PropCost,0
RuggedAuto and OtherCar are not conditionally related under OtherCarCost,0
RuggedAuto and OtherCar are not conditionally related under MedCost,0
RuggedAuto and OtherCar are not conditionally related under Cushioning,0
RuggedAuto and OtherCar are not conditionally related under Airbag,0
RuggedAuto and OtherCar are not conditionally related under ILiCost,0
RuggedAuto and OtherCar are not conditionally related under DrivHist,0
RuggedAuto and MedCost are related,1
RuggedAuto and Cushioning are related,1
RuggedAuto and Airbag are not conditionally related under GoodStudent,0
RuggedAuto and Airbag are conditionally related under Age,1
RuggedAuto and Airbag are conditionally related under SocioEcon,1
RuggedAuto and Airbag are conditionally related under RiskAversion,1
RuggedAuto and Airbag are conditionally related under VehicleYear,1
RuggedAuto and Airbag are not conditionally related under ThisCarDam,0
RuggedAuto and Airbag are not conditionally related under Accident,0
RuggedAuto and Airbag are conditionally related under MakeModel,1
RuggedAuto and Airbag are not conditionally related under DrivQuality,0
RuggedAuto and Airbag are not conditionally related under Mileage,0
RuggedAuto and Airbag are not conditionally related under Antilock,0
RuggedAuto and Airbag are not conditionally related under DrivingSkill,0
RuggedAuto and Airbag are not conditionally related under SeniorTrain,0
RuggedAuto and Airbag are not conditionally related under ThisCarCost,0
RuggedAuto and Airbag are not conditionally related under Theft,0
RuggedAuto and Airbag are not conditionally related under CarValue,0
RuggedAuto and Airbag are not conditionally related under HomeBase,0
RuggedAuto and Airbag are not conditionally related under AntiTheft,0
RuggedAuto and Airbag are not conditionally related under PropCost,0
RuggedAuto and Airbag are not conditionally related under OtherCarCost,0
RuggedAuto and Airbag are not conditionally related under OtherCar,0
RuggedAuto and Airbag are conditionally related under MedCost,1
RuggedAuto and Airbag are conditionally related under Cushioning,1
RuggedAuto and Airbag are not conditionally related under ILiCost,0
RuggedAuto and Airbag are not conditionally related under DrivHist,0
RuggedAuto and ILiCost are not conditionally related under GoodStudent,0
RuggedAuto and ILiCost are conditionally related under Age,1
RuggedAuto and ILiCost are conditionally related under SocioEcon,1
RuggedAuto and ILiCost are conditionally related under RiskAversion,1
RuggedAuto and ILiCost are conditionally related under VehicleYear,1
RuggedAuto and ILiCost are not conditionally related under ThisCarDam,0
RuggedAuto and ILiCost are not conditionally related under Accident,0
RuggedAuto and ILiCost are conditionally related under MakeModel,1
RuggedAuto and ILiCost are not conditionally related under DrivQuality,0
RuggedAuto and ILiCost are not conditionally related under Mileage,0
RuggedAuto and ILiCost are not conditionally related under Antilock,0
RuggedAuto and ILiCost are not conditionally related under DrivingSkill,0
RuggedAuto and ILiCost are not conditionally related under SeniorTrain,0
RuggedAuto and ILiCost are not conditionally related under ThisCarCost,0
RuggedAuto and ILiCost are not conditionally related under Theft,0
RuggedAuto and ILiCost are not conditionally related under CarValue,0
RuggedAuto and ILiCost are not conditionally related under HomeBase,0
RuggedAuto and ILiCost are not conditionally related under AntiTheft,0
RuggedAuto and ILiCost are not conditionally related under PropCost,0
RuggedAuto and ILiCost are not conditionally related under OtherCarCost,0
RuggedAuto and ILiCost are not conditionally related under OtherCar,0
RuggedAuto and ILiCost are not conditionally related under MedCost,0
RuggedAuto and ILiCost are not conditionally related under Cushioning,0
RuggedAuto and ILiCost are not conditionally related under Airbag,0
RuggedAuto and ILiCost are not conditionally related under DrivHist,0
RuggedAuto and DrivHist are not conditionally related under GoodStudent,0
RuggedAuto and DrivHist are conditionally related under Age,1
RuggedAuto and DrivHist are conditionally related under SocioEcon,1
RuggedAuto and DrivHist are conditionally related under RiskAversion,1
RuggedAuto and DrivHist are not conditionally related under VehicleYear,0
RuggedAuto and DrivHist are not conditionally related under ThisCarDam,0
RuggedAuto and DrivHist are not conditionally related under Accident,0
RuggedAuto and DrivHist are not conditionally related under MakeModel,0
RuggedAuto and DrivHist are not conditionally related under DrivQuality,0
RuggedAuto and DrivHist are not conditionally related under Mileage,0
RuggedAuto and DrivHist are not conditionally related under Antilock,0
RuggedAuto and DrivHist are not conditionally related under DrivingSkill,0
RuggedAuto and DrivHist are not conditionally related under SeniorTrain,0
RuggedAuto and DrivHist are not conditionally related under ThisCarCost,0
RuggedAuto and DrivHist are not conditionally related under Theft,0
RuggedAuto and DrivHist are not conditionally related under CarValue,0
RuggedAuto and DrivHist are not conditionally related under HomeBase,0
RuggedAuto and DrivHist are not conditionally related under AntiTheft,0
RuggedAuto and DrivHist are not conditionally related under PropCost,0
RuggedAuto and DrivHist are not conditionally related under OtherCarCost,0
RuggedAuto and DrivHist are not conditionally related under OtherCar,0
RuggedAuto and DrivHist are not conditionally related under MedCost,0
RuggedAuto and DrivHist are not conditionally related under Cushioning,0
RuggedAuto and DrivHist are not conditionally related under Airbag,0
RuggedAuto and DrivHist are not conditionally related under ILiCost,0
Accident and GoodStudent are conditionally related under Age,1
Accident and GoodStudent are conditionally related under SocioEcon,1
Accident and GoodStudent are not conditionally related under RiskAversion,0
Accident and GoodStudent are not conditionally related under VehicleYear,0
Accident and GoodStudent are not conditionally related under ThisCarDam,0
Accident and GoodStudent are not conditionally related under RuggedAuto,0
Accident and GoodStudent are not conditionally related under MakeModel,0
Accident and GoodStudent are not conditionally related under DrivQuality,0
Accident and GoodStudent are not conditionally related under Mileage,0
Accident and GoodStudent are not conditionally related under Antilock,0
Accident and GoodStudent are not conditionally related under DrivingSkill,0
Accident and GoodStudent are not conditionally related under SeniorTrain,0
Accident and GoodStudent are not conditionally related under ThisCarCost,0
Accident and GoodStudent are not conditionally related under Theft,0
Accident and GoodStudent are not conditionally related under CarValue,0
Accident and GoodStudent are not conditionally related under HomeBase,0
Accident and GoodStudent are not conditionally related under AntiTheft,0
Accident and GoodStudent are not conditionally related under PropCost,0
Accident and GoodStudent are not conditionally related under OtherCarCost,0
Accident and GoodStudent are not conditionally related under OtherCar,0
Accident and GoodStudent are not conditionally related under MedCost,0
Accident and GoodStudent are not conditionally related under Cushioning,0
Accident and GoodStudent are not conditionally related under Airbag,0
Accident and GoodStudent are not conditionally related under ILiCost,0
Accident and GoodStudent are not conditionally related under DrivHist,0
Accident and Age are related,1
Accident and SocioEcon are related,1
Accident and RiskAversion are related,1
Accident and VehicleYear are related,1
Accident and ThisCarDam are related,1
Accident and RuggedAuto are not conditionally related under GoodStudent,0
Accident and RuggedAuto are conditionally related under Age,1
Accident and RuggedAuto are conditionally related under SocioEcon,1
Accident and RuggedAuto are conditionally related under RiskAversion,1
Accident and RuggedAuto are conditionally related under VehicleYear,1
Accident and RuggedAuto are conditionally related under ThisCarDam,1
Accident and RuggedAuto are conditionally related under MakeModel,1
Accident and RuggedAuto are not conditionally related under DrivQuality,0
Accident and RuggedAuto are not conditionally related under Mileage,0
Accident and RuggedAuto are not conditionally related under Antilock,0
Accident and RuggedAuto are not conditionally related under DrivingSkill,0
Accident and RuggedAuto are not conditionally related under SeniorTrain,0
Accident and RuggedAuto are conditionally related under ThisCarCost,1
Accident and RuggedAuto are not conditionally related under Theft,0
Accident and RuggedAuto are not conditionally related under CarValue,0
Accident and RuggedAuto are not conditionally related under HomeBase,0
Accident and RuggedAuto are not conditionally related under AntiTheft,0
Accident and RuggedAuto are conditionally related under PropCost,1
Accident and RuggedAuto are conditionally related under OtherCarCost,1
Accident and RuggedAuto are not conditionally related under OtherCar,0
Accident and RuggedAuto are conditionally related under MedCost,1
Accident and RuggedAuto are not conditionally related under Cushioning,0
Accident and RuggedAuto are not conditionally related under Airbag,0
Accident and RuggedAuto are not conditionally related under ILiCost,0
Accident and RuggedAuto are not conditionally related under DrivHist,0
Accident and MakeModel are related,1
Accident and DrivQuality are related,1
Accident and Mileage are related,1
Accident and Antilock are related,1
Accident and DrivingSkill are related,1
Accident and SeniorTrain are related,1
Accident and ThisCarCost are related,1
Accident and Theft are not conditionally related under GoodStudent,0
Accident and Theft are conditionally related under Age,1
Accident and Theft are conditionally related under SocioEcon,1
Accident and Theft are conditionally related under RiskAversion,1
Accident and Theft are conditionally related under VehicleYear,1
Accident and Theft are not conditionally related under ThisCarDam,0
Accident and Theft are not conditionally related under RuggedAuto,0
Accident and Theft are conditionally related under MakeModel,1
Accident and Theft are not conditionally related under DrivQuality,0
Accident and Theft are conditionally related under Mileage,1
Accident and Theft are not conditionally related under Antilock,0
Accident and Theft are not conditionally related under DrivingSkill,0
Accident and Theft are not conditionally related under SeniorTrain,0
Accident and Theft are conditionally related under ThisCarCost,1
Accident and Theft are not conditionally related under CarValue,0
Accident and Theft are not conditionally related under HomeBase,0
Accident and Theft are not conditionally related under AntiTheft,0
Accident and Theft are conditionally related under PropCost,1
Accident and Theft are not conditionally related under OtherCarCost,0
Accident and Theft are not conditionally related under OtherCar,0
Accident and Theft are not conditionally related under MedCost,0
Accident and Theft are not conditionally related under Cushioning,0
Accident and Theft are not conditionally related under Airbag,0
Accident and Theft are not conditionally related under ILiCost,0
Accident and Theft are not conditionally related under DrivHist,0
Accident and CarValue are not conditionally related under GoodStudent,0
Accident and CarValue are conditionally related under Age,1
Accident and CarValue are conditionally related under SocioEcon,1
Accident and CarValue are conditionally related under RiskAversion,1
Accident and CarValue are conditionally related under VehicleYear,1
Accident and CarValue are not conditionally related under ThisCarDam,0
Accident and CarValue are not conditionally related under RuggedAuto,0
Accident and CarValue are conditionally related under MakeModel,1
Accident and CarValue are not conditionally related under DrivQuality,0
Accident and CarValue are conditionally related under Mileage,1
Accident and CarValue are not conditionally related under Antilock,0
Accident and CarValue are not conditionally related under DrivingSkill,0
Accident and CarValue are not conditionally related under SeniorTrain,0
Accident and CarValue are conditionally related under ThisCarCost,1
Accident and CarValue are not conditionally related under Theft,0
Accident and CarValue are not conditionally related under HomeBase,0
Accident and CarValue are not conditionally related under AntiTheft,0
Accident and CarValue are conditionally related under PropCost,1
Accident and CarValue are not conditionally related under OtherCarCost,0
Accident and CarValue are not conditionally related under OtherCar,0
Accident and CarValue are not conditionally related under MedCost,0
Accident and CarValue are not conditionally related under Cushioning,0
Accident and CarValue are not conditionally related under Airbag,0
Accident and CarValue are not conditionally related under ILiCost,0
Accident and CarValue are not conditionally related under DrivHist,0
Accident and HomeBase are not conditionally related under GoodStudent,0
Accident and HomeBase are conditionally related under Age,1
Accident and HomeBase are conditionally related under SocioEcon,1
Accident and HomeBase are conditionally related under RiskAversion,1
Accident and HomeBase are not conditionally related under VehicleYear,0
Accident and HomeBase are not conditionally related under ThisCarDam,0
Accident and HomeBase are not conditionally related under RuggedAuto,0
Accident and HomeBase are not conditionally related under MakeModel,0
Accident and HomeBase are not conditionally related under DrivQuality,0
Accident and HomeBase are not conditionally related under Mileage,0
Accident and HomeBase are not conditionally related under Antilock,0
Accident and HomeBase are not conditionally related under DrivingSkill,0
Accident and HomeBase are not conditionally related under SeniorTrain,0
Accident and HomeBase are conditionally related under ThisCarCost,1
Accident and HomeBase are not conditionally related under Theft,0
Accident and HomeBase are not conditionally related under CarValue,0
Accident and HomeBase are not conditionally related under AntiTheft,0
Accident and HomeBase are conditionally related under PropCost,1
Accident and HomeBase are not conditionally related under OtherCarCost,0
Accident and HomeBase are not conditionally related under OtherCar,0
Accident and HomeBase are not conditionally related under MedCost,0
Accident and HomeBase are not conditionally related under Cushioning,0
Accident and HomeBase are not conditionally related under Airbag,0
Accident and HomeBase are not conditionally related under ILiCost,0
Accident and HomeBase are not conditionally related under DrivHist,0
Accident and AntiTheft are not conditionally related under GoodStudent,0
Accident and AntiTheft are conditionally related under Age,1
Accident and AntiTheft are conditionally related under SocioEcon,1
Accident and AntiTheft are conditionally related under RiskAversion,1
Accident and AntiTheft are not conditionally related under VehicleYear,0
Accident and AntiTheft are not conditionally related under ThisCarDam,0
Accident and AntiTheft are not conditionally related under RuggedAuto,0
Accident and AntiTheft are not conditionally related under MakeModel,0
Accident and AntiTheft are not conditionally related under DrivQuality,0
Accident and AntiTheft are not conditionally related under Mileage,0
Accident and AntiTheft are not conditionally related under Antilock,0
Accident and AntiTheft are not conditionally related under DrivingSkill,0
Accident and AntiTheft are not conditionally related under SeniorTrain,0
Accident and AntiTheft are conditionally related under ThisCarCost,1
Accident and AntiTheft are not conditionally related under Theft,0
Accident and AntiTheft are not conditionally related under CarValue,0
Accident and AntiTheft are not conditionally related under HomeBase,0
Accident and AntiTheft are conditionally related under PropCost,1
Accident and AntiTheft are not conditionally related under OtherCarCost,0
Accident and AntiTheft are not conditionally related under OtherCar,0
Accident and AntiTheft are not conditionally related under MedCost,0
Accident and AntiTheft are not conditionally related under Cushioning,0
Accident and AntiTheft are not conditionally related under Airbag,0
Accident and AntiTheft are not conditionally related under ILiCost,0
Accident and AntiTheft are not conditionally related under DrivHist,0
Accident and PropCost are related,1
Accident and OtherCarCost are related,1
Accident and OtherCar are not conditionally related under GoodStudent,0
Accident and OtherCar are conditionally related under Age,1
Accident and OtherCar are conditionally related under SocioEcon,1
Accident and OtherCar are not conditionally related under RiskAversion,0
Accident and OtherCar are not conditionally related under VehicleYear,0
Accident and OtherCar are not conditionally related under ThisCarDam,0
Accident and OtherCar are not conditionally related under RuggedAuto,0
Accident and OtherCar are not conditionally related under MakeModel,0
Accident and OtherCar are not conditionally related under DrivQuality,0
Accident and OtherCar are not conditionally related under Mileage,0
Accident and OtherCar are not conditionally related under Antilock,0
Accident and OtherCar are not conditionally related under DrivingSkill,0
Accident and OtherCar are not conditionally related under SeniorTrain,0
Accident and OtherCar are not conditionally related under ThisCarCost,0
Accident and OtherCar are not conditionally related under Theft,0
Accident and OtherCar are not conditionally related under CarValue,0
Accident and OtherCar are not conditionally related under HomeBase,0
Accident and OtherCar are not conditionally related under AntiTheft,0
Accident and OtherCar are not conditionally related under PropCost,0
Accident and OtherCar are not conditionally related under OtherCarCost,0
Accident and OtherCar are not conditionally related under MedCost,0
Accident and OtherCar are not conditionally related under Cushioning,0
Accident and OtherCar are not conditionally related under Airbag,0
Accident and OtherCar are not conditionally related under ILiCost,0
Accident and OtherCar are not conditionally related under DrivHist,0
Accident and MedCost are related,1
Accident and Cushioning are not conditionally related under GoodStudent,0
Accident and Cushioning are conditionally related under Age,1
Accident and Cushioning are conditionally related under SocioEcon,1
Accident and Cushioning are conditionally related under RiskAversion,1
Accident and Cushioning are conditionally related under VehicleYear,1
Accident and Cushioning are not conditionally related under ThisCarDam,0
Accident and Cushioning are not conditionally related under RuggedAuto,0
Accident and Cushioning are conditionally related under MakeModel,1
Accident and Cushioning are not conditionally related under DrivQuality,0
Accident and Cushioning are not conditionally related under Mileage,0
Accident and Cushioning are not conditionally related under Antilock,0
Accident and Cushioning are not conditionally related under DrivingSkill,0
Accident and Cushioning are not conditionally related under SeniorTrain,0
Accident and Cushioning are not conditionally related under ThisCarCost,0
Accident and Cushioning are not conditionally related under Theft,0
Accident and Cushioning are not conditionally related under CarValue,0
Accident and Cushioning are not conditionally related under HomeBase,0
Accident and Cushioning are not conditionally related under AntiTheft,0
Accident and Cushioning are not conditionally related under PropCost,0
Accident and Cushioning are not conditionally related under OtherCarCost,0
Accident and Cushioning are not conditionally related under OtherCar,0
Accident and Cushioning are conditionally related under MedCost,1
Accident and Cushioning are not conditionally related under Airbag,0
Accident and Cushioning are not conditionally related under ILiCost,0
Accident and Cushioning are not conditionally related under DrivHist,0
Accident and Airbag are not conditionally related under GoodStudent,0
Accident and Airbag are conditionally related under Age,1
Accident and Airbag are conditionally related under SocioEcon,1
Accident and Airbag are conditionally related under RiskAversion,1
Accident and Airbag are conditionally related under VehicleYear,1
Accident and Airbag are not conditionally related under ThisCarDam,0
Accident and Airbag are not conditionally related under RuggedAuto,0
Accident and Airbag are conditionally related under MakeModel,1
Accident and Airbag are not conditionally related under DrivQuality,0
Accident and Airbag are not conditionally related under Mileage,0
Accident and Airbag are not conditionally related under Antilock,0
Accident and Airbag are not conditionally related under DrivingSkill,0
Accident and Airbag are not conditionally related under SeniorTrain,0
Accident and Airbag are not conditionally related under ThisCarCost,0
Accident and Airbag are not conditionally related under Theft,0
Accident and Airbag are not conditionally related under CarValue,0
Accident and Airbag are not conditionally related under HomeBase,0
Accident and Airbag are not conditionally related under AntiTheft,0
Accident and Airbag are not conditionally related under PropCost,0
Accident and Airbag are not conditionally related under OtherCarCost,0
Accident and Airbag are not conditionally related under OtherCar,0
Accident and Airbag are conditionally related under MedCost,1
Accident and Airbag are not conditionally related under Cushioning,0
Accident and Airbag are not conditionally related under ILiCost,0
Accident and Airbag are not conditionally related under DrivHist,0
Accident and ILiCost are related,1
Accident and DrivHist are not conditionally related under GoodStudent,0
Accident and DrivHist are conditionally related under Age,1
Accident and DrivHist are conditionally related under SocioEcon,1
Accident and DrivHist are conditionally related under RiskAversion,1
Accident and DrivHist are not conditionally related under VehicleYear,0
Accident and DrivHist are not conditionally related under ThisCarDam,0
Accident and DrivHist are not conditionally related under RuggedAuto,0
Accident and DrivHist are not conditionally related under MakeModel,0
Accident and DrivHist are not conditionally related under DrivQuality,0
Accident and DrivHist are not conditionally related under Mileage,0
Accident and DrivHist are not conditionally related under Antilock,0
Accident and DrivHist are conditionally related under DrivingSkill,1
Accident and DrivHist are conditionally related under SeniorTrain,1
Accident and DrivHist are not conditionally related under ThisCarCost,0
Accident and DrivHist are not conditionally related under Theft,0
Accident and DrivHist are not conditionally related under CarValue,0
Accident and DrivHist are not conditionally related under HomeBase,0
Accident and DrivHist are not conditionally related under AntiTheft,0
Accident and DrivHist are not conditionally related under PropCost,0
Accident and DrivHist are not conditionally related under OtherCarCost,0
Accident and DrivHist are not conditionally related under OtherCar,0
Accident and DrivHist are not conditionally related under MedCost,0
Accident and DrivHist are not conditionally related under Cushioning,0
Accident and DrivHist are not conditionally related under Airbag,0
Accident and DrivHist are not conditionally related under ILiCost,0
MakeModel and GoodStudent are conditionally related under Age,1
MakeModel and GoodStudent are conditionally related under SocioEcon,1
MakeModel and GoodStudent are not conditionally related under RiskAversion,0
MakeModel and GoodStudent are not conditionally related under VehicleYear,0
MakeModel and GoodStudent are not conditionally related under ThisCarDam,0
MakeModel and GoodStudent are not conditionally related under RuggedAuto,0
MakeModel and GoodStudent are not conditionally related under Accident,0
MakeModel and GoodStudent are not conditionally related under DrivQuality,0
MakeModel and GoodStudent are not conditionally related under Mileage,0
MakeModel and GoodStudent are not conditionally related under Antilock,0
MakeModel and GoodStudent are not conditionally related under DrivingSkill,0
MakeModel and GoodStudent are not conditionally related under SeniorTrain,0
MakeModel and GoodStudent are not conditionally related under ThisCarCost,0
MakeModel and GoodStudent are not conditionally related under Theft,0
MakeModel and GoodStudent are not conditionally related under CarValue,0
MakeModel and GoodStudent are not conditionally related under HomeBase,0
MakeModel and GoodStudent are not conditionally related under AntiTheft,0
MakeModel and GoodStudent are not conditionally related under PropCost,0
MakeModel and GoodStudent are not conditionally related under OtherCarCost,0
MakeModel and GoodStudent are not conditionally related under OtherCar,0
MakeModel and GoodStudent are not conditionally related under MedCost,0
MakeModel and GoodStudent are not conditionally related under Cushioning,0
MakeModel and GoodStudent are not conditionally related under Airbag,0
MakeModel and GoodStudent are not conditionally related under ILiCost,0
MakeModel and GoodStudent are not conditionally related under DrivHist,0
MakeModel and Age are related,1
MakeModel and SocioEcon are related,1
MakeModel and RiskAversion are related,1
MakeModel and VehicleYear are not conditionally related under GoodStudent,0
MakeModel and VehicleYear are conditionally related under Age,1
MakeModel and VehicleYear are conditionally related under SocioEcon,1
MakeModel and VehicleYear are conditionally related under RiskAversion,1
MakeModel and VehicleYear are conditionally related under ThisCarDam,1
MakeModel and VehicleYear are conditionally related under RuggedAuto,1
MakeModel and VehicleYear are conditionally related under Accident,1
MakeModel and VehicleYear are not conditionally related under DrivQuality,0
MakeModel and VehicleYear are not conditionally related under Mileage,0
MakeModel and VehicleYear are conditionally related under Antilock,1
MakeModel and VehicleYear are not conditionally related under DrivingSkill,0
MakeModel and VehicleYear are not conditionally related under SeniorTrain,0
MakeModel and VehicleYear are conditionally related under ThisCarCost,1
MakeModel and VehicleYear are conditionally related under Theft,1
MakeModel and VehicleYear are conditionally related under CarValue,1
MakeModel and VehicleYear are not conditionally related under HomeBase,0
MakeModel and VehicleYear are not conditionally related under AntiTheft,0
MakeModel and VehicleYear are conditionally related under PropCost,1
MakeModel and VehicleYear are conditionally related under OtherCarCost,1
MakeModel and VehicleYear are not conditionally related under OtherCar,0
MakeModel and VehicleYear are conditionally related under MedCost,1
MakeModel and VehicleYear are conditionally related under Cushioning,1
MakeModel and VehicleYear are conditionally related under Airbag,1
MakeModel and VehicleYear are conditionally related under ILiCost,1
MakeModel and VehicleYear are not conditionally related under DrivHist,0
MakeModel and ThisCarDam are related,1
MakeModel and RuggedAuto are related,1
MakeModel and Accident are related,1
MakeModel and DrivQuality are not conditionally related under GoodStudent,0
MakeModel and DrivQuality are conditionally related under Age,1
MakeModel and DrivQuality are conditionally related under SocioEcon,1
MakeModel and DrivQuality are conditionally related under RiskAversion,1
MakeModel and DrivQuality are not conditionally related under VehicleYear,0
MakeModel and DrivQuality are conditionally related under ThisCarDam,1
MakeModel and DrivQuality are not conditionally related under RuggedAuto,0
MakeModel and DrivQuality are conditionally related under Accident,1
MakeModel and DrivQuality are not conditionally related under Mileage,0
MakeModel and DrivQuality are not conditionally related under Antilock,0
MakeModel and DrivQuality are not conditionally related under DrivingSkill,0
MakeModel and DrivQuality are not conditionally related under SeniorTrain,0
MakeModel and DrivQuality are conditionally related under ThisCarCost,1
MakeModel and DrivQuality are not conditionally related under Theft,0
MakeModel and DrivQuality are not conditionally related under CarValue,0
MakeModel and DrivQuality are not conditionally related under HomeBase,0
MakeModel and DrivQuality are not conditionally related under AntiTheft,0
MakeModel and DrivQuality are conditionally related under PropCost,1
MakeModel and DrivQuality are conditionally related under OtherCarCost,1
MakeModel and DrivQuality are not conditionally related under OtherCar,0
MakeModel and DrivQuality are conditionally related under MedCost,1
MakeModel and DrivQuality are not conditionally related under Cushioning,0
MakeModel and DrivQuality are not conditionally related under Airbag,0
MakeModel and DrivQuality are conditionally related under ILiCost,1
MakeModel and DrivQuality are not conditionally related under DrivHist,0
MakeModel and Mileage are not conditionally related under GoodStudent,0
MakeModel and Mileage are not conditionally related under Age,0
MakeModel and Mileage are not conditionally related under SocioEcon,0
MakeModel and Mileage are not conditionally related under RiskAversion,0
MakeModel and Mileage are not conditionally related under VehicleYear,0
MakeModel and Mileage are conditionally related under ThisCarDam,1
MakeModel and Mileage are not conditionally related under RuggedAuto,0
MakeModel and Mileage are conditionally related under Accident,1
MakeModel and Mileage are not conditionally related under DrivQuality,0
MakeModel and Mileage are not conditionally related under Antilock,0
MakeModel and Mileage are not conditionally related under DrivingSkill,0
MakeModel and Mileage are not conditionally related under SeniorTrain,0
MakeModel and Mileage are conditionally related under ThisCarCost,1
MakeModel and Mileage are conditionally related under Theft,1
MakeModel and Mileage are conditionally related under CarValue,1
MakeModel and Mileage are not conditionally related under HomeBase,0
MakeModel and Mileage are not conditionally related under AntiTheft,0
MakeModel and Mileage are conditionally related under PropCost,1
MakeModel and Mileage are conditionally related under OtherCarCost,1
MakeModel and Mileage are not conditionally related under OtherCar,0
MakeModel and Mileage are conditionally related under MedCost,1
MakeModel and Mileage are not conditionally related under Cushioning,0
MakeModel and Mileage are not conditionally related under Airbag,0
MakeModel and Mileage are conditionally related under ILiCost,1
MakeModel and Mileage are not conditionally related under DrivHist,0
MakeModel and Antilock are related,1
MakeModel and DrivingSkill are not conditionally related under GoodStudent,0
MakeModel and DrivingSkill are conditionally related under Age,1
MakeModel and DrivingSkill are conditionally related under SocioEcon,1
MakeModel and DrivingSkill are conditionally related under RiskAversion,1
MakeModel and DrivingSkill are not conditionally related under VehicleYear,0
MakeModel and DrivingSkill are conditionally related under ThisCarDam,1
MakeModel and DrivingSkill are not conditionally related under RuggedAuto,0
MakeModel and DrivingSkill are conditionally related under Accident,1
MakeModel and DrivingSkill are not conditionally related under DrivQuality,0
MakeModel and DrivingSkill are not conditionally related under Mileage,0
MakeModel and DrivingSkill are not conditionally related under Antilock,0
MakeModel and DrivingSkill are not conditionally related under SeniorTrain,0
MakeModel and DrivingSkill are conditionally related under ThisCarCost,1
MakeModel and DrivingSkill are not conditionally related under Theft,0
MakeModel and DrivingSkill are not conditionally related under CarValue,0
MakeModel and DrivingSkill are not conditionally related under HomeBase,0
MakeModel and DrivingSkill are not conditionally related under AntiTheft,0
MakeModel and DrivingSkill are conditionally related under PropCost,1
MakeModel and DrivingSkill are conditionally related under OtherCarCost,1
MakeModel and DrivingSkill are not conditionally related under OtherCar,0
MakeModel and DrivingSkill are conditionally related under MedCost,1
MakeModel and DrivingSkill are not conditionally related under Cushioning,0
MakeModel and DrivingSkill are not conditionally related under Airbag,0
MakeModel and DrivingSkill are conditionally related under ILiCost,1
MakeModel and DrivingSkill are not conditionally related under DrivHist,0
MakeModel and SeniorTrain are not conditionally related under GoodStudent,0
MakeModel and SeniorTrain are conditionally related under Age,1
MakeModel and SeniorTrain are conditionally related under SocioEcon,1
MakeModel and SeniorTrain are conditionally related under RiskAversion,1
MakeModel and SeniorTrain are not conditionally related under VehicleYear,0
MakeModel and SeniorTrain are conditionally related under ThisCarDam,1
MakeModel and SeniorTrain are not conditionally related under RuggedAuto,0
MakeModel and SeniorTrain are conditionally related under Accident,1
MakeModel and SeniorTrain are not conditionally related under DrivQuality,0
MakeModel and SeniorTrain are not conditionally related under Mileage,0
MakeModel and SeniorTrain are not conditionally related under Antilock,0
MakeModel and SeniorTrain are not conditionally related under DrivingSkill,0
MakeModel and SeniorTrain are conditionally related under ThisCarCost,1
MakeModel and SeniorTrain are not conditionally related under Theft,0
MakeModel and SeniorTrain are not conditionally related under CarValue,0
MakeModel and SeniorTrain are not conditionally related under HomeBase,0
MakeModel and SeniorTrain are not conditionally related under AntiTheft,0
MakeModel and SeniorTrain are conditionally related under PropCost,1
MakeModel and SeniorTrain are conditionally related under OtherCarCost,1
MakeModel and SeniorTrain are not conditionally related under OtherCar,0
MakeModel and SeniorTrain are conditionally related under MedCost,1
MakeModel and SeniorTrain are not conditionally related under Cushioning,0
MakeModel and SeniorTrain are not conditionally related under Airbag,0
MakeModel and SeniorTrain are conditionally related under ILiCost,1
MakeModel and SeniorTrain are not conditionally related under DrivHist,0
MakeModel and ThisCarCost are related,1
MakeModel and Theft are related,1
MakeModel and CarValue are related,1
MakeModel and HomeBase are not conditionally related under GoodStudent,0
MakeModel and HomeBase are conditionally related under Age,1
MakeModel and HomeBase are conditionally related under SocioEcon,1
MakeModel and HomeBase are conditionally related under RiskAversion,1
MakeModel and HomeBase are not conditionally related under VehicleYear,0
MakeModel and HomeBase are not conditionally related under ThisCarDam,0
MakeModel and HomeBase are not conditionally related under RuggedAuto,0
MakeModel and HomeBase are not conditionally related under Accident,0
MakeModel and HomeBase are not conditionally related under DrivQuality,0
MakeModel and HomeBase are not conditionally related under Mileage,0
MakeModel and HomeBase are not conditionally related under Antilock,0
MakeModel and HomeBase are not conditionally related under DrivingSkill,0
MakeModel and HomeBase are not conditionally related under SeniorTrain,0
MakeModel and HomeBase are conditionally related under ThisCarCost,1
MakeModel and HomeBase are conditionally related under Theft,1
MakeModel and HomeBase are not conditionally related under CarValue,0
MakeModel and HomeBase are not conditionally related under AntiTheft,0
MakeModel and HomeBase are conditionally related under PropCost,1
MakeModel and HomeBase are not conditionally related under OtherCarCost,0
MakeModel and HomeBase are not conditionally related under OtherCar,0
MakeModel and HomeBase are not conditionally related under MedCost,0
MakeModel and HomeBase are not conditionally related under Cushioning,0
MakeModel and HomeBase are not conditionally related under Airbag,0
MakeModel and HomeBase are not conditionally related under ILiCost,0
MakeModel and HomeBase are not conditionally related under DrivHist,0
MakeModel and AntiTheft are not conditionally related under GoodStudent,0
MakeModel and AntiTheft are conditionally related under Age,1
MakeModel and AntiTheft are conditionally related under SocioEcon,1
MakeModel and AntiTheft are conditionally related under RiskAversion,1
MakeModel and AntiTheft are not conditionally related under VehicleYear,0
MakeModel and AntiTheft are not conditionally related under ThisCarDam,0
MakeModel and AntiTheft are not conditionally related under RuggedAuto,0
MakeModel and AntiTheft are not conditionally related under Accident,0
MakeModel and AntiTheft are not conditionally related under DrivQuality,0
MakeModel and AntiTheft are not conditionally related under Mileage,0
MakeModel and AntiTheft are not conditionally related under Antilock,0
MakeModel and AntiTheft are not conditionally related under DrivingSkill,0
MakeModel and AntiTheft are not conditionally related under SeniorTrain,0
MakeModel and AntiTheft are conditionally related under ThisCarCost,1
MakeModel and AntiTheft are conditionally related under Theft,1
MakeModel and AntiTheft are not conditionally related under CarValue,0
MakeModel and AntiTheft are not conditionally related under HomeBase,0
MakeModel and AntiTheft are conditionally related under PropCost,1
MakeModel and AntiTheft are not conditionally related under OtherCarCost,0
MakeModel and AntiTheft are not conditionally related under OtherCar,0
MakeModel and AntiTheft are not conditionally related under MedCost,0
MakeModel and AntiTheft are not conditionally related under Cushioning,0
MakeModel and AntiTheft are not conditionally related under Airbag,0
MakeModel and AntiTheft are not conditionally related under ILiCost,0
MakeModel and AntiTheft are not conditionally related under DrivHist,0
MakeModel and PropCost are related,1
MakeModel and OtherCarCost are related,1
MakeModel and OtherCar are not conditionally related under GoodStudent,0
MakeModel and OtherCar are conditionally related under Age,1
MakeModel and OtherCar are conditionally related under SocioEcon,1
MakeModel and OtherCar are not conditionally related under RiskAversion,0
MakeModel and OtherCar are not conditionally related under VehicleYear,0
MakeModel and OtherCar are not conditionally related under ThisCarDam,0
MakeModel and OtherCar are not conditionally related under RuggedAuto,0
MakeModel and OtherCar are not conditionally related under Accident,0
MakeModel and OtherCar are not conditionally related under DrivQuality,0
MakeModel and OtherCar are not conditionally related under Mileage,0
MakeModel and OtherCar are not conditionally related under Antilock,0
MakeModel and OtherCar are not conditionally related under DrivingSkill,0
MakeModel and OtherCar are not conditionally related under SeniorTrain,0
MakeModel and OtherCar are not conditionally related under ThisCarCost,0
MakeModel and OtherCar are not conditionally related under Theft,0
MakeModel and OtherCar are not conditionally related under CarValue,0
MakeModel and OtherCar are not conditionally related under HomeBase,0
MakeModel and OtherCar are not conditionally related under AntiTheft,0
MakeModel and OtherCar are not conditionally related under PropCost,0
MakeModel and OtherCar are not conditionally related under OtherCarCost,0
MakeModel and OtherCar are not conditionally related under MedCost,0
MakeModel and OtherCar are not conditionally related under Cushioning,0
MakeModel and OtherCar are not conditionally related under Airbag,0
MakeModel and OtherCar are not conditionally related under ILiCost,0
MakeModel and OtherCar are not conditionally related under DrivHist,0
MakeModel and MedCost are related,1
MakeModel and Cushioning are related,1
MakeModel and Airbag are related,1
MakeModel and ILiCost are related,1
MakeModel and DrivHist are not conditionally related under GoodStudent,0
MakeModel and DrivHist are conditionally related under Age,1
MakeModel and DrivHist are conditionally related under SocioEcon,1
MakeModel and DrivHist are conditionally related under RiskAversion,1
MakeModel and DrivHist are not conditionally related under VehicleYear,0
MakeModel and DrivHist are not conditionally related under ThisCarDam,0
MakeModel and DrivHist are not conditionally related under RuggedAuto,0
MakeModel and DrivHist are not conditionally related under Accident,0
MakeModel and DrivHist are not conditionally related under DrivQuality,0
MakeModel and DrivHist are not conditionally related under Mileage,0
MakeModel and DrivHist are not conditionally related under Antilock,0
MakeModel and DrivHist are not conditionally related under DrivingSkill,0
MakeModel and DrivHist are not conditionally related under SeniorTrain,0
MakeModel and DrivHist are not conditionally related under ThisCarCost,0
MakeModel and DrivHist are not conditionally related under Theft,0
MakeModel and DrivHist are not conditionally related under CarValue,0
MakeModel and DrivHist are not conditionally related under HomeBase,0
MakeModel and DrivHist are not conditionally related under AntiTheft,0
MakeModel and DrivHist are not conditionally related under PropCost,0
MakeModel and DrivHist are not conditionally related under OtherCarCost,0
MakeModel and DrivHist are not conditionally related under OtherCar,0
MakeModel and DrivHist are not conditionally related under MedCost,0
MakeModel and DrivHist are not conditionally related under Cushioning,0
MakeModel and DrivHist are not conditionally related under Airbag,0
MakeModel and DrivHist are not conditionally related under ILiCost,0
DrivQuality and GoodStudent are conditionally related under Age,1
DrivQuality and GoodStudent are conditionally related under SocioEcon,1
DrivQuality and GoodStudent are not conditionally related under RiskAversion,0
DrivQuality and GoodStudent are not conditionally related under VehicleYear,0
DrivQuality and GoodStudent are not conditionally related under ThisCarDam,0
DrivQuality and GoodStudent are not conditionally related under RuggedAuto,0
DrivQuality and GoodStudent are not conditionally related under Accident,0
DrivQuality and GoodStudent are not conditionally related under MakeModel,0
DrivQuality and GoodStudent are not conditionally related under Mileage,0
DrivQuality and GoodStudent are not conditionally related under Antilock,0
DrivQuality and GoodStudent are not conditionally related under DrivingSkill,0
DrivQuality and GoodStudent are not conditionally related under SeniorTrain,0
DrivQuality and GoodStudent are not conditionally related under ThisCarCost,0
DrivQuality and GoodStudent are not conditionally related under Theft,0
DrivQuality and GoodStudent are not conditionally related under CarValue,0
DrivQuality and GoodStudent are not conditionally related under HomeBase,0
DrivQuality and GoodStudent are not conditionally related under AntiTheft,0
DrivQuality and GoodStudent are not conditionally related under PropCost,0
DrivQuality and GoodStudent are not conditionally related under OtherCarCost,0
DrivQuality and GoodStudent are not conditionally related under OtherCar,0
DrivQuality and GoodStudent are not conditionally related under MedCost,0
DrivQuality and GoodStudent are not conditionally related under Cushioning,0
DrivQuality and GoodStudent are not conditionally related under Airbag,0
DrivQuality and GoodStudent are not conditionally related under ILiCost,0
DrivQuality and GoodStudent are not conditionally related under DrivHist,0
DrivQuality and Age are related,1
DrivQuality and SocioEcon are related,1
DrivQuality and RiskAversion are related,1
DrivQuality and VehicleYear are not conditionally related under GoodStudent,0
DrivQuality and VehicleYear are conditionally related under Age,1
DrivQuality and VehicleYear are conditionally related under SocioEcon,1
DrivQuality and VehicleYear are conditionally related under RiskAversion,1
DrivQuality and VehicleYear are conditionally related under ThisCarDam,1
DrivQuality and VehicleYear are not conditionally related under RuggedAuto,0
DrivQuality and VehicleYear are conditionally related under Accident,1
DrivQuality and VehicleYear are not conditionally related under MakeModel,0
DrivQuality and VehicleYear are not conditionally related under Mileage,0
DrivQuality and VehicleYear are not conditionally related under Antilock,0
DrivQuality and VehicleYear are not conditionally related under DrivingSkill,0
DrivQuality and VehicleYear are not conditionally related under SeniorTrain,0
DrivQuality and VehicleYear are conditionally related under ThisCarCost,1
DrivQuality and VehicleYear are not conditionally related under Theft,0
DrivQuality and VehicleYear are not conditionally related under CarValue,0
DrivQuality and VehicleYear are not conditionally related under HomeBase,0
DrivQuality and VehicleYear are not conditionally related under AntiTheft,0
DrivQuality and VehicleYear are conditionally related under PropCost,1
DrivQuality and VehicleYear are conditionally related under OtherCarCost,1
DrivQuality and VehicleYear are not conditionally related under OtherCar,0
DrivQuality and VehicleYear are conditionally related under MedCost,1
DrivQuality and VehicleYear are not conditionally related under Cushioning,0
DrivQuality and VehicleYear are not conditionally related under Airbag,0
DrivQuality and VehicleYear are conditionally related under ILiCost,1
DrivQuality and VehicleYear are not conditionally related under DrivHist,0
DrivQuality and ThisCarDam are related,1
DrivQuality and RuggedAuto are not conditionally related under GoodStudent,0
DrivQuality and RuggedAuto are conditionally related under Age,1
DrivQuality and RuggedAuto are conditionally related under SocioEcon,1
DrivQuality and RuggedAuto are conditionally related under RiskAversion,1
DrivQuality and RuggedAuto are not conditionally related under VehicleYear,0
DrivQuality and RuggedAuto are conditionally related under ThisCarDam,1
DrivQuality and RuggedAuto are not conditionally related under Accident,0
DrivQuality and RuggedAuto are not conditionally related under MakeModel,0
DrivQuality and RuggedAuto are not conditionally related under Mileage,0
DrivQuality and RuggedAuto are not conditionally related under Antilock,0
DrivQuality and RuggedAuto are not conditionally related under DrivingSkill,0
DrivQuality and RuggedAuto are not conditionally related under SeniorTrain,0
DrivQuality and RuggedAuto are conditionally related under ThisCarCost,1
DrivQuality and RuggedAuto are not conditionally related under Theft,0
DrivQuality and RuggedAuto are not conditionally related under CarValue,0
DrivQuality and RuggedAuto are not conditionally related under HomeBase,0
DrivQuality and RuggedAuto are not conditionally related under AntiTheft,0
DrivQuality and RuggedAuto are conditionally related under PropCost,1
DrivQuality and RuggedAuto are conditionally related under OtherCarCost,1
DrivQuality and RuggedAuto are not conditionally related under OtherCar,0
DrivQuality and RuggedAuto are conditionally related under MedCost,1
DrivQuality and RuggedAuto are not conditionally related under Cushioning,0
DrivQuality and RuggedAuto are not conditionally related under Airbag,0
DrivQuality and RuggedAuto are not conditionally related under ILiCost,0
DrivQuality and RuggedAuto are not conditionally related under DrivHist,0
DrivQuality and Accident are related,1
DrivQuality and MakeModel are not conditionally related under GoodStudent,0
DrivQuality and MakeModel are conditionally related under Age,1
DrivQuality and MakeModel are conditionally related under SocioEcon,1
DrivQuality and MakeModel are conditionally related under RiskAversion,1
DrivQuality and MakeModel are not conditionally related under VehicleYear,0
DrivQuality and MakeModel are conditionally related under ThisCarDam,1
DrivQuality and MakeModel are not conditionally related under RuggedAuto,0
DrivQuality and MakeModel are conditionally related under Accident,1
DrivQuality and MakeModel are not conditionally related under Mileage,0
DrivQuality and MakeModel are not conditionally related under Antilock,0
DrivQuality and MakeModel are not conditionally related under DrivingSkill,0
DrivQuality and MakeModel are not conditionally related under SeniorTrain,0
DrivQuality and MakeModel are conditionally related under ThisCarCost,1
DrivQuality and MakeModel are not conditionally related under Theft,0
DrivQuality and MakeModel are not conditionally related under CarValue,0
DrivQuality and MakeModel are not conditionally related under HomeBase,0
DrivQuality and MakeModel are not conditionally related under AntiTheft,0
DrivQuality and MakeModel are conditionally related under PropCost,1
DrivQuality and MakeModel are conditionally related under OtherCarCost,1
DrivQuality and MakeModel are not conditionally related under OtherCar,0
DrivQuality and MakeModel are conditionally related under MedCost,1
DrivQuality and MakeModel are not conditionally related under Cushioning,0
DrivQuality and MakeModel are not conditionally related under Airbag,0
DrivQuality and MakeModel are conditionally related under ILiCost,1
DrivQuality and MakeModel are not conditionally related under DrivHist,0
DrivQuality and Mileage are not conditionally related under GoodStudent,0
DrivQuality and Mileage are not conditionally related under Age,0
DrivQuality and Mileage are not conditionally related under SocioEcon,0
DrivQuality and Mileage are not conditionally related under RiskAversion,0
DrivQuality and Mileage are not conditionally related under VehicleYear,0
DrivQuality and Mileage are conditionally related under ThisCarDam,1
DrivQuality and Mileage are not conditionally related under RuggedAuto,0
DrivQuality and Mileage are conditionally related under Accident,1
DrivQuality and Mileage are not conditionally related under MakeModel,0
DrivQuality and Mileage are not conditionally related under Antilock,0
DrivQuality and Mileage are not conditionally related under DrivingSkill,0
DrivQuality and Mileage are not conditionally related under SeniorTrain,0
DrivQuality and Mileage are conditionally related under ThisCarCost,1
DrivQuality and Mileage are not conditionally related under Theft,0
DrivQuality and Mileage are not conditionally related under CarValue,0
DrivQuality and Mileage are not conditionally related under HomeBase,0
DrivQuality and Mileage are not conditionally related under AntiTheft,0
DrivQuality and Mileage are conditionally related under PropCost,1
DrivQuality and Mileage are conditionally related under OtherCarCost,1
DrivQuality and Mileage are not conditionally related under OtherCar,0
DrivQuality and Mileage are conditionally related under MedCost,1
DrivQuality and Mileage are not conditionally related under Cushioning,0
DrivQuality and Mileage are not conditionally related under Airbag,0
DrivQuality and Mileage are conditionally related under ILiCost,1
DrivQuality and Mileage are not conditionally related under DrivHist,0
DrivQuality and Antilock are not conditionally related under GoodStudent,0
DrivQuality and Antilock are conditionally related under Age,1
DrivQuality and Antilock are conditionally related under SocioEcon,1
DrivQuality and Antilock are conditionally related under RiskAversion,1
DrivQuality and Antilock are not conditionally related under VehicleYear,0
DrivQuality and Antilock are conditionally related under ThisCarDam,1
DrivQuality and Antilock are not conditionally related under RuggedAuto,0
DrivQuality and Antilock are conditionally related under Accident,1
DrivQuality and Antilock are not conditionally related under MakeModel,0
DrivQuality and Antilock are not conditionally related under Mileage,0
DrivQuality and Antilock are not conditionally related under DrivingSkill,0
DrivQuality and Antilock are not conditionally related under SeniorTrain,0
DrivQuality and Antilock are conditionally related under ThisCarCost,1
DrivQuality and Antilock are not conditionally related under Theft,0
DrivQuality and Antilock are not conditionally related under CarValue,0
DrivQuality and Antilock are not conditionally related under HomeBase,0
DrivQuality and Antilock are not conditionally related under AntiTheft,0
DrivQuality and Antilock are conditionally related under PropCost,1
DrivQuality and Antilock are conditionally related under OtherCarCost,1
DrivQuality and Antilock are not conditionally related under OtherCar,0
DrivQuality and Antilock are conditionally related under MedCost,1
DrivQuality and Antilock are not conditionally related under Cushioning,0
DrivQuality and Antilock are not conditionally related under Airbag,0
DrivQuality and Antilock are conditionally related under ILiCost,1
DrivQuality and Antilock are not conditionally related under DrivHist,0
DrivQuality and DrivingSkill are related,1
DrivQuality and SeniorTrain are related,1
DrivQuality and ThisCarCost are related,1
DrivQuality and Theft are not conditionally related under GoodStudent,0
DrivQuality and Theft are conditionally related under Age,1
DrivQuality and Theft are conditionally related under SocioEcon,1
DrivQuality and Theft are conditionally related under RiskAversion,1
DrivQuality and Theft are not conditionally related under VehicleYear,0
DrivQuality and Theft are not conditionally related under ThisCarDam,0
DrivQuality and Theft are not conditionally related under RuggedAuto,0
DrivQuality and Theft are not conditionally related under Accident,0
DrivQuality and Theft are not conditionally related under MakeModel,0
DrivQuality and Theft are not conditionally related under Mileage,0
DrivQuality and Theft are not conditionally related under Antilock,0
DrivQuality and Theft are not conditionally related under DrivingSkill,0
DrivQuality and Theft are not conditionally related under SeniorTrain,0
DrivQuality and Theft are conditionally related under ThisCarCost,1
DrivQuality and Theft are not conditionally related under CarValue,0
DrivQuality and Theft are not conditionally related under HomeBase,0
DrivQuality and Theft are not conditionally related under AntiTheft,0
DrivQuality and Theft are conditionally related under PropCost,1
DrivQuality and Theft are not conditionally related under OtherCarCost,0
DrivQuality and Theft are not conditionally related under OtherCar,0
DrivQuality and Theft are not conditionally related under MedCost,0
DrivQuality and Theft are not conditionally related under Cushioning,0
DrivQuality and Theft are not conditionally related under Airbag,0
DrivQuality and Theft are not conditionally related under ILiCost,0
DrivQuality and Theft are not conditionally related under DrivHist,0
DrivQuality and CarValue are not conditionally related under GoodStudent,0
DrivQuality and CarValue are conditionally related under Age,1
DrivQuality and CarValue are conditionally related under SocioEcon,1
DrivQuality and CarValue are conditionally related under RiskAversion,1
DrivQuality and CarValue are not conditionally related under VehicleYear,0
DrivQuality and CarValue are not conditionally related under ThisCarDam,0
DrivQuality and CarValue are not conditionally related under RuggedAuto,0
DrivQuality and CarValue are not conditionally related under Accident,0
DrivQuality and CarValue are not conditionally related under MakeModel,0
DrivQuality and CarValue are not conditionally related under Mileage,0
DrivQuality and CarValue are not conditionally related under Antilock,0
DrivQuality and CarValue are not conditionally related under DrivingSkill,0
DrivQuality and CarValue are not conditionally related under SeniorTrain,0
DrivQuality and CarValue are conditionally related under ThisCarCost,1
DrivQuality and CarValue are not conditionally related under Theft,0
DrivQuality and CarValue are not conditionally related under HomeBase,0
DrivQuality and CarValue are not conditionally related under AntiTheft,0
DrivQuality and CarValue are conditionally related under PropCost,1
DrivQuality and CarValue are not conditionally related under OtherCarCost,0
DrivQuality and CarValue are not conditionally related under OtherCar,0
DrivQuality and CarValue are not conditionally related under MedCost,0
DrivQuality and CarValue are not conditionally related under Cushioning,0
DrivQuality and CarValue are not conditionally related under Airbag,0
DrivQuality and CarValue are not conditionally related under ILiCost,0
DrivQuality and CarValue are not conditionally related under DrivHist,0
DrivQuality and HomeBase are not conditionally related under GoodStudent,0
DrivQuality and HomeBase are conditionally related under Age,1
DrivQuality and HomeBase are conditionally related under SocioEcon,1
DrivQuality and HomeBase are conditionally related under RiskAversion,1
DrivQuality and HomeBase are not conditionally related under VehicleYear,0
DrivQuality and HomeBase are not conditionally related under ThisCarDam,0
DrivQuality and HomeBase are not conditionally related under RuggedAuto,0
DrivQuality and HomeBase are not conditionally related under Accident,0
DrivQuality and HomeBase are not conditionally related under MakeModel,0
DrivQuality and HomeBase are not conditionally related under Mileage,0
DrivQuality and HomeBase are not conditionally related under Antilock,0
DrivQuality and HomeBase are not conditionally related under DrivingSkill,0
DrivQuality and HomeBase are not conditionally related under SeniorTrain,0
DrivQuality and HomeBase are conditionally related under ThisCarCost,1
DrivQuality and HomeBase are not conditionally related under Theft,0
DrivQuality and HomeBase are not conditionally related under CarValue,0
DrivQuality and HomeBase are not conditionally related under AntiTheft,0
DrivQuality and HomeBase are conditionally related under PropCost,1
DrivQuality and HomeBase are not conditionally related under OtherCarCost,0
DrivQuality and HomeBase are not conditionally related under OtherCar,0
DrivQuality and HomeBase are not conditionally related under MedCost,0
DrivQuality and HomeBase are not conditionally related under Cushioning,0
DrivQuality and HomeBase are not conditionally related under Airbag,0
DrivQuality and HomeBase are not conditionally related under ILiCost,0
DrivQuality and HomeBase are not conditionally related under DrivHist,0
DrivQuality and AntiTheft are not conditionally related under GoodStudent,0
DrivQuality and AntiTheft are conditionally related under Age,1
DrivQuality and AntiTheft are conditionally related under SocioEcon,1
DrivQuality and AntiTheft are conditionally related under RiskAversion,1
DrivQuality and AntiTheft are not conditionally related under VehicleYear,0
DrivQuality and AntiTheft are not conditionally related under ThisCarDam,0
DrivQuality and AntiTheft are not conditionally related under RuggedAuto,0
DrivQuality and AntiTheft are not conditionally related under Accident,0
DrivQuality and AntiTheft are not conditionally related under MakeModel,0
DrivQuality and AntiTheft are not conditionally related under Mileage,0
DrivQuality and AntiTheft are not conditionally related under Antilock,0
DrivQuality and AntiTheft are not conditionally related under DrivingSkill,0
DrivQuality and AntiTheft are not conditionally related under SeniorTrain,0
DrivQuality and AntiTheft are conditionally related under ThisCarCost,1
DrivQuality and AntiTheft are not conditionally related under Theft,0
DrivQuality and AntiTheft are not conditionally related under CarValue,0
DrivQuality and AntiTheft are not conditionally related under HomeBase,0
DrivQuality and AntiTheft are conditionally related under PropCost,1
DrivQuality and AntiTheft are not conditionally related under OtherCarCost,0
DrivQuality and AntiTheft are not conditionally related under OtherCar,0
DrivQuality and AntiTheft are not conditionally related under MedCost,0
DrivQuality and AntiTheft are not conditionally related under Cushioning,0
DrivQuality and AntiTheft are not conditionally related under Airbag,0
DrivQuality and AntiTheft are not conditionally related under ILiCost,0
DrivQuality and AntiTheft are not conditionally related under DrivHist,0
DrivQuality and PropCost are related,1
DrivQuality and OtherCarCost are related,1
DrivQuality and OtherCar are not conditionally related under GoodStudent,0
DrivQuality and OtherCar are conditionally related under Age,1
DrivQuality and OtherCar are conditionally related under SocioEcon,1
DrivQuality and OtherCar are not conditionally related under RiskAversion,0
DrivQuality and OtherCar are not conditionally related under VehicleYear,0
DrivQuality and OtherCar are not conditionally related under ThisCarDam,0
DrivQuality and OtherCar are not conditionally related under RuggedAuto,0
DrivQuality and OtherCar are not conditionally related under Accident,0
DrivQuality and OtherCar are not conditionally related under MakeModel,0
DrivQuality and OtherCar are not conditionally related under Mileage,0
DrivQuality and OtherCar are not conditionally related under Antilock,0
DrivQuality and OtherCar are not conditionally related under DrivingSkill,0
DrivQuality and OtherCar are not conditionally related under SeniorTrain,0
DrivQuality and OtherCar are not conditionally related under ThisCarCost,0
DrivQuality and OtherCar are not conditionally related under Theft,0
DrivQuality and OtherCar are not conditionally related under CarValue,0
DrivQuality and OtherCar are not conditionally related under HomeBase,0
DrivQuality and OtherCar are not conditionally related under AntiTheft,0
DrivQuality and OtherCar are not conditionally related under PropCost,0
DrivQuality and OtherCar are not conditionally related under OtherCarCost,0
DrivQuality and OtherCar are not conditionally related under MedCost,0
DrivQuality and OtherCar are not conditionally related under Cushioning,0
DrivQuality and OtherCar are not conditionally related under Airbag,0
DrivQuality and OtherCar are not conditionally related under ILiCost,0
DrivQuality and OtherCar are not conditionally related under DrivHist,0
DrivQuality and MedCost are related,1
DrivQuality and Cushioning are not conditionally related under GoodStudent,0
DrivQuality and Cushioning are conditionally related under Age,1
DrivQuality and Cushioning are conditionally related under SocioEcon,1
DrivQuality and Cushioning are conditionally related under RiskAversion,1
DrivQuality and Cushioning are not conditionally related under VehicleYear,0
DrivQuality and Cushioning are not conditionally related under ThisCarDam,0
DrivQuality and Cushioning are not conditionally related under RuggedAuto,0
DrivQuality and Cushioning are not conditionally related under Accident,0
DrivQuality and Cushioning are not conditionally related under MakeModel,0
DrivQuality and Cushioning are not conditionally related under Mileage,0
DrivQuality and Cushioning are not conditionally related under Antilock,0
DrivQuality and Cushioning are not conditionally related under DrivingSkill,0
DrivQuality and Cushioning are not conditionally related under SeniorTrain,0
DrivQuality and Cushioning are not conditionally related under ThisCarCost,0
DrivQuality and Cushioning are not conditionally related under Theft,0
DrivQuality and Cushioning are not conditionally related under CarValue,0
DrivQuality and Cushioning are not conditionally related under HomeBase,0
DrivQuality and Cushioning are not conditionally related under AntiTheft,0
DrivQuality and Cushioning are not conditionally related under PropCost,0
DrivQuality and Cushioning are not conditionally related under OtherCarCost,0
DrivQuality and Cushioning are not conditionally related under OtherCar,0
DrivQuality and Cushioning are conditionally related under MedCost,1
DrivQuality and Cushioning are not conditionally related under Airbag,0
DrivQuality and Cushioning are not conditionally related under ILiCost,0
DrivQuality and Cushioning are not conditionally related under DrivHist,0
DrivQuality and Airbag are not conditionally related under GoodStudent,0
DrivQuality and Airbag are conditionally related under Age,1
DrivQuality and Airbag are conditionally related under SocioEcon,1
DrivQuality and Airbag are conditionally related under RiskAversion,1
DrivQuality and Airbag are not conditionally related under VehicleYear,0
DrivQuality and Airbag are not conditionally related under ThisCarDam,0
DrivQuality and Airbag are not conditionally related under RuggedAuto,0
DrivQuality and Airbag are not conditionally related under Accident,0
DrivQuality and Airbag are not conditionally related under MakeModel,0
DrivQuality and Airbag are not conditionally related under Mileage,0
DrivQuality and Airbag are not conditionally related under Antilock,0
DrivQuality and Airbag are not conditionally related under DrivingSkill,0
DrivQuality and Airbag are not conditionally related under SeniorTrain,0
DrivQuality and Airbag are not conditionally related under ThisCarCost,0
DrivQuality and Airbag are not conditionally related under Theft,0
DrivQuality and Airbag are not conditionally related under CarValue,0
DrivQuality and Airbag are not conditionally related under HomeBase,0
DrivQuality and Airbag are not conditionally related under AntiTheft,0
DrivQuality and Airbag are not conditionally related under PropCost,0
DrivQuality and Airbag are not conditionally related under OtherCarCost,0
DrivQuality and Airbag are not conditionally related under OtherCar,0
DrivQuality and Airbag are conditionally related under MedCost,1
DrivQuality and Airbag are not conditionally related under Cushioning,0
DrivQuality and Airbag are not conditionally related under ILiCost,0
DrivQuality and Airbag are not conditionally related under DrivHist,0
DrivQuality and ILiCost are related,1
DrivQuality and DrivHist are not conditionally related under GoodStudent,0
DrivQuality and DrivHist are conditionally related under Age,1
DrivQuality and DrivHist are conditionally related under SocioEcon,1
DrivQuality and DrivHist are conditionally related under RiskAversion,1
DrivQuality and DrivHist are not conditionally related under VehicleYear,0
DrivQuality and DrivHist are not conditionally related under ThisCarDam,0
DrivQuality and DrivHist are not conditionally related under RuggedAuto,0
DrivQuality and DrivHist are not conditionally related under Accident,0
DrivQuality and DrivHist are not conditionally related under MakeModel,0
DrivQuality and DrivHist are not conditionally related under Mileage,0
DrivQuality and DrivHist are not conditionally related under Antilock,0
DrivQuality and DrivHist are conditionally related under DrivingSkill,1
DrivQuality and DrivHist are conditionally related under SeniorTrain,1
DrivQuality and DrivHist are not conditionally related under ThisCarCost,0
DrivQuality and DrivHist are not conditionally related under Theft,0
DrivQuality and DrivHist are not conditionally related under CarValue,0
DrivQuality and DrivHist are not conditionally related under HomeBase,0
DrivQuality and DrivHist are not conditionally related under AntiTheft,0
DrivQuality and DrivHist are not conditionally related under PropCost,0
DrivQuality and DrivHist are not conditionally related under OtherCarCost,0
DrivQuality and DrivHist are not conditionally related under OtherCar,0
DrivQuality and DrivHist are not conditionally related under MedCost,0
DrivQuality and DrivHist are not conditionally related under Cushioning,0
DrivQuality and DrivHist are not conditionally related under Airbag,0
DrivQuality and DrivHist are not conditionally related under ILiCost,0
Mileage and GoodStudent are not conditionally related under Age,0
Mileage and GoodStudent are not conditionally related under SocioEcon,0
Mileage and GoodStudent are not conditionally related under RiskAversion,0
Mileage and GoodStudent are not conditionally related under VehicleYear,0
Mileage and GoodStudent are not conditionally related under ThisCarDam,0
Mileage and GoodStudent are not conditionally related under RuggedAuto,0
Mileage and GoodStudent are not conditionally related under Accident,0
Mileage and GoodStudent are not conditionally related under MakeModel,0
Mileage and GoodStudent are not conditionally related under DrivQuality,0
Mileage and GoodStudent are not conditionally related under Antilock,0
Mileage and GoodStudent are not conditionally related under DrivingSkill,0
Mileage and GoodStudent are not conditionally related under SeniorTrain,0
Mileage and GoodStudent are not conditionally related under ThisCarCost,0
Mileage and GoodStudent are not conditionally related under Theft,0
Mileage and GoodStudent are not conditionally related under CarValue,0
Mileage and GoodStudent are not conditionally related under HomeBase,0
Mileage and GoodStudent are not conditionally related under AntiTheft,0
Mileage and GoodStudent are not conditionally related under PropCost,0
Mileage and GoodStudent are not conditionally related under OtherCarCost,0
Mileage and GoodStudent are not conditionally related under OtherCar,0
Mileage and GoodStudent are not conditionally related under MedCost,0
Mileage and GoodStudent are not conditionally related under Cushioning,0
Mileage and GoodStudent are not conditionally related under Airbag,0
Mileage and GoodStudent are not conditionally related under ILiCost,0
Mileage and GoodStudent are not conditionally related under DrivHist,0
Mileage and Age are not conditionally related under GoodStudent,0
Mileage and Age are not conditionally related under SocioEcon,0
Mileage and Age are not conditionally related under RiskAversion,0
Mileage and Age are not conditionally related under VehicleYear,0
Mileage and Age are conditionally related under ThisCarDam,1
Mileage and Age are not conditionally related under RuggedAuto,0
Mileage and Age are conditionally related under Accident,1
Mileage and Age are not conditionally related under MakeModel,0
Mileage and Age are not conditionally related under DrivQuality,0
Mileage and Age are not conditionally related under Antilock,0
Mileage and Age are not conditionally related under DrivingSkill,0
Mileage and Age are not conditionally related under SeniorTrain,0
Mileage and Age are conditionally related under ThisCarCost,1
Mileage and Age are conditionally related under Theft,1
Mileage and Age are conditionally related under CarValue,1
Mileage and Age are not conditionally related under HomeBase,0
Mileage and Age are not conditionally related under AntiTheft,0
Mileage and Age are conditionally related under PropCost,1
Mileage and Age are conditionally related under OtherCarCost,1
Mileage and Age are not conditionally related under OtherCar,0
Mileage and Age are conditionally related under MedCost,1
Mileage and Age are not conditionally related under Cushioning,0
Mileage and Age are not conditionally related under Airbag,0
Mileage and Age are conditionally related under ILiCost,1
Mileage and Age are not conditionally related under DrivHist,0
Mileage and SocioEcon are not conditionally related under GoodStudent,0
Mileage and SocioEcon are not conditionally related under Age,0
Mileage and SocioEcon are not conditionally related under RiskAversion,0
Mileage and SocioEcon are not conditionally related under VehicleYear,0
Mileage and SocioEcon are conditionally related under ThisCarDam,1
Mileage and SocioEcon are not conditionally related under RuggedAuto,0
Mileage and SocioEcon are conditionally related under Accident,1
Mileage and SocioEcon are not conditionally related under MakeModel,0
Mileage and SocioEcon are not conditionally related under DrivQuality,0
Mileage and SocioEcon are not conditionally related under Antilock,0
Mileage and SocioEcon are not conditionally related under DrivingSkill,0
Mileage and SocioEcon are not conditionally related under SeniorTrain,0
Mileage and SocioEcon are conditionally related under ThisCarCost,1
Mileage and SocioEcon are conditionally related under Theft,1
Mileage and SocioEcon are conditionally related under CarValue,1
Mileage and SocioEcon are not conditionally related under HomeBase,0
Mileage and SocioEcon are not conditionally related under AntiTheft,0
Mileage and SocioEcon are conditionally related under PropCost,1
Mileage and SocioEcon are conditionally related under OtherCarCost,1
Mileage and SocioEcon are not conditionally related under OtherCar,0
Mileage and SocioEcon are conditionally related under MedCost,1
Mileage and SocioEcon are not conditionally related under Cushioning,0
Mileage and SocioEcon are not conditionally related under Airbag,0
Mileage and SocioEcon are conditionally related under ILiCost,1
Mileage and SocioEcon are not conditionally related under DrivHist,0
Mileage and RiskAversion are not conditionally related under GoodStudent,0
Mileage and RiskAversion are not conditionally related under Age,0
Mileage and RiskAversion are not conditionally related under SocioEcon,0
Mileage and RiskAversion are not conditionally related under VehicleYear,0
Mileage and RiskAversion are conditionally related under ThisCarDam,1
Mileage and RiskAversion are not conditionally related under RuggedAuto,0
Mileage and RiskAversion are conditionally related under Accident,1
Mileage and RiskAversion are not conditionally related under MakeModel,0
Mileage and RiskAversion are not conditionally related under DrivQuality,0
Mileage and RiskAversion are not conditionally related under Antilock,0
Mileage and RiskAversion are not conditionally related under DrivingSkill,0
Mileage and RiskAversion are not conditionally related under SeniorTrain,0
Mileage and RiskAversion are conditionally related under ThisCarCost,1
Mileage and RiskAversion are conditionally related under Theft,1
Mileage and RiskAversion are conditionally related under CarValue,1
Mileage and RiskAversion are not conditionally related under HomeBase,0
Mileage and RiskAversion are not conditionally related under AntiTheft,0
Mileage and RiskAversion are conditionally related under PropCost,1
Mileage and RiskAversion are conditionally related under OtherCarCost,1
Mileage and RiskAversion are not conditionally related under OtherCar,0
Mileage and RiskAversion are conditionally related under MedCost,1
Mileage and RiskAversion are not conditionally related under Cushioning,0
Mileage and RiskAversion are not conditionally related under Airbag,0
Mileage and RiskAversion are conditionally related under ILiCost,1
Mileage and RiskAversion are not conditionally related under DrivHist,0
Mileage and VehicleYear are not conditionally related under GoodStudent,0
Mileage and VehicleYear are not conditionally related under Age,0
Mileage and VehicleYear are not conditionally related under SocioEcon,0
Mileage and VehicleYear are not conditionally related under RiskAversion,0
Mileage and VehicleYear are conditionally related under ThisCarDam,1
Mileage and VehicleYear are not conditionally related under RuggedAuto,0
Mileage and VehicleYear are conditionally related under Accident,1
Mileage and VehicleYear are not conditionally related under MakeModel,0
Mileage and VehicleYear are not conditionally related under DrivQuality,0
Mileage and VehicleYear are not conditionally related under Antilock,0
Mileage and VehicleYear are not conditionally related under DrivingSkill,0
Mileage and VehicleYear are not conditionally related under SeniorTrain,0
Mileage and VehicleYear are conditionally related under ThisCarCost,1
Mileage and VehicleYear are conditionally related under Theft,1
Mileage and VehicleYear are conditionally related under CarValue,1
Mileage and VehicleYear are not conditionally related under HomeBase,0
Mileage and VehicleYear are not conditionally related under AntiTheft,0
Mileage and VehicleYear are conditionally related under PropCost,1
Mileage and VehicleYear are conditionally related under OtherCarCost,1
Mileage and VehicleYear are not conditionally related under OtherCar,0
Mileage and VehicleYear are conditionally related under MedCost,1
Mileage and VehicleYear are not conditionally related under Cushioning,0
Mileage and VehicleYear are not conditionally related under Airbag,0
Mileage and VehicleYear are conditionally related under ILiCost,1
Mileage and VehicleYear are not conditionally related under DrivHist,0
Mileage and ThisCarDam are related,1
Mileage and RuggedAuto are not conditionally related under GoodStudent,0
Mileage and RuggedAuto are not conditionally related under Age,0
Mileage and RuggedAuto are not conditionally related under SocioEcon,0
Mileage and RuggedAuto are not conditionally related under RiskAversion,0
Mileage and RuggedAuto are not conditionally related under VehicleYear,0
Mileage and RuggedAuto are conditionally related under ThisCarDam,1
Mileage and RuggedAuto are not conditionally related under Accident,0
Mileage and RuggedAuto are not conditionally related under MakeModel,0
Mileage and RuggedAuto are not conditionally related under DrivQuality,0
Mileage and RuggedAuto are not conditionally related under Antilock,0
Mileage and RuggedAuto are not conditionally related under DrivingSkill,0
Mileage and RuggedAuto are not conditionally related under SeniorTrain,0
Mileage and RuggedAuto are conditionally related under ThisCarCost,1
Mileage and RuggedAuto are not conditionally related under Theft,0
Mileage and RuggedAuto are not conditionally related under CarValue,0
Mileage and RuggedAuto are not conditionally related under HomeBase,0
Mileage and RuggedAuto are not conditionally related under AntiTheft,0
Mileage and RuggedAuto are conditionally related under PropCost,1
Mileage and RuggedAuto are conditionally related under OtherCarCost,1
Mileage and RuggedAuto are not conditionally related under OtherCar,0
Mileage and RuggedAuto are conditionally related under MedCost,1
Mileage and RuggedAuto are not conditionally related under Cushioning,0
Mileage and RuggedAuto are not conditionally related under Airbag,0
Mileage and RuggedAuto are not conditionally related under ILiCost,0
Mileage and RuggedAuto are not conditionally related under DrivHist,0
Mileage and Accident are related,1
Mileage and MakeModel are not conditionally related under GoodStudent,0
Mileage and MakeModel are not conditionally related under Age,0
Mileage and MakeModel are not conditionally related under SocioEcon,0
Mileage and MakeModel are not conditionally related under RiskAversion,0
Mileage and MakeModel are not conditionally related under VehicleYear,0
Mileage and MakeModel are conditionally related under ThisCarDam,1
Mileage and MakeModel are not conditionally related under RuggedAuto,0
Mileage and MakeModel are conditionally related under Accident,1
Mileage and MakeModel are not conditionally related under DrivQuality,0
Mileage and MakeModel are not conditionally related under Antilock,0
Mileage and MakeModel are not conditionally related under DrivingSkill,0
Mileage and MakeModel are not conditionally related under SeniorTrain,0
Mileage and MakeModel are conditionally related under ThisCarCost,1
Mileage and MakeModel are conditionally related under Theft,1
Mileage and MakeModel are conditionally related under CarValue,1
Mileage and MakeModel are not conditionally related under HomeBase,0
Mileage and MakeModel are not conditionally related under AntiTheft,0
Mileage and MakeModel are conditionally related under PropCost,1
Mileage and MakeModel are conditionally related under OtherCarCost,1
Mileage and MakeModel are not conditionally related under OtherCar,0
Mileage and MakeModel are conditionally related under MedCost,1
Mileage and MakeModel are not conditionally related under Cushioning,0
Mileage and MakeModel are not conditionally related under Airbag,0
Mileage and MakeModel are conditionally related under ILiCost,1
Mileage and MakeModel are not conditionally related under DrivHist,0
Mileage and DrivQuality are not conditionally related under GoodStudent,0
Mileage and DrivQuality are not conditionally related under Age,0
Mileage and DrivQuality are not conditionally related under SocioEcon,0
Mileage and DrivQuality are not conditionally related under RiskAversion,0
Mileage and DrivQuality are not conditionally related under VehicleYear,0
Mileage and DrivQuality are conditionally related under ThisCarDam,1
Mileage and DrivQuality are not conditionally related under RuggedAuto,0
Mileage and DrivQuality are conditionally related under Accident,1
Mileage and DrivQuality are not conditionally related under MakeModel,0
Mileage and DrivQuality are not conditionally related under Antilock,0
Mileage and DrivQuality are not conditionally related under DrivingSkill,0
Mileage and DrivQuality are not conditionally related under SeniorTrain,0
Mileage and DrivQuality are conditionally related under ThisCarCost,1
Mileage and DrivQuality are not conditionally related under Theft,0
Mileage and DrivQuality are not conditionally related under CarValue,0
Mileage and DrivQuality are not conditionally related under HomeBase,0
Mileage and DrivQuality are not conditionally related under AntiTheft,0
Mileage and DrivQuality are conditionally related under PropCost,1
Mileage and DrivQuality are conditionally related under OtherCarCost,1
Mileage and DrivQuality are not conditionally related under OtherCar,0
Mileage and DrivQuality are conditionally related under MedCost,1
Mileage and DrivQuality are not conditionally related under Cushioning,0
Mileage and DrivQuality are not conditionally related under Airbag,0
Mileage and DrivQuality are conditionally related under ILiCost,1
Mileage and DrivQuality are not conditionally related under DrivHist,0
Mileage and Antilock are not conditionally related under GoodStudent,0
Mileage and Antilock are not conditionally related under Age,0
Mileage and Antilock are not conditionally related under SocioEcon,0
Mileage and Antilock are not conditionally related under RiskAversion,0
Mileage and Antilock are not conditionally related under VehicleYear,0
Mileage and Antilock are conditionally related under ThisCarDam,1
Mileage and Antilock are not conditionally related under RuggedAuto,0
Mileage and Antilock are conditionally related under Accident,1
Mileage and Antilock are not conditionally related under MakeModel,0
Mileage and Antilock are not conditionally related under DrivQuality,0
Mileage and Antilock are not conditionally related under DrivingSkill,0
Mileage and Antilock are not conditionally related under SeniorTrain,0
Mileage and Antilock are conditionally related under ThisCarCost,1
Mileage and Antilock are not conditionally related under Theft,0
Mileage and Antilock are not conditionally related under CarValue,0
Mileage and Antilock are not conditionally related under HomeBase,0
Mileage and Antilock are not conditionally related under AntiTheft,0
Mileage and Antilock are conditionally related under PropCost,1
Mileage and Antilock are conditionally related under OtherCarCost,1
Mileage and Antilock are not conditionally related under OtherCar,0
Mileage and Antilock are conditionally related under MedCost,1
Mileage and Antilock are not conditionally related under Cushioning,0
Mileage and Antilock are not conditionally related under Airbag,0
Mileage and Antilock are conditionally related under ILiCost,1
Mileage and Antilock are not conditionally related under DrivHist,0
Mileage and DrivingSkill are not conditionally related under GoodStudent,0
Mileage and DrivingSkill are not conditionally related under Age,0
Mileage and DrivingSkill are not conditionally related under SocioEcon,0
Mileage and DrivingSkill are not conditionally related under RiskAversion,0
Mileage and DrivingSkill are not conditionally related under VehicleYear,0
Mileage and DrivingSkill are conditionally related under ThisCarDam,1
Mileage and DrivingSkill are not conditionally related under RuggedAuto,0
Mileage and DrivingSkill are conditionally related under Accident,1
Mileage and DrivingSkill are not conditionally related under MakeModel,0
Mileage and DrivingSkill are not conditionally related under DrivQuality,0
Mileage and DrivingSkill are not conditionally related under Antilock,0
Mileage and DrivingSkill are not conditionally related under SeniorTrain,0
Mileage and DrivingSkill are conditionally related under ThisCarCost,1
Mileage and DrivingSkill are not conditionally related under Theft,0
Mileage and DrivingSkill are not conditionally related under CarValue,0
Mileage and DrivingSkill are not conditionally related under HomeBase,0
Mileage and DrivingSkill are not conditionally related under AntiTheft,0
Mileage and DrivingSkill are conditionally related under PropCost,1
Mileage and DrivingSkill are conditionally related under OtherCarCost,1
Mileage and DrivingSkill are not conditionally related under OtherCar,0
Mileage and DrivingSkill are conditionally related under MedCost,1
Mileage and DrivingSkill are not conditionally related under Cushioning,0
Mileage and DrivingSkill are not conditionally related under Airbag,0
Mileage and DrivingSkill are conditionally related under ILiCost,1
Mileage and DrivingSkill are not conditionally related under DrivHist,0
Mileage and SeniorTrain are not conditionally related under GoodStudent,0
Mileage and SeniorTrain are not conditionally related under Age,0
Mileage and SeniorTrain are not conditionally related under SocioEcon,0
Mileage and SeniorTrain are not conditionally related under RiskAversion,0
Mileage and SeniorTrain are not conditionally related under VehicleYear,0
Mileage and SeniorTrain are conditionally related under ThisCarDam,1
Mileage and SeniorTrain are not conditionally related under RuggedAuto,0
Mileage and SeniorTrain are conditionally related under Accident,1
Mileage and SeniorTrain are not conditionally related under MakeModel,0
Mileage and SeniorTrain are not conditionally related under DrivQuality,0
Mileage and SeniorTrain are not conditionally related under Antilock,0
Mileage and SeniorTrain are not conditionally related under DrivingSkill,0
Mileage and SeniorTrain are conditionally related under ThisCarCost,1
Mileage and SeniorTrain are not conditionally related under Theft,0
Mileage and SeniorTrain are not conditionally related under CarValue,0
Mileage and SeniorTrain are not conditionally related under HomeBase,0
Mileage and SeniorTrain are not conditionally related under AntiTheft,0
Mileage and SeniorTrain are conditionally related under PropCost,1
Mileage and SeniorTrain are conditionally related under OtherCarCost,1
Mileage and SeniorTrain are not conditionally related under OtherCar,0
Mileage and SeniorTrain are conditionally related under MedCost,1
Mileage and SeniorTrain are not conditionally related under Cushioning,0
Mileage and SeniorTrain are not conditionally related under Airbag,0
Mileage and SeniorTrain are conditionally related under ILiCost,1
Mileage and SeniorTrain are not conditionally related under DrivHist,0
Mileage and ThisCarCost are related,1
Mileage and Theft are related,1
Mileage and CarValue are related,1
Mileage and HomeBase are not conditionally related under GoodStudent,0
Mileage and HomeBase are not conditionally related under Age,0
Mileage and HomeBase are not conditionally related under SocioEcon,0
Mileage and HomeBase are not conditionally related under RiskAversion,0
Mileage and HomeBase are not conditionally related under VehicleYear,0
Mileage and HomeBase are not conditionally related under ThisCarDam,0
Mileage and HomeBase are not conditionally related under RuggedAuto,0
Mileage and HomeBase are not conditionally related under Accident,0
Mileage and HomeBase are not conditionally related under MakeModel,0
Mileage and HomeBase are not conditionally related under DrivQuality,0
Mileage and HomeBase are not conditionally related under Antilock,0
Mileage and HomeBase are not conditionally related under DrivingSkill,0
Mileage and HomeBase are not conditionally related under SeniorTrain,0
Mileage and HomeBase are conditionally related under ThisCarCost,1
Mileage and HomeBase are conditionally related under Theft,1
Mileage and HomeBase are not conditionally related under CarValue,0
Mileage and HomeBase are not conditionally related under AntiTheft,0
Mileage and HomeBase are conditionally related under PropCost,1
Mileage and HomeBase are not conditionally related under OtherCarCost,0
Mileage and HomeBase are not conditionally related under OtherCar,0
Mileage and HomeBase are not conditionally related under MedCost,0
Mileage and HomeBase are not conditionally related under Cushioning,0
Mileage and HomeBase are not conditionally related under Airbag,0
Mileage and HomeBase are not conditionally related under ILiCost,0
Mileage and HomeBase are not conditionally related under DrivHist,0
Mileage and AntiTheft are not conditionally related under GoodStudent,0
Mileage and AntiTheft are not conditionally related under Age,0
Mileage and AntiTheft are not conditionally related under SocioEcon,0
Mileage and AntiTheft are not conditionally related under RiskAversion,0
Mileage and AntiTheft are not conditionally related under VehicleYear,0
Mileage and AntiTheft are not conditionally related under ThisCarDam,0
Mileage and AntiTheft are not conditionally related under RuggedAuto,0
Mileage and AntiTheft are not conditionally related under Accident,0
Mileage and AntiTheft are not conditionally related under MakeModel,0
Mileage and AntiTheft are not conditionally related under DrivQuality,0
Mileage and AntiTheft are not conditionally related under Antilock,0
Mileage and AntiTheft are not conditionally related under DrivingSkill,0
Mileage and AntiTheft are not conditionally related under SeniorTrain,0
Mileage and AntiTheft are conditionally related under ThisCarCost,1
Mileage and AntiTheft are conditionally related under Theft,1
Mileage and AntiTheft are not conditionally related under CarValue,0
Mileage and AntiTheft are not conditionally related under HomeBase,0
Mileage and AntiTheft are conditionally related under PropCost,1
Mileage and AntiTheft are not conditionally related under OtherCarCost,0
Mileage and AntiTheft are not conditionally related under OtherCar,0
Mileage and AntiTheft are not conditionally related under MedCost,0
Mileage and AntiTheft are not conditionally related under Cushioning,0
Mileage and AntiTheft are not conditionally related under Airbag,0
Mileage and AntiTheft are not conditionally related under ILiCost,0
Mileage and AntiTheft are not conditionally related under DrivHist,0
Mileage and PropCost are related,1
Mileage and OtherCarCost are related,1
Mileage and OtherCar are not conditionally related under GoodStudent,0
Mileage and OtherCar are not conditionally related under Age,0
Mileage and OtherCar are not conditionally related under SocioEcon,0
Mileage and OtherCar are not conditionally related under RiskAversion,0
Mileage and OtherCar are not conditionally related under VehicleYear,0
Mileage and OtherCar are not conditionally related under ThisCarDam,0
Mileage and OtherCar are not conditionally related under RuggedAuto,0
Mileage and OtherCar are not conditionally related under Accident,0
Mileage and OtherCar are not conditionally related under MakeModel,0
Mileage and OtherCar are not conditionally related under DrivQuality,0
Mileage and OtherCar are not conditionally related under Antilock,0
Mileage and OtherCar are not conditionally related under DrivingSkill,0
Mileage and OtherCar are not conditionally related under SeniorTrain,0
Mileage and OtherCar are not conditionally related under ThisCarCost,0
Mileage and OtherCar are not conditionally related under Theft,0
Mileage and OtherCar are not conditionally related under CarValue,0
Mileage and OtherCar are not conditionally related under HomeBase,0
Mileage and OtherCar are not conditionally related under AntiTheft,0
Mileage and OtherCar are not conditionally related under PropCost,0
Mileage and OtherCar are not conditionally related under OtherCarCost,0
Mileage and OtherCar are not conditionally related under MedCost,0
Mileage and OtherCar are not conditionally related under Cushioning,0
Mileage and OtherCar are not conditionally related under Airbag,0
Mileage and OtherCar are not conditionally related under ILiCost,0
Mileage and OtherCar are not conditionally related under DrivHist,0
Mileage and MedCost are related,1
Mileage and Cushioning are not conditionally related under GoodStudent,0
Mileage and Cushioning are not conditionally related under Age,0
Mileage and Cushioning are not conditionally related under SocioEcon,0
Mileage and Cushioning are not conditionally related under RiskAversion,0
Mileage and Cushioning are not conditionally related under VehicleYear,0
Mileage and Cushioning are not conditionally related under ThisCarDam,0
Mileage and Cushioning are not conditionally related under RuggedAuto,0
Mileage and Cushioning are not conditionally related under Accident,0
Mileage and Cushioning are not conditionally related under MakeModel,0
Mileage and Cushioning are not conditionally related under DrivQuality,0
Mileage and Cushioning are not conditionally related under Antilock,0
Mileage and Cushioning are not conditionally related under DrivingSkill,0
Mileage and Cushioning are not conditionally related under SeniorTrain,0
Mileage and Cushioning are not conditionally related under ThisCarCost,0
Mileage and Cushioning are not conditionally related under Theft,0
Mileage and Cushioning are not conditionally related under CarValue,0
Mileage and Cushioning are not conditionally related under HomeBase,0
Mileage and Cushioning are not conditionally related under AntiTheft,0
Mileage and Cushioning are not conditionally related under PropCost,0
Mileage and Cushioning are not conditionally related under OtherCarCost,0
Mileage and Cushioning are not conditionally related under OtherCar,0
Mileage and Cushioning are conditionally related under MedCost,1
Mileage and Cushioning are not conditionally related under Airbag,0
Mileage and Cushioning are not conditionally related under ILiCost,0
Mileage and Cushioning are not conditionally related under DrivHist,0
Mileage and Airbag are not conditionally related under GoodStudent,0
Mileage and Airbag are not conditionally related under Age,0
Mileage and Airbag are not conditionally related under SocioEcon,0
Mileage and Airbag are not conditionally related under RiskAversion,0
Mileage and Airbag are not conditionally related under VehicleYear,0
Mileage and Airbag are not conditionally related under ThisCarDam,0
Mileage and Airbag are not conditionally related under RuggedAuto,0
Mileage and Airbag are not conditionally related under Accident,0
Mileage and Airbag are not conditionally related under MakeModel,0
Mileage and Airbag are not conditionally related under DrivQuality,0
Mileage and Airbag are not conditionally related under Antilock,0
Mileage and Airbag are not conditionally related under DrivingSkill,0
Mileage and Airbag are not conditionally related under SeniorTrain,0
Mileage and Airbag are not conditionally related under ThisCarCost,0
Mileage and Airbag are not conditionally related under Theft,0
Mileage and Airbag are not conditionally related under CarValue,0
Mileage and Airbag are not conditionally related under HomeBase,0
Mileage and Airbag are not conditionally related under AntiTheft,0
Mileage and Airbag are not conditionally related under PropCost,0
Mileage and Airbag are not conditionally related under OtherCarCost,0
Mileage and Airbag are not conditionally related under OtherCar,0
Mileage and Airbag are conditionally related under MedCost,1
Mileage and Airbag are not conditionally related under Cushioning,0
Mileage and Airbag are not conditionally related under ILiCost,0
Mileage and Airbag are not conditionally related under DrivHist,0
Mileage and ILiCost are related,1
Mileage and DrivHist are not conditionally related under GoodStudent,0
Mileage and DrivHist are not conditionally related under Age,0
Mileage and DrivHist are not conditionally related under SocioEcon,0
Mileage and DrivHist are not conditionally related under RiskAversion,0
Mileage and DrivHist are not conditionally related under VehicleYear,0
Mileage and DrivHist are not conditionally related under ThisCarDam,0
Mileage and DrivHist are not conditionally related under RuggedAuto,0
Mileage and DrivHist are not conditionally related under Accident,0
Mileage and DrivHist are not conditionally related under MakeModel,0
Mileage and DrivHist are not conditionally related under DrivQuality,0
Mileage and DrivHist are not conditionally related under Antilock,0
Mileage and DrivHist are not conditionally related under DrivingSkill,0
Mileage and DrivHist are not conditionally related under SeniorTrain,0
Mileage and DrivHist are not conditionally related under ThisCarCost,0
Mileage and DrivHist are not conditionally related under Theft,0
Mileage and DrivHist are not conditionally related under CarValue,0
Mileage and DrivHist are not conditionally related under HomeBase,0
Mileage and DrivHist are not conditionally related under AntiTheft,0
Mileage and DrivHist are not conditionally related under PropCost,0
Mileage and DrivHist are not conditionally related under OtherCarCost,0
Mileage and DrivHist are not conditionally related under OtherCar,0
Mileage and DrivHist are not conditionally related under MedCost,0
Mileage and DrivHist are not conditionally related under Cushioning,0
Mileage and DrivHist are not conditionally related under Airbag,0
Mileage and DrivHist are not conditionally related under ILiCost,0
Antilock and GoodStudent are conditionally related under Age,1
Antilock and GoodStudent are conditionally related under SocioEcon,1
Antilock and GoodStudent are not conditionally related under RiskAversion,0
Antilock and GoodStudent are not conditionally related under VehicleYear,0
Antilock and GoodStudent are not conditionally related under ThisCarDam,0
Antilock and GoodStudent are not conditionally related under RuggedAuto,0
Antilock and GoodStudent are not conditionally related under Accident,0
Antilock and GoodStudent are not conditionally related under MakeModel,0
Antilock and GoodStudent are not conditionally related under DrivQuality,0
Antilock and GoodStudent are not conditionally related under Mileage,0
Antilock and GoodStudent are not conditionally related under DrivingSkill,0
Antilock and GoodStudent are not conditionally related under SeniorTrain,0
Antilock and GoodStudent are not conditionally related under ThisCarCost,0
Antilock and GoodStudent are not conditionally related under Theft,0
Antilock and GoodStudent are not conditionally related under CarValue,0
Antilock and GoodStudent are not conditionally related under HomeBase,0
Antilock and GoodStudent are not conditionally related under AntiTheft,0
Antilock and GoodStudent are not conditionally related under PropCost,0
Antilock and GoodStudent are not conditionally related under OtherCarCost,0
Antilock and GoodStudent are not conditionally related under OtherCar,0
Antilock and GoodStudent are not conditionally related under MedCost,0
Antilock and GoodStudent are not conditionally related under Cushioning,0
Antilock and GoodStudent are not conditionally related under Airbag,0
Antilock and GoodStudent are not conditionally related under ILiCost,0
Antilock and GoodStudent are not conditionally related under DrivHist,0
Antilock and Age are related,1
Antilock and SocioEcon are related,1
Antilock and RiskAversion are related,1
Antilock and VehicleYear are related,1
Antilock and ThisCarDam are related,1
Antilock and RuggedAuto are not conditionally related under GoodStudent,0
Antilock and RuggedAuto are conditionally related under Age,1
Antilock and RuggedAuto are conditionally related under SocioEcon,1
Antilock and RuggedAuto are conditionally related under RiskAversion,1
Antilock and RuggedAuto are conditionally related under VehicleYear,1
Antilock and RuggedAuto are conditionally related under ThisCarDam,1
Antilock and RuggedAuto are not conditionally related under Accident,0
Antilock and RuggedAuto are conditionally related under MakeModel,1
Antilock and RuggedAuto are not conditionally related under DrivQuality,0
Antilock and RuggedAuto are not conditionally related under Mileage,0
Antilock and RuggedAuto are not conditionally related under DrivingSkill,0
Antilock and RuggedAuto are not conditionally related under SeniorTrain,0
Antilock and RuggedAuto are conditionally related under ThisCarCost,1
Antilock and RuggedAuto are not conditionally related under Theft,0
Antilock and RuggedAuto are not conditionally related under CarValue,0
Antilock and RuggedAuto are not conditionally related under HomeBase,0
Antilock and RuggedAuto are not conditionally related under AntiTheft,0
Antilock and RuggedAuto are conditionally related under PropCost,1
Antilock and RuggedAuto are conditionally related under OtherCarCost,1
Antilock and RuggedAuto are not conditionally related under OtherCar,0
Antilock and RuggedAuto are conditionally related under MedCost,1
Antilock and RuggedAuto are not conditionally related under Cushioning,0
Antilock and RuggedAuto are not conditionally related under Airbag,0
Antilock and RuggedAuto are not conditionally related under ILiCost,0
Antilock and RuggedAuto are not conditionally related under DrivHist,0
Antilock and Accident are related,1
Antilock and MakeModel are related,1
Antilock and DrivQuality are not conditionally related under GoodStudent,0
Antilock and DrivQuality are conditionally related under Age,1
Antilock and DrivQuality are conditionally related under SocioEcon,1
Antilock and DrivQuality are conditionally related under RiskAversion,1
Antilock and DrivQuality are not conditionally related under VehicleYear,0
Antilock and DrivQuality are conditionally related under ThisCarDam,1
Antilock and DrivQuality are not conditionally related under RuggedAuto,0
Antilock and DrivQuality are conditionally related under Accident,1
Antilock and DrivQuality are not conditionally related under MakeModel,0
Antilock and DrivQuality are not conditionally related under Mileage,0
Antilock and DrivQuality are not conditionally related under DrivingSkill,0
Antilock and DrivQuality are not conditionally related under SeniorTrain,0
Antilock and DrivQuality are conditionally related under ThisCarCost,1
Antilock and DrivQuality are not conditionally related under Theft,0
Antilock and DrivQuality are not conditionally related under CarValue,0
Antilock and DrivQuality are not conditionally related under HomeBase,0
Antilock and DrivQuality are not conditionally related under AntiTheft,0
Antilock and DrivQuality are conditionally related under PropCost,1
Antilock and DrivQuality are conditionally related under OtherCarCost,1
Antilock and DrivQuality are not conditionally related under OtherCar,0
Antilock and DrivQuality are conditionally related under MedCost,1
Antilock and DrivQuality are not conditionally related under Cushioning,0
Antilock and DrivQuality are not conditionally related under Airbag,0
Antilock and DrivQuality are conditionally related under ILiCost,1
Antilock and DrivQuality are not conditionally related under DrivHist,0
Antilock and Mileage are not conditionally related under GoodStudent,0
Antilock and Mileage are not conditionally related under Age,0
Antilock and Mileage are not conditionally related under SocioEcon,0
Antilock and Mileage are not conditionally related under RiskAversion,0
Antilock and Mileage are not conditionally related under VehicleYear,0
Antilock and Mileage are conditionally related under ThisCarDam,1
Antilock and Mileage are not conditionally related under RuggedAuto,0
Antilock and Mileage are conditionally related under Accident,1
Antilock and Mileage are not conditionally related under MakeModel,0
Antilock and Mileage are not conditionally related under DrivQuality,0
Antilock and Mileage are not conditionally related under DrivingSkill,0
Antilock and Mileage are not conditionally related under SeniorTrain,0
Antilock and Mileage are conditionally related under ThisCarCost,1
Antilock and Mileage are not conditionally related under Theft,0
Antilock and Mileage are not conditionally related under CarValue,0
Antilock and Mileage are not conditionally related under HomeBase,0
Antilock and Mileage are not conditionally related under AntiTheft,0
Antilock and Mileage are conditionally related under PropCost,1
Antilock and Mileage are conditionally related under OtherCarCost,1
Antilock and Mileage are not conditionally related under OtherCar,0
Antilock and Mileage are conditionally related under MedCost,1
Antilock and Mileage are not conditionally related under Cushioning,0
Antilock and Mileage are not conditionally related under Airbag,0
Antilock and Mileage are conditionally related under ILiCost,1
Antilock and Mileage are not conditionally related under DrivHist,0
Antilock and DrivingSkill are not conditionally related under GoodStudent,0
Antilock and DrivingSkill are conditionally related under Age,1
Antilock and DrivingSkill are conditionally related under SocioEcon,1
Antilock and DrivingSkill are conditionally related under RiskAversion,1
Antilock and DrivingSkill are not conditionally related under VehicleYear,0
Antilock and DrivingSkill are conditionally related under ThisCarDam,1
Antilock and DrivingSkill are not conditionally related under RuggedAuto,0
Antilock and DrivingSkill are conditionally related under Accident,1
Antilock and DrivingSkill are not conditionally related under MakeModel,0
Antilock and DrivingSkill are not conditionally related under DrivQuality,0
Antilock and DrivingSkill are not conditionally related under Mileage,0
Antilock and DrivingSkill are not conditionally related under SeniorTrain,0
Antilock and DrivingSkill are conditionally related under ThisCarCost,1
Antilock and DrivingSkill are not conditionally related under Theft,0
Antilock and DrivingSkill are not conditionally related under CarValue,0
Antilock and DrivingSkill are not conditionally related under HomeBase,0
Antilock and DrivingSkill are not conditionally related under AntiTheft,0
Antilock and DrivingSkill are conditionally related under PropCost,1
Antilock and DrivingSkill are conditionally related under OtherCarCost,1
Antilock and DrivingSkill are not conditionally related under OtherCar,0
Antilock and DrivingSkill are conditionally related under MedCost,1
Antilock and DrivingSkill are not conditionally related under Cushioning,0
Antilock and DrivingSkill are not conditionally related under Airbag,0
Antilock and DrivingSkill are conditionally related under ILiCost,1
Antilock and DrivingSkill are not conditionally related under DrivHist,0
Antilock and SeniorTrain are not conditionally related under GoodStudent,0
Antilock and SeniorTrain are conditionally related under Age,1
Antilock and SeniorTrain are conditionally related under SocioEcon,1
Antilock and SeniorTrain are conditionally related under RiskAversion,1
Antilock and SeniorTrain are not conditionally related under VehicleYear,0
Antilock and SeniorTrain are conditionally related under ThisCarDam,1
Antilock and SeniorTrain are not conditionally related under RuggedAuto,0
Antilock and SeniorTrain are conditionally related under Accident,1
Antilock and SeniorTrain are not conditionally related under MakeModel,0
Antilock and SeniorTrain are not conditionally related under DrivQuality,0
Antilock and SeniorTrain are not conditionally related under Mileage,0
Antilock and SeniorTrain are not conditionally related under DrivingSkill,0
Antilock and SeniorTrain are conditionally related under ThisCarCost,1
Antilock and SeniorTrain are not conditionally related under Theft,0
Antilock and SeniorTrain are not conditionally related under CarValue,0
Antilock and SeniorTrain are not conditionally related under HomeBase,0
Antilock and SeniorTrain are not conditionally related under AntiTheft,0
Antilock and SeniorTrain are conditionally related under PropCost,1
Antilock and SeniorTrain are conditionally related under OtherCarCost,1
Antilock and SeniorTrain are not conditionally related under OtherCar,0
Antilock and SeniorTrain are conditionally related under MedCost,1
Antilock and SeniorTrain are not conditionally related under Cushioning,0
Antilock and SeniorTrain are not conditionally related under Airbag,0
Antilock and SeniorTrain are conditionally related under ILiCost,1
Antilock and SeniorTrain are not conditionally related under DrivHist,0
Antilock and ThisCarCost are related,1
Antilock and Theft are not conditionally related under GoodStudent,0
Antilock and Theft are conditionally related under Age,1
Antilock and Theft are conditionally related under SocioEcon,1
Antilock and Theft are conditionally related under RiskAversion,1
Antilock and Theft are conditionally related under VehicleYear,1
Antilock and Theft are not conditionally related under ThisCarDam,0
Antilock and Theft are not conditionally related under RuggedAuto,0
Antilock and Theft are not conditionally related under Accident,0
Antilock and Theft are conditionally related under MakeModel,1
Antilock and Theft are not conditionally related under DrivQuality,0
Antilock and Theft are not conditionally related under Mileage,0
Antilock and Theft are not conditionally related under DrivingSkill,0
Antilock and Theft are not conditionally related under SeniorTrain,0
Antilock and Theft are conditionally related under ThisCarCost,1
Antilock and Theft are not conditionally related under CarValue,0
Antilock and Theft are not conditionally related under HomeBase,0
Antilock and Theft are not conditionally related under AntiTheft,0
Antilock and Theft are conditionally related under PropCost,1
Antilock and Theft are not conditionally related under OtherCarCost,0
Antilock and Theft are not conditionally related under OtherCar,0
Antilock and Theft are not conditionally related under MedCost,0
Antilock and Theft are not conditionally related under Cushioning,0
Antilock and Theft are not conditionally related under Airbag,0
Antilock and Theft are not conditionally related under ILiCost,0
Antilock and Theft are not conditionally related under DrivHist,0
Antilock and CarValue are not conditionally related under GoodStudent,0
Antilock and CarValue are conditionally related under Age,1
Antilock and CarValue are conditionally related under SocioEcon,1
Antilock and CarValue are conditionally related under RiskAversion,1
Antilock and CarValue are conditionally related under VehicleYear,1
Antilock and CarValue are not conditionally related under ThisCarDam,0
Antilock and CarValue are not conditionally related under RuggedAuto,0
Antilock and CarValue are not conditionally related under Accident,0
Antilock and CarValue are conditionally related under MakeModel,1
Antilock and CarValue are not conditionally related under DrivQuality,0
Antilock and CarValue are not conditionally related under Mileage,0
Antilock and CarValue are not conditionally related under DrivingSkill,0
Antilock and CarValue are not conditionally related under SeniorTrain,0
Antilock and CarValue are conditionally related under ThisCarCost,1
Antilock and CarValue are not conditionally related under Theft,0
Antilock and CarValue are not conditionally related under HomeBase,0
Antilock and CarValue are not conditionally related under AntiTheft,0
Antilock and CarValue are conditionally related under PropCost,1
Antilock and CarValue are not conditionally related under OtherCarCost,0
Antilock and CarValue are not conditionally related under OtherCar,0
Antilock and CarValue are not conditionally related under MedCost,0
Antilock and CarValue are not conditionally related under Cushioning,0
Antilock and CarValue are not conditionally related under Airbag,0
Antilock and CarValue are not conditionally related under ILiCost,0
Antilock and CarValue are not conditionally related under DrivHist,0
Antilock and HomeBase are not conditionally related under GoodStudent,0
Antilock and HomeBase are conditionally related under Age,1
Antilock and HomeBase are conditionally related under SocioEcon,1
Antilock and HomeBase are conditionally related under RiskAversion,1
Antilock and HomeBase are not conditionally related under VehicleYear,0
Antilock and HomeBase are not conditionally related under ThisCarDam,0
Antilock and HomeBase are not conditionally related under RuggedAuto,0
Antilock and HomeBase are not conditionally related under Accident,0
Antilock and HomeBase are not conditionally related under MakeModel,0
Antilock and HomeBase are not conditionally related under DrivQuality,0
Antilock and HomeBase are not conditionally related under Mileage,0
Antilock and HomeBase are not conditionally related under DrivingSkill,0
Antilock and HomeBase are not conditionally related under SeniorTrain,0
Antilock and HomeBase are conditionally related under ThisCarCost,1
Antilock and HomeBase are not conditionally related under Theft,0
Antilock and HomeBase are not conditionally related under CarValue,0
Antilock and HomeBase are not conditionally related under AntiTheft,0
Antilock and HomeBase are conditionally related under PropCost,1
Antilock and HomeBase are not conditionally related under OtherCarCost,0
Antilock and HomeBase are not conditionally related under OtherCar,0
Antilock and HomeBase are not conditionally related under MedCost,0
Antilock and HomeBase are not conditionally related under Cushioning,0
Antilock and HomeBase are not conditionally related under Airbag,0
Antilock and HomeBase are not conditionally related under ILiCost,0
Antilock and HomeBase are not conditionally related under DrivHist,0
Antilock and AntiTheft are not conditionally related under GoodStudent,0
Antilock and AntiTheft are conditionally related under Age,1
Antilock and AntiTheft are conditionally related under SocioEcon,1
Antilock and AntiTheft are conditionally related under RiskAversion,1
Antilock and AntiTheft are not conditionally related under VehicleYear,0
Antilock and AntiTheft are not conditionally related under ThisCarDam,0
Antilock and AntiTheft are not conditionally related under RuggedAuto,0
Antilock and AntiTheft are not conditionally related under Accident,0
Antilock and AntiTheft are not conditionally related under MakeModel,0
Antilock and AntiTheft are not conditionally related under DrivQuality,0
Antilock and AntiTheft are not conditionally related under Mileage,0
Antilock and AntiTheft are not conditionally related under DrivingSkill,0
Antilock and AntiTheft are not conditionally related under SeniorTrain,0
Antilock and AntiTheft are conditionally related under ThisCarCost,1
Antilock and AntiTheft are not conditionally related under Theft,0
Antilock and AntiTheft are not conditionally related under CarValue,0
Antilock and AntiTheft are not conditionally related under HomeBase,0
Antilock and AntiTheft are conditionally related under PropCost,1
Antilock and AntiTheft are not conditionally related under OtherCarCost,0
Antilock and AntiTheft are not conditionally related under OtherCar,0
Antilock and AntiTheft are not conditionally related under MedCost,0
Antilock and AntiTheft are not conditionally related under Cushioning,0
Antilock and AntiTheft are not conditionally related under Airbag,0
Antilock and AntiTheft are not conditionally related under ILiCost,0
Antilock and AntiTheft are not conditionally related under DrivHist,0
Antilock and PropCost are related,1
Antilock and OtherCarCost are related,1
Antilock and OtherCar are not conditionally related under GoodStudent,0
Antilock and OtherCar are conditionally related under Age,1
Antilock and OtherCar are conditionally related under SocioEcon,1
Antilock and OtherCar are not conditionally related under RiskAversion,0
Antilock and OtherCar are not conditionally related under VehicleYear,0
Antilock and OtherCar are not conditionally related under ThisCarDam,0
Antilock and OtherCar are not conditionally related under RuggedAuto,0
Antilock and OtherCar are not conditionally related under Accident,0
Antilock and OtherCar are not conditionally related under MakeModel,0
Antilock and OtherCar are not conditionally related under DrivQuality,0
Antilock and OtherCar are not conditionally related under Mileage,0
Antilock and OtherCar are not conditionally related under DrivingSkill,0
Antilock and OtherCar are not conditionally related under SeniorTrain,0
Antilock and OtherCar are not conditionally related under ThisCarCost,0
Antilock and OtherCar are not conditionally related under Theft,0
Antilock and OtherCar are not conditionally related under CarValue,0
Antilock and OtherCar are not conditionally related under HomeBase,0
Antilock and OtherCar are not conditionally related under AntiTheft,0
Antilock and OtherCar are not conditionally related under PropCost,0
Antilock and OtherCar are not conditionally related under OtherCarCost,0
Antilock and OtherCar are not conditionally related under MedCost,0
Antilock and OtherCar are not conditionally related under Cushioning,0
Antilock and OtherCar are not conditionally related under Airbag,0
Antilock and OtherCar are not conditionally related under ILiCost,0
Antilock and OtherCar are not conditionally related under DrivHist,0
Antilock and MedCost are related,1
Antilock and Cushioning are not conditionally related under GoodStudent,0
Antilock and Cushioning are conditionally related under Age,1
Antilock and Cushioning are conditionally related under SocioEcon,1
Antilock and Cushioning are conditionally related under RiskAversion,1
Antilock and Cushioning are conditionally related under VehicleYear,1
Antilock and Cushioning are not conditionally related under ThisCarDam,0
Antilock and Cushioning are not conditionally related under RuggedAuto,0
Antilock and Cushioning are not conditionally related under Accident,0
Antilock and Cushioning are conditionally related under MakeModel,1
Antilock and Cushioning are not conditionally related under DrivQuality,0
Antilock and Cushioning are not conditionally related under Mileage,0
Antilock and Cushioning are not conditionally related under DrivingSkill,0
Antilock and Cushioning are not conditionally related under SeniorTrain,0
Antilock and Cushioning are not conditionally related under ThisCarCost,0
Antilock and Cushioning are not conditionally related under Theft,0
Antilock and Cushioning are not conditionally related under CarValue,0
Antilock and Cushioning are not conditionally related under HomeBase,0
Antilock and Cushioning are not conditionally related under AntiTheft,0
Antilock and Cushioning are not conditionally related under PropCost,0
Antilock and Cushioning are not conditionally related under OtherCarCost,0
Antilock and Cushioning are not conditionally related under OtherCar,0
Antilock and Cushioning are conditionally related under MedCost,1
Antilock and Cushioning are not conditionally related under Airbag,0
Antilock and Cushioning are not conditionally related under ILiCost,0
Antilock and Cushioning are not conditionally related under DrivHist,0
Antilock and Airbag are not conditionally related under GoodStudent,0
Antilock and Airbag are conditionally related under Age,1
Antilock and Airbag are conditionally related under SocioEcon,1
Antilock and Airbag are conditionally related under RiskAversion,1
Antilock and Airbag are conditionally related under VehicleYear,1
Antilock and Airbag are not conditionally related under ThisCarDam,0
Antilock and Airbag are not conditionally related under RuggedAuto,0
Antilock and Airbag are not conditionally related under Accident,0
Antilock and Airbag are conditionally related under MakeModel,1
Antilock and Airbag are not conditionally related under DrivQuality,0
Antilock and Airbag are not conditionally related under Mileage,0
Antilock and Airbag are not conditionally related under DrivingSkill,0
Antilock and Airbag are not conditionally related under SeniorTrain,0
Antilock and Airbag are not conditionally related under ThisCarCost,0
Antilock and Airbag are not conditionally related under Theft,0
Antilock and Airbag are not conditionally related under CarValue,0
Antilock and Airbag are not conditionally related under HomeBase,0
Antilock and Airbag are not conditionally related under AntiTheft,0
Antilock and Airbag are not conditionally related under PropCost,0
Antilock and Airbag are not conditionally related under OtherCarCost,0
Antilock and Airbag are not conditionally related under OtherCar,0
Antilock and Airbag are conditionally related under MedCost,1
Antilock and Airbag are not conditionally related under Cushioning,0
Antilock and Airbag are not conditionally related under ILiCost,0
Antilock and Airbag are not conditionally related under DrivHist,0
Antilock and ILiCost are related,1
Antilock and DrivHist are not conditionally related under GoodStudent,0
Antilock and DrivHist are conditionally related under Age,1
Antilock and DrivHist are conditionally related under SocioEcon,1
Antilock and DrivHist are conditionally related under RiskAversion,1
Antilock and DrivHist are not conditionally related under VehicleYear,0
Antilock and DrivHist are not conditionally related under ThisCarDam,0
Antilock and DrivHist are not conditionally related under RuggedAuto,0
Antilock and DrivHist are not conditionally related under Accident,0
Antilock and DrivHist are not conditionally related under MakeModel,0
Antilock and DrivHist are not conditionally related under DrivQuality,0
Antilock and DrivHist are not conditionally related under Mileage,0
Antilock and DrivHist are not conditionally related under DrivingSkill,0
Antilock and DrivHist are not conditionally related under SeniorTrain,0
Antilock and DrivHist are not conditionally related under ThisCarCost,0
Antilock and DrivHist are not conditionally related under Theft,0
Antilock and DrivHist are not conditionally related under CarValue,0
Antilock and DrivHist are not conditionally related under HomeBase,0
Antilock and DrivHist are not conditionally related under AntiTheft,0
Antilock and DrivHist are not conditionally related under PropCost,0
Antilock and DrivHist are not conditionally related under OtherCarCost,0
Antilock and DrivHist are not conditionally related under OtherCar,0
Antilock and DrivHist are not conditionally related under MedCost,0
Antilock and DrivHist are not conditionally related under Cushioning,0
Antilock and DrivHist are not conditionally related under Airbag,0
Antilock and DrivHist are not conditionally related under ILiCost,0
DrivingSkill and GoodStudent are conditionally related under Age,1
DrivingSkill and GoodStudent are conditionally related under SocioEcon,1
DrivingSkill and GoodStudent are not conditionally related under RiskAversion,0
DrivingSkill and GoodStudent are not conditionally related under VehicleYear,0
DrivingSkill and GoodStudent are not conditionally related under ThisCarDam,0
DrivingSkill and GoodStudent are not conditionally related under RuggedAuto,0
DrivingSkill and GoodStudent are not conditionally related under Accident,0
DrivingSkill and GoodStudent are not conditionally related under MakeModel,0
DrivingSkill and GoodStudent are not conditionally related under DrivQuality,0
DrivingSkill and GoodStudent are not conditionally related under Mileage,0
DrivingSkill and GoodStudent are not conditionally related under Antilock,0
DrivingSkill and GoodStudent are not conditionally related under SeniorTrain,0
DrivingSkill and GoodStudent are not conditionally related under ThisCarCost,0
DrivingSkill and GoodStudent are not conditionally related under Theft,0
DrivingSkill and GoodStudent are not conditionally related under CarValue,0
DrivingSkill and GoodStudent are not conditionally related under HomeBase,0
DrivingSkill and GoodStudent are not conditionally related under AntiTheft,0
DrivingSkill and GoodStudent are not conditionally related under PropCost,0
DrivingSkill and GoodStudent are not conditionally related under OtherCarCost,0
DrivingSkill and GoodStudent are not conditionally related under OtherCar,0
DrivingSkill and GoodStudent are not conditionally related under MedCost,0
DrivingSkill and GoodStudent are not conditionally related under Cushioning,0
DrivingSkill and GoodStudent are not conditionally related under Airbag,0
DrivingSkill and GoodStudent are not conditionally related under ILiCost,0
DrivingSkill and GoodStudent are not conditionally related under DrivHist,0
DrivingSkill and Age are related,1
DrivingSkill and SocioEcon are related,1
DrivingSkill and RiskAversion are related,1
DrivingSkill and VehicleYear are not conditionally related under GoodStudent,0
DrivingSkill and VehicleYear are conditionally related under Age,1
DrivingSkill and VehicleYear are conditionally related under SocioEcon,1
DrivingSkill and VehicleYear are conditionally related under RiskAversion,1
DrivingSkill and VehicleYear are conditionally related under ThisCarDam,1
DrivingSkill and VehicleYear are not conditionally related under RuggedAuto,0
DrivingSkill and VehicleYear are conditionally related under Accident,1
DrivingSkill and VehicleYear are not conditionally related under MakeModel,0
DrivingSkill and VehicleYear are not conditionally related under DrivQuality,0
DrivingSkill and VehicleYear are not conditionally related under Mileage,0
DrivingSkill and VehicleYear are not conditionally related under Antilock,0
DrivingSkill and VehicleYear are not conditionally related under SeniorTrain,0
DrivingSkill and VehicleYear are conditionally related under ThisCarCost,1
DrivingSkill and VehicleYear are not conditionally related under Theft,0
DrivingSkill and VehicleYear are not conditionally related under CarValue,0
DrivingSkill and VehicleYear are not conditionally related under HomeBase,0
DrivingSkill and VehicleYear are not conditionally related under AntiTheft,0
DrivingSkill and VehicleYear are conditionally related under PropCost,1
DrivingSkill and VehicleYear are conditionally related under OtherCarCost,1
DrivingSkill and VehicleYear are not conditionally related under OtherCar,0
DrivingSkill and VehicleYear are conditionally related under MedCost,1
DrivingSkill and VehicleYear are not conditionally related under Cushioning,0
DrivingSkill and VehicleYear are not conditionally related under Airbag,0
DrivingSkill and VehicleYear are conditionally related under ILiCost,1
DrivingSkill and VehicleYear are not conditionally related under DrivHist,0
DrivingSkill and ThisCarDam are related,1
DrivingSkill and RuggedAuto are not conditionally related under GoodStudent,0
DrivingSkill and RuggedAuto are conditionally related under Age,1
DrivingSkill and RuggedAuto are conditionally related under SocioEcon,1
DrivingSkill and RuggedAuto are conditionally related under RiskAversion,1
DrivingSkill and RuggedAuto are not conditionally related under VehicleYear,0
DrivingSkill and RuggedAuto are conditionally related under ThisCarDam,1
DrivingSkill and RuggedAuto are not conditionally related under Accident,0
DrivingSkill and RuggedAuto are not conditionally related under MakeModel,0
DrivingSkill and RuggedAuto are not conditionally related under DrivQuality,0
DrivingSkill and RuggedAuto are not conditionally related under Mileage,0
DrivingSkill and RuggedAuto are not conditionally related under Antilock,0
DrivingSkill and RuggedAuto are not conditionally related under SeniorTrain,0
DrivingSkill and RuggedAuto are conditionally related under ThisCarCost,1
DrivingSkill and RuggedAuto are not conditionally related under Theft,0
DrivingSkill and RuggedAuto are not conditionally related under CarValue,0
DrivingSkill and RuggedAuto are not conditionally related under HomeBase,0
DrivingSkill and RuggedAuto are not conditionally related under AntiTheft,0
DrivingSkill and RuggedAuto are conditionally related under PropCost,1
DrivingSkill and RuggedAuto are conditionally related under OtherCarCost,1
DrivingSkill and RuggedAuto are not conditionally related under OtherCar,0
DrivingSkill and RuggedAuto are conditionally related under MedCost,1
DrivingSkill and RuggedAuto are not conditionally related under Cushioning,0
DrivingSkill and RuggedAuto are not conditionally related under Airbag,0
DrivingSkill and RuggedAuto are not conditionally related under ILiCost,0
DrivingSkill and RuggedAuto are not conditionally related under DrivHist,0
DrivingSkill and Accident are related,1
DrivingSkill and MakeModel are not conditionally related under GoodStudent,0
DrivingSkill and MakeModel are conditionally related under Age,1
DrivingSkill and MakeModel are conditionally related under SocioEcon,1
DrivingSkill and MakeModel are conditionally related under RiskAversion,1
DrivingSkill and MakeModel are not conditionally related under VehicleYear,0
DrivingSkill and MakeModel are conditionally related under ThisCarDam,1
DrivingSkill and MakeModel are not conditionally related under RuggedAuto,0
DrivingSkill and MakeModel are conditionally related under Accident,1
DrivingSkill and MakeModel are not conditionally related under DrivQuality,0
DrivingSkill and MakeModel are not conditionally related under Mileage,0
DrivingSkill and MakeModel are not conditionally related under Antilock,0
DrivingSkill and MakeModel are not conditionally related under SeniorTrain,0
DrivingSkill and MakeModel are conditionally related under ThisCarCost,1
DrivingSkill and MakeModel are not conditionally related under Theft,0
DrivingSkill and MakeModel are not conditionally related under CarValue,0
DrivingSkill and MakeModel are not conditionally related under HomeBase,0
DrivingSkill and MakeModel are not conditionally related under AntiTheft,0
DrivingSkill and MakeModel are conditionally related under PropCost,1
DrivingSkill and MakeModel are conditionally related under OtherCarCost,1
DrivingSkill and MakeModel are not conditionally related under OtherCar,0
DrivingSkill and MakeModel are conditionally related under MedCost,1
DrivingSkill and MakeModel are not conditionally related under Cushioning,0
DrivingSkill and MakeModel are not conditionally related under Airbag,0
DrivingSkill and MakeModel are conditionally related under ILiCost,1
DrivingSkill and MakeModel are not conditionally related under DrivHist,0
DrivingSkill and DrivQuality are related,1
DrivingSkill and Mileage are not conditionally related under GoodStudent,0
DrivingSkill and Mileage are not conditionally related under Age,0
DrivingSkill and Mileage are not conditionally related under SocioEcon,0
DrivingSkill and Mileage are not conditionally related under RiskAversion,0
DrivingSkill and Mileage are not conditionally related under VehicleYear,0
DrivingSkill and Mileage are conditionally related under ThisCarDam,1
DrivingSkill and Mileage are not conditionally related under RuggedAuto,0
DrivingSkill and Mileage are conditionally related under Accident,1
DrivingSkill and Mileage are not conditionally related under MakeModel,0
DrivingSkill and Mileage are not conditionally related under DrivQuality,0
DrivingSkill and Mileage are not conditionally related under Antilock,0
DrivingSkill and Mileage are not conditionally related under SeniorTrain,0
DrivingSkill and Mileage are conditionally related under ThisCarCost,1
DrivingSkill and Mileage are not conditionally related under Theft,0
DrivingSkill and Mileage are not conditionally related under CarValue,0
DrivingSkill and Mileage are not conditionally related under HomeBase,0
DrivingSkill and Mileage are not conditionally related under AntiTheft,0
DrivingSkill and Mileage are conditionally related under PropCost,1
DrivingSkill and Mileage are conditionally related under OtherCarCost,1
DrivingSkill and Mileage are not conditionally related under OtherCar,0
DrivingSkill and Mileage are conditionally related under MedCost,1
DrivingSkill and Mileage are not conditionally related under Cushioning,0
DrivingSkill and Mileage are not conditionally related under Airbag,0
DrivingSkill and Mileage are conditionally related under ILiCost,1
DrivingSkill and Mileage are not conditionally related under DrivHist,0
DrivingSkill and Antilock are not conditionally related under GoodStudent,0
DrivingSkill and Antilock are conditionally related under Age,1
DrivingSkill and Antilock are conditionally related under SocioEcon,1
DrivingSkill and Antilock are conditionally related under RiskAversion,1
DrivingSkill and Antilock are not conditionally related under VehicleYear,0
DrivingSkill and Antilock are conditionally related under ThisCarDam,1
DrivingSkill and Antilock are not conditionally related under RuggedAuto,0
DrivingSkill and Antilock are conditionally related under Accident,1
DrivingSkill and Antilock are not conditionally related under MakeModel,0
DrivingSkill and Antilock are not conditionally related under DrivQuality,0
DrivingSkill and Antilock are not conditionally related under Mileage,0
DrivingSkill and Antilock are not conditionally related under SeniorTrain,0
DrivingSkill and Antilock are conditionally related under ThisCarCost,1
DrivingSkill and Antilock are not conditionally related under Theft,0
DrivingSkill and Antilock are not conditionally related under CarValue,0
DrivingSkill and Antilock are not conditionally related under HomeBase,0
DrivingSkill and Antilock are not conditionally related under AntiTheft,0
DrivingSkill and Antilock are conditionally related under PropCost,1
DrivingSkill and Antilock are conditionally related under OtherCarCost,1
DrivingSkill and Antilock are not conditionally related under OtherCar,0
DrivingSkill and Antilock are conditionally related under MedCost,1
DrivingSkill and Antilock are not conditionally related under Cushioning,0
DrivingSkill and Antilock are not conditionally related under Airbag,0
DrivingSkill and Antilock are conditionally related under ILiCost,1
DrivingSkill and Antilock are not conditionally related under DrivHist,0
DrivingSkill and SeniorTrain are related,1
DrivingSkill and ThisCarCost are related,1
DrivingSkill and Theft are not conditionally related under GoodStudent,0
DrivingSkill and Theft are conditionally related under Age,1
DrivingSkill and Theft are conditionally related under SocioEcon,1
DrivingSkill and Theft are conditionally related under RiskAversion,1
DrivingSkill and Theft are not conditionally related under VehicleYear,0
DrivingSkill and Theft are not conditionally related under ThisCarDam,0
DrivingSkill and Theft are not conditionally related under RuggedAuto,0
DrivingSkill and Theft are not conditionally related under Accident,0
DrivingSkill and Theft are not conditionally related under MakeModel,0
DrivingSkill and Theft are not conditionally related under DrivQuality,0
DrivingSkill and Theft are not conditionally related under Mileage,0
DrivingSkill and Theft are not conditionally related under Antilock,0
DrivingSkill and Theft are not conditionally related under SeniorTrain,0
DrivingSkill and Theft are conditionally related under ThisCarCost,1
DrivingSkill and Theft are not conditionally related under CarValue,0
DrivingSkill and Theft are not conditionally related under HomeBase,0
DrivingSkill and Theft are not conditionally related under AntiTheft,0
DrivingSkill and Theft are conditionally related under PropCost,1
DrivingSkill and Theft are not conditionally related under OtherCarCost,0
DrivingSkill and Theft are not conditionally related under OtherCar,0
DrivingSkill and Theft are not conditionally related under MedCost,0
DrivingSkill and Theft are not conditionally related under Cushioning,0
DrivingSkill and Theft are not conditionally related under Airbag,0
DrivingSkill and Theft are not conditionally related under ILiCost,0
DrivingSkill and Theft are not conditionally related under DrivHist,0
DrivingSkill and CarValue are not conditionally related under GoodStudent,0
DrivingSkill and CarValue are conditionally related under Age,1
DrivingSkill and CarValue are conditionally related under SocioEcon,1
DrivingSkill and CarValue are conditionally related under RiskAversion,1
DrivingSkill and CarValue are not conditionally related under VehicleYear,0
DrivingSkill and CarValue are not conditionally related under ThisCarDam,0
DrivingSkill and CarValue are not conditionally related under RuggedAuto,0
DrivingSkill and CarValue are not conditionally related under Accident,0
DrivingSkill and CarValue are not conditionally related under MakeModel,0
DrivingSkill and CarValue are not conditionally related under DrivQuality,0
DrivingSkill and CarValue are not conditionally related under Mileage,0
DrivingSkill and CarValue are not conditionally related under Antilock,0
DrivingSkill and CarValue are not conditionally related under SeniorTrain,0
DrivingSkill and CarValue are conditionally related under ThisCarCost,1
DrivingSkill and CarValue are not conditionally related under Theft,0
DrivingSkill and CarValue are not conditionally related under HomeBase,0
DrivingSkill and CarValue are not conditionally related under AntiTheft,0
DrivingSkill and CarValue are conditionally related under PropCost,1
DrivingSkill and CarValue are not conditionally related under OtherCarCost,0
DrivingSkill and CarValue are not conditionally related under OtherCar,0
DrivingSkill and CarValue are not conditionally related under MedCost,0
DrivingSkill and CarValue are not conditionally related under Cushioning,0
DrivingSkill and CarValue are not conditionally related under Airbag,0
DrivingSkill and CarValue are not conditionally related under ILiCost,0
DrivingSkill and CarValue are not conditionally related under DrivHist,0
DrivingSkill and HomeBase are not conditionally related under GoodStudent,0
DrivingSkill and HomeBase are conditionally related under Age,1
DrivingSkill and HomeBase are conditionally related under SocioEcon,1
DrivingSkill and HomeBase are conditionally related under RiskAversion,1
DrivingSkill and HomeBase are not conditionally related under VehicleYear,0
DrivingSkill and HomeBase are not conditionally related under ThisCarDam,0
DrivingSkill and HomeBase are not conditionally related under RuggedAuto,0
DrivingSkill and HomeBase are not conditionally related under Accident,0
DrivingSkill and HomeBase are not conditionally related under MakeModel,0
DrivingSkill and HomeBase are not conditionally related under DrivQuality,0
DrivingSkill and HomeBase are not conditionally related under Mileage,0
DrivingSkill and HomeBase are not conditionally related under Antilock,0
DrivingSkill and HomeBase are not conditionally related under SeniorTrain,0
DrivingSkill and HomeBase are conditionally related under ThisCarCost,1
DrivingSkill and HomeBase are not conditionally related under Theft,0
DrivingSkill and HomeBase are not conditionally related under CarValue,0
DrivingSkill and HomeBase are not conditionally related under AntiTheft,0
DrivingSkill and HomeBase are conditionally related under PropCost,1
DrivingSkill and HomeBase are not conditionally related under OtherCarCost,0
DrivingSkill and HomeBase are not conditionally related under OtherCar,0
DrivingSkill and HomeBase are not conditionally related under MedCost,0
DrivingSkill and HomeBase are not conditionally related under Cushioning,0
DrivingSkill and HomeBase are not conditionally related under Airbag,0
DrivingSkill and HomeBase are not conditionally related under ILiCost,0
DrivingSkill and HomeBase are not conditionally related under DrivHist,0
DrivingSkill and AntiTheft are not conditionally related under GoodStudent,0
DrivingSkill and AntiTheft are conditionally related under Age,1
DrivingSkill and AntiTheft are conditionally related under SocioEcon,1
DrivingSkill and AntiTheft are conditionally related under RiskAversion,1
DrivingSkill and AntiTheft are not conditionally related under VehicleYear,0
DrivingSkill and AntiTheft are not conditionally related under ThisCarDam,0
DrivingSkill and AntiTheft are not conditionally related under RuggedAuto,0
DrivingSkill and AntiTheft are not conditionally related under Accident,0
DrivingSkill and AntiTheft are not conditionally related under MakeModel,0
DrivingSkill and AntiTheft are not conditionally related under DrivQuality,0
DrivingSkill and AntiTheft are not conditionally related under Mileage,0
DrivingSkill and AntiTheft are not conditionally related under Antilock,0
DrivingSkill and AntiTheft are not conditionally related under SeniorTrain,0
DrivingSkill and AntiTheft are conditionally related under ThisCarCost,1
DrivingSkill and AntiTheft are not conditionally related under Theft,0
DrivingSkill and AntiTheft are not conditionally related under CarValue,0
DrivingSkill and AntiTheft are not conditionally related under HomeBase,0
DrivingSkill and AntiTheft are conditionally related under PropCost,1
DrivingSkill and AntiTheft are not conditionally related under OtherCarCost,0
DrivingSkill and AntiTheft are not conditionally related under OtherCar,0
DrivingSkill and AntiTheft are not conditionally related under MedCost,0
DrivingSkill and AntiTheft are not conditionally related under Cushioning,0
DrivingSkill and AntiTheft are not conditionally related under Airbag,0
DrivingSkill and AntiTheft are not conditionally related under ILiCost,0
DrivingSkill and AntiTheft are not conditionally related under DrivHist,0
DrivingSkill and PropCost are related,1
DrivingSkill and OtherCarCost are related,1
DrivingSkill and OtherCar are not conditionally related under GoodStudent,0
DrivingSkill and OtherCar are conditionally related under Age,1
DrivingSkill and OtherCar are conditionally related under SocioEcon,1
DrivingSkill and OtherCar are not conditionally related under RiskAversion,0
DrivingSkill and OtherCar are not conditionally related under VehicleYear,0
DrivingSkill and OtherCar are not conditionally related under ThisCarDam,0
DrivingSkill and OtherCar are not conditionally related under RuggedAuto,0
DrivingSkill and OtherCar are not conditionally related under Accident,0
DrivingSkill and OtherCar are not conditionally related under MakeModel,0
DrivingSkill and OtherCar are not conditionally related under DrivQuality,0
DrivingSkill and OtherCar are not conditionally related under Mileage,0
DrivingSkill and OtherCar are not conditionally related under Antilock,0
DrivingSkill and OtherCar are not conditionally related under SeniorTrain,0
DrivingSkill and OtherCar are not conditionally related under ThisCarCost,0
DrivingSkill and OtherCar are not conditionally related under Theft,0
DrivingSkill and OtherCar are not conditionally related under CarValue,0
DrivingSkill and OtherCar are not conditionally related under HomeBase,0
DrivingSkill and OtherCar are not conditionally related under AntiTheft,0
DrivingSkill and OtherCar are not conditionally related under PropCost,0
DrivingSkill and OtherCar are not conditionally related under OtherCarCost,0
DrivingSkill and OtherCar are not conditionally related under MedCost,0
DrivingSkill and OtherCar are not conditionally related under Cushioning,0
DrivingSkill and OtherCar are not conditionally related under Airbag,0
DrivingSkill and OtherCar are not conditionally related under ILiCost,0
DrivingSkill and OtherCar are not conditionally related under DrivHist,0
DrivingSkill and MedCost are related,1
DrivingSkill and Cushioning are not conditionally related under GoodStudent,0
DrivingSkill and Cushioning are conditionally related under Age,1
DrivingSkill and Cushioning are conditionally related under SocioEcon,1
DrivingSkill and Cushioning are conditionally related under RiskAversion,1
DrivingSkill and Cushioning are not conditionally related under VehicleYear,0
DrivingSkill and Cushioning are not conditionally related under ThisCarDam,0
DrivingSkill and Cushioning are not conditionally related under RuggedAuto,0
DrivingSkill and Cushioning are not conditionally related under Accident,0
DrivingSkill and Cushioning are not conditionally related under MakeModel,0
DrivingSkill and Cushioning are not conditionally related under DrivQuality,0
DrivingSkill and Cushioning are not conditionally related under Mileage,0
DrivingSkill and Cushioning are not conditionally related under Antilock,0
DrivingSkill and Cushioning are not conditionally related under SeniorTrain,0
DrivingSkill and Cushioning are not conditionally related under ThisCarCost,0
DrivingSkill and Cushioning are not conditionally related under Theft,0
DrivingSkill and Cushioning are not conditionally related under CarValue,0
DrivingSkill and Cushioning are not conditionally related under HomeBase,0
DrivingSkill and Cushioning are not conditionally related under AntiTheft,0
DrivingSkill and Cushioning are not conditionally related under PropCost,0
DrivingSkill and Cushioning are not conditionally related under OtherCarCost,0
DrivingSkill and Cushioning are not conditionally related under OtherCar,0
DrivingSkill and Cushioning are conditionally related under MedCost,1
DrivingSkill and Cushioning are not conditionally related under Airbag,0
DrivingSkill and Cushioning are not conditionally related under ILiCost,0
DrivingSkill and Cushioning are not conditionally related under DrivHist,0
DrivingSkill and Airbag are not conditionally related under GoodStudent,0
DrivingSkill and Airbag are conditionally related under Age,1
DrivingSkill and Airbag are conditionally related under SocioEcon,1
DrivingSkill and Airbag are conditionally related under RiskAversion,1
DrivingSkill and Airbag are not conditionally related under VehicleYear,0
DrivingSkill and Airbag are not conditionally related under ThisCarDam,0
DrivingSkill and Airbag are not conditionally related under RuggedAuto,0
DrivingSkill and Airbag are not conditionally related under Accident,0
DrivingSkill and Airbag are not conditionally related under MakeModel,0
DrivingSkill and Airbag are not conditionally related under DrivQuality,0
DrivingSkill and Airbag are not conditionally related under Mileage,0
DrivingSkill and Airbag are not conditionally related under Antilock,0
DrivingSkill and Airbag are not conditionally related under SeniorTrain,0
DrivingSkill and Airbag are not conditionally related under ThisCarCost,0
DrivingSkill and Airbag are not conditionally related under Theft,0
DrivingSkill and Airbag are not conditionally related under CarValue,0
DrivingSkill and Airbag are not conditionally related under HomeBase,0
DrivingSkill and Airbag are not conditionally related under AntiTheft,0
DrivingSkill and Airbag are not conditionally related under PropCost,0
DrivingSkill and Airbag are not conditionally related under OtherCarCost,0
DrivingSkill and Airbag are not conditionally related under OtherCar,0
DrivingSkill and Airbag are conditionally related under MedCost,1
DrivingSkill and Airbag are not conditionally related under Cushioning,0
DrivingSkill and Airbag are not conditionally related under ILiCost,0
DrivingSkill and Airbag are not conditionally related under DrivHist,0
DrivingSkill and ILiCost are related,1
DrivingSkill and DrivHist are related,1
SeniorTrain and GoodStudent are conditionally related under Age,1
SeniorTrain and GoodStudent are conditionally related under SocioEcon,1
SeniorTrain and GoodStudent are not conditionally related under RiskAversion,0
SeniorTrain and GoodStudent are not conditionally related under VehicleYear,0
SeniorTrain and GoodStudent are not conditionally related under ThisCarDam,0
SeniorTrain and GoodStudent are not conditionally related under RuggedAuto,0
SeniorTrain and GoodStudent are not conditionally related under Accident,0
SeniorTrain and GoodStudent are not conditionally related under MakeModel,0
SeniorTrain and GoodStudent are not conditionally related under DrivQuality,0
SeniorTrain and GoodStudent are not conditionally related under Mileage,0
SeniorTrain and GoodStudent are not conditionally related under Antilock,0
SeniorTrain and GoodStudent are not conditionally related under DrivingSkill,0
SeniorTrain and GoodStudent are not conditionally related under ThisCarCost,0
SeniorTrain and GoodStudent are not conditionally related under Theft,0
SeniorTrain and GoodStudent are not conditionally related under CarValue,0
SeniorTrain and GoodStudent are not conditionally related under HomeBase,0
SeniorTrain and GoodStudent are not conditionally related under AntiTheft,0
SeniorTrain and GoodStudent are not conditionally related under PropCost,0
SeniorTrain and GoodStudent are not conditionally related under OtherCarCost,0
SeniorTrain and GoodStudent are not conditionally related under OtherCar,0
SeniorTrain and GoodStudent are not conditionally related under MedCost,0
SeniorTrain and GoodStudent are not conditionally related under Cushioning,0
SeniorTrain and GoodStudent are not conditionally related under Airbag,0
SeniorTrain and GoodStudent are not conditionally related under ILiCost,0
SeniorTrain and GoodStudent are not conditionally related under DrivHist,0
SeniorTrain and Age are related,1
SeniorTrain and SocioEcon are related,1
SeniorTrain and RiskAversion are related,1
SeniorTrain and VehicleYear are not conditionally related under GoodStudent,0
SeniorTrain and VehicleYear are conditionally related under Age,1
SeniorTrain and VehicleYear are conditionally related under SocioEcon,1
SeniorTrain and VehicleYear are conditionally related under RiskAversion,1
SeniorTrain and VehicleYear are conditionally related under ThisCarDam,1
SeniorTrain and VehicleYear are not conditionally related under RuggedAuto,0
SeniorTrain and VehicleYear are conditionally related under Accident,1
SeniorTrain and VehicleYear are not conditionally related under MakeModel,0
SeniorTrain and VehicleYear are not conditionally related under DrivQuality,0
SeniorTrain and VehicleYear are not conditionally related under Mileage,0
SeniorTrain and VehicleYear are not conditionally related under Antilock,0
SeniorTrain and VehicleYear are not conditionally related under DrivingSkill,0
SeniorTrain and VehicleYear are conditionally related under ThisCarCost,1
SeniorTrain and VehicleYear are not conditionally related under Theft,0
SeniorTrain and VehicleYear are not conditionally related under CarValue,0
SeniorTrain and VehicleYear are not conditionally related under HomeBase,0
SeniorTrain and VehicleYear are not conditionally related under AntiTheft,0
SeniorTrain and VehicleYear are conditionally related under PropCost,1
SeniorTrain and VehicleYear are conditionally related under OtherCarCost,1
SeniorTrain and VehicleYear are not conditionally related under OtherCar,0
SeniorTrain and VehicleYear are conditionally related under MedCost,1
SeniorTrain and VehicleYear are not conditionally related under Cushioning,0
SeniorTrain and VehicleYear are not conditionally related under Airbag,0
SeniorTrain and VehicleYear are conditionally related under ILiCost,1
SeniorTrain and VehicleYear are not conditionally related under DrivHist,0
SeniorTrain and ThisCarDam are related,1
SeniorTrain and RuggedAuto are not conditionally related under GoodStudent,0
SeniorTrain and RuggedAuto are conditionally related under Age,1
SeniorTrain and RuggedAuto are conditionally related under SocioEcon,1
SeniorTrain and RuggedAuto are conditionally related under RiskAversion,1
SeniorTrain and RuggedAuto are not conditionally related under VehicleYear,0
SeniorTrain and RuggedAuto are conditionally related under ThisCarDam,1
SeniorTrain and RuggedAuto are not conditionally related under Accident,0
SeniorTrain and RuggedAuto are not conditionally related under MakeModel,0
SeniorTrain and RuggedAuto are not conditionally related under DrivQuality,0
SeniorTrain and RuggedAuto are not conditionally related under Mileage,0
SeniorTrain and RuggedAuto are not conditionally related under Antilock,0
SeniorTrain and RuggedAuto are not conditionally related under DrivingSkill,0
SeniorTrain and RuggedAuto are conditionally related under ThisCarCost,1
SeniorTrain and RuggedAuto are not conditionally related under Theft,0
SeniorTrain and RuggedAuto are not conditionally related under CarValue,0
SeniorTrain and RuggedAuto are not conditionally related under HomeBase,0
SeniorTrain and RuggedAuto are not conditionally related under AntiTheft,0
SeniorTrain and RuggedAuto are conditionally related under PropCost,1
SeniorTrain and RuggedAuto are conditionally related under OtherCarCost,1
SeniorTrain and RuggedAuto are not conditionally related under OtherCar,0
SeniorTrain and RuggedAuto are conditionally related under MedCost,1
SeniorTrain and RuggedAuto are not conditionally related under Cushioning,0
SeniorTrain and RuggedAuto are not conditionally related under Airbag,0
SeniorTrain and RuggedAuto are not conditionally related under ILiCost,0
SeniorTrain and RuggedAuto are not conditionally related under DrivHist,0
SeniorTrain and Accident are related,1
SeniorTrain and MakeModel are not conditionally related under GoodStudent,0
SeniorTrain and MakeModel are conditionally related under Age,1
SeniorTrain and MakeModel are conditionally related under SocioEcon,1
SeniorTrain and MakeModel are conditionally related under RiskAversion,1
SeniorTrain and MakeModel are not conditionally related under VehicleYear,0
SeniorTrain and MakeModel are conditionally related under ThisCarDam,1
SeniorTrain and MakeModel are not conditionally related under RuggedAuto,0
SeniorTrain and MakeModel are conditionally related under Accident,1
SeniorTrain and MakeModel are not conditionally related under DrivQuality,0
SeniorTrain and MakeModel are not conditionally related under Mileage,0
SeniorTrain and MakeModel are not conditionally related under Antilock,0
SeniorTrain and MakeModel are not conditionally related under DrivingSkill,0
SeniorTrain and MakeModel are conditionally related under ThisCarCost,1
SeniorTrain and MakeModel are not conditionally related under Theft,0
SeniorTrain and MakeModel are not conditionally related under CarValue,0
SeniorTrain and MakeModel are not conditionally related under HomeBase,0
SeniorTrain and MakeModel are not conditionally related under AntiTheft,0
SeniorTrain and MakeModel are conditionally related under PropCost,1
SeniorTrain and MakeModel are conditionally related under OtherCarCost,1
SeniorTrain and MakeModel are not conditionally related under OtherCar,0
SeniorTrain and MakeModel are conditionally related under MedCost,1
SeniorTrain and MakeModel are not conditionally related under Cushioning,0
SeniorTrain and MakeModel are not conditionally related under Airbag,0
SeniorTrain and MakeModel are conditionally related under ILiCost,1
SeniorTrain and MakeModel are not conditionally related under DrivHist,0
SeniorTrain and DrivQuality are related,1
SeniorTrain and Mileage are not conditionally related under GoodStudent,0
SeniorTrain and Mileage are not conditionally related under Age,0
SeniorTrain and Mileage are not conditionally related under SocioEcon,0
SeniorTrain and Mileage are not conditionally related under RiskAversion,0
SeniorTrain and Mileage are not conditionally related under VehicleYear,0
SeniorTrain and Mileage are conditionally related under ThisCarDam,1
SeniorTrain and Mileage are not conditionally related under RuggedAuto,0
SeniorTrain and Mileage are conditionally related under Accident,1
SeniorTrain and Mileage are not conditionally related under MakeModel,0
SeniorTrain and Mileage are not conditionally related under DrivQuality,0
SeniorTrain and Mileage are not conditionally related under Antilock,0
SeniorTrain and Mileage are not conditionally related under DrivingSkill,0
SeniorTrain and Mileage are conditionally related under ThisCarCost,1
SeniorTrain and Mileage are not conditionally related under Theft,0
SeniorTrain and Mileage are not conditionally related under CarValue,0
SeniorTrain and Mileage are not conditionally related under HomeBase,0
SeniorTrain and Mileage are not conditionally related under AntiTheft,0
SeniorTrain and Mileage are conditionally related under PropCost,1
SeniorTrain and Mileage are conditionally related under OtherCarCost,1
SeniorTrain and Mileage are not conditionally related under OtherCar,0
SeniorTrain and Mileage are conditionally related under MedCost,1
SeniorTrain and Mileage are not conditionally related under Cushioning,0
SeniorTrain and Mileage are not conditionally related under Airbag,0
SeniorTrain and Mileage are conditionally related under ILiCost,1
SeniorTrain and Mileage are not conditionally related under DrivHist,0
SeniorTrain and Antilock are not conditionally related under GoodStudent,0
SeniorTrain and Antilock are conditionally related under Age,1
SeniorTrain and Antilock are conditionally related under SocioEcon,1
SeniorTrain and Antilock are conditionally related under RiskAversion,1
SeniorTrain and Antilock are not conditionally related under VehicleYear,0
SeniorTrain and Antilock are conditionally related under ThisCarDam,1
SeniorTrain and Antilock are not conditionally related under RuggedAuto,0
SeniorTrain and Antilock are conditionally related under Accident,1
SeniorTrain and Antilock are not conditionally related under MakeModel,0
SeniorTrain and Antilock are not conditionally related under DrivQuality,0
SeniorTrain and Antilock are not conditionally related under Mileage,0
SeniorTrain and Antilock are not conditionally related under DrivingSkill,0
SeniorTrain and Antilock are conditionally related under ThisCarCost,1
SeniorTrain and Antilock are not conditionally related under Theft,0
SeniorTrain and Antilock are not conditionally related under CarValue,0
SeniorTrain and Antilock are not conditionally related under HomeBase,0
SeniorTrain and Antilock are not conditionally related under AntiTheft,0
SeniorTrain and Antilock are conditionally related under PropCost,1
SeniorTrain and Antilock are conditionally related under OtherCarCost,1
SeniorTrain and Antilock are not conditionally related under OtherCar,0
SeniorTrain and Antilock are conditionally related under MedCost,1
SeniorTrain and Antilock are not conditionally related under Cushioning,0
SeniorTrain and Antilock are not conditionally related under Airbag,0
SeniorTrain and Antilock are conditionally related under ILiCost,1
SeniorTrain and Antilock are not conditionally related under DrivHist,0
SeniorTrain and DrivingSkill are related,1
SeniorTrain and ThisCarCost are related,1
SeniorTrain and Theft are not conditionally related under GoodStudent,0
SeniorTrain and Theft are conditionally related under Age,1
SeniorTrain and Theft are conditionally related under SocioEcon,1
SeniorTrain and Theft are conditionally related under RiskAversion,1
SeniorTrain and Theft are not conditionally related under VehicleYear,0
SeniorTrain and Theft are not conditionally related under ThisCarDam,0
SeniorTrain and Theft are not conditionally related under RuggedAuto,0
SeniorTrain and Theft are not conditionally related under Accident,0
SeniorTrain and Theft are not conditionally related under MakeModel,0
SeniorTrain and Theft are not conditionally related under DrivQuality,0
SeniorTrain and Theft are not conditionally related under Mileage,0
SeniorTrain and Theft are not conditionally related under Antilock,0
SeniorTrain and Theft are not conditionally related under DrivingSkill,0
SeniorTrain and Theft are conditionally related under ThisCarCost,1
SeniorTrain and Theft are not conditionally related under CarValue,0
SeniorTrain and Theft are not conditionally related under HomeBase,0
SeniorTrain and Theft are not conditionally related under AntiTheft,0
SeniorTrain and Theft are conditionally related under PropCost,1
SeniorTrain and Theft are not conditionally related under OtherCarCost,0
SeniorTrain and Theft are not conditionally related under OtherCar,0
SeniorTrain and Theft are not conditionally related under MedCost,0
SeniorTrain and Theft are not conditionally related under Cushioning,0
SeniorTrain and Theft are not conditionally related under Airbag,0
SeniorTrain and Theft are not conditionally related under ILiCost,0
SeniorTrain and Theft are not conditionally related under DrivHist,0
SeniorTrain and CarValue are not conditionally related under GoodStudent,0
SeniorTrain and CarValue are conditionally related under Age,1
SeniorTrain and CarValue are conditionally related under SocioEcon,1
SeniorTrain and CarValue are conditionally related under RiskAversion,1
SeniorTrain and CarValue are not conditionally related under VehicleYear,0
SeniorTrain and CarValue are not conditionally related under ThisCarDam,0
SeniorTrain and CarValue are not conditionally related under RuggedAuto,0
SeniorTrain and CarValue are not conditionally related under Accident,0
SeniorTrain and CarValue are not conditionally related under MakeModel,0
SeniorTrain and CarValue are not conditionally related under DrivQuality,0
SeniorTrain and CarValue are not conditionally related under Mileage,0
SeniorTrain and CarValue are not conditionally related under Antilock,0
SeniorTrain and CarValue are not conditionally related under DrivingSkill,0
SeniorTrain and CarValue are conditionally related under ThisCarCost,1
SeniorTrain and CarValue are not conditionally related under Theft,0
SeniorTrain and CarValue are not conditionally related under HomeBase,0
SeniorTrain and CarValue are not conditionally related under AntiTheft,0
SeniorTrain and CarValue are conditionally related under PropCost,1
SeniorTrain and CarValue are not conditionally related under OtherCarCost,0
SeniorTrain and CarValue are not conditionally related under OtherCar,0
SeniorTrain and CarValue are not conditionally related under MedCost,0
SeniorTrain and CarValue are not conditionally related under Cushioning,0
SeniorTrain and CarValue are not conditionally related under Airbag,0
SeniorTrain and CarValue are not conditionally related under ILiCost,0
SeniorTrain and CarValue are not conditionally related under DrivHist,0
SeniorTrain and HomeBase are not conditionally related under GoodStudent,0
SeniorTrain and HomeBase are conditionally related under Age,1
SeniorTrain and HomeBase are conditionally related under SocioEcon,1
SeniorTrain and HomeBase are conditionally related under RiskAversion,1
SeniorTrain and HomeBase are not conditionally related under VehicleYear,0
SeniorTrain and HomeBase are not conditionally related under ThisCarDam,0
SeniorTrain and HomeBase are not conditionally related under RuggedAuto,0
SeniorTrain and HomeBase are not conditionally related under Accident,0
SeniorTrain and HomeBase are not conditionally related under MakeModel,0
SeniorTrain and HomeBase are not conditionally related under DrivQuality,0
SeniorTrain and HomeBase are not conditionally related under Mileage,0
SeniorTrain and HomeBase are not conditionally related under Antilock,0
SeniorTrain and HomeBase are not conditionally related under DrivingSkill,0
SeniorTrain and HomeBase are conditionally related under ThisCarCost,1
SeniorTrain and HomeBase are not conditionally related under Theft,0
SeniorTrain and HomeBase are not conditionally related under CarValue,0
SeniorTrain and HomeBase are not conditionally related under AntiTheft,0
SeniorTrain and HomeBase are conditionally related under PropCost,1
SeniorTrain and HomeBase are not conditionally related under OtherCarCost,0
SeniorTrain and HomeBase are not conditionally related under OtherCar,0
SeniorTrain and HomeBase are not conditionally related under MedCost,0
SeniorTrain and HomeBase are not conditionally related under Cushioning,0
SeniorTrain and HomeBase are not conditionally related under Airbag,0
SeniorTrain and HomeBase are not conditionally related under ILiCost,0
SeniorTrain and HomeBase are not conditionally related under DrivHist,0
SeniorTrain and AntiTheft are not conditionally related under GoodStudent,0
SeniorTrain and AntiTheft are conditionally related under Age,1
SeniorTrain and AntiTheft are conditionally related under SocioEcon,1
SeniorTrain and AntiTheft are conditionally related under RiskAversion,1
SeniorTrain and AntiTheft are not conditionally related under VehicleYear,0
SeniorTrain and AntiTheft are not conditionally related under ThisCarDam,0
SeniorTrain and AntiTheft are not conditionally related under RuggedAuto,0
SeniorTrain and AntiTheft are not conditionally related under Accident,0
SeniorTrain and AntiTheft are not conditionally related under MakeModel,0
SeniorTrain and AntiTheft are not conditionally related under DrivQuality,0
SeniorTrain and AntiTheft are not conditionally related under Mileage,0
SeniorTrain and AntiTheft are not conditionally related under Antilock,0
SeniorTrain and AntiTheft are not conditionally related under DrivingSkill,0
SeniorTrain and AntiTheft are conditionally related under ThisCarCost,1
SeniorTrain and AntiTheft are not conditionally related under Theft,0
SeniorTrain and AntiTheft are not conditionally related under CarValue,0
SeniorTrain and AntiTheft are not conditionally related under HomeBase,0
SeniorTrain and AntiTheft are conditionally related under PropCost,1
SeniorTrain and AntiTheft are not conditionally related under OtherCarCost,0
SeniorTrain and AntiTheft are not conditionally related under OtherCar,0
SeniorTrain and AntiTheft are not conditionally related under MedCost,0
SeniorTrain and AntiTheft are not conditionally related under Cushioning,0
SeniorTrain and AntiTheft are not conditionally related under Airbag,0
SeniorTrain and AntiTheft are not conditionally related under ILiCost,0
SeniorTrain and AntiTheft are not conditionally related under DrivHist,0
SeniorTrain and PropCost are related,1
SeniorTrain and OtherCarCost are related,1
SeniorTrain and OtherCar are not conditionally related under GoodStudent,0
SeniorTrain and OtherCar are conditionally related under Age,1
SeniorTrain and OtherCar are conditionally related under SocioEcon,1
SeniorTrain and OtherCar are not conditionally related under RiskAversion,0
SeniorTrain and OtherCar are not conditionally related under VehicleYear,0
SeniorTrain and OtherCar are not conditionally related under ThisCarDam,0
SeniorTrain and OtherCar are not conditionally related under RuggedAuto,0
SeniorTrain and OtherCar are not conditionally related under Accident,0
SeniorTrain and OtherCar are not conditionally related under MakeModel,0
SeniorTrain and OtherCar are not conditionally related under DrivQuality,0
SeniorTrain and OtherCar are not conditionally related under Mileage,0
SeniorTrain and OtherCar are not conditionally related under Antilock,0
SeniorTrain and OtherCar are not conditionally related under DrivingSkill,0
SeniorTrain and OtherCar are not conditionally related under ThisCarCost,0
SeniorTrain and OtherCar are not conditionally related under Theft,0
SeniorTrain and OtherCar are not conditionally related under CarValue,0
SeniorTrain and OtherCar are not conditionally related under HomeBase,0
SeniorTrain and OtherCar are not conditionally related under AntiTheft,0
SeniorTrain and OtherCar are not conditionally related under PropCost,0
SeniorTrain and OtherCar are not conditionally related under OtherCarCost,0
SeniorTrain and OtherCar are not conditionally related under MedCost,0
SeniorTrain and OtherCar are not conditionally related under Cushioning,0
SeniorTrain and OtherCar are not conditionally related under Airbag,0
SeniorTrain and OtherCar are not conditionally related under ILiCost,0
SeniorTrain and OtherCar are not conditionally related under DrivHist,0
SeniorTrain and MedCost are related,1
SeniorTrain and Cushioning are not conditionally related under GoodStudent,0
SeniorTrain and Cushioning are conditionally related under Age,1
SeniorTrain and Cushioning are conditionally related under SocioEcon,1
SeniorTrain and Cushioning are conditionally related under RiskAversion,1
SeniorTrain and Cushioning are not conditionally related under VehicleYear,0
SeniorTrain and Cushioning are not conditionally related under ThisCarDam,0
SeniorTrain and Cushioning are not conditionally related under RuggedAuto,0
SeniorTrain and Cushioning are not conditionally related under Accident,0
SeniorTrain and Cushioning are not conditionally related under MakeModel,0
SeniorTrain and Cushioning are not conditionally related under DrivQuality,0
SeniorTrain and Cushioning are not conditionally related under Mileage,0
SeniorTrain and Cushioning are not conditionally related under Antilock,0
SeniorTrain and Cushioning are not conditionally related under DrivingSkill,0
SeniorTrain and Cushioning are not conditionally related under ThisCarCost,0
SeniorTrain and Cushioning are not conditionally related under Theft,0
SeniorTrain and Cushioning are not conditionally related under CarValue,0
SeniorTrain and Cushioning are not conditionally related under HomeBase,0
SeniorTrain and Cushioning are not conditionally related under AntiTheft,0
SeniorTrain and Cushioning are not conditionally related under PropCost,0
SeniorTrain and Cushioning are not conditionally related under OtherCarCost,0
SeniorTrain and Cushioning are not conditionally related under OtherCar,0
SeniorTrain and Cushioning are conditionally related under MedCost,1
SeniorTrain and Cushioning are not conditionally related under Airbag,0
SeniorTrain and Cushioning are not conditionally related under ILiCost,0
SeniorTrain and Cushioning are not conditionally related under DrivHist,0
SeniorTrain and Airbag are not conditionally related under GoodStudent,0
SeniorTrain and Airbag are conditionally related under Age,1
SeniorTrain and Airbag are conditionally related under SocioEcon,1
SeniorTrain and Airbag are conditionally related under RiskAversion,1
SeniorTrain and Airbag are not conditionally related under VehicleYear,0
SeniorTrain and Airbag are not conditionally related under ThisCarDam,0
SeniorTrain and Airbag are not conditionally related under RuggedAuto,0
SeniorTrain and Airbag are not conditionally related under Accident,0
SeniorTrain and Airbag are not conditionally related under MakeModel,0
SeniorTrain and Airbag are not conditionally related under DrivQuality,0
SeniorTrain and Airbag are not conditionally related under Mileage,0
SeniorTrain and Airbag are not conditionally related under Antilock,0
SeniorTrain and Airbag are not conditionally related under DrivingSkill,0
SeniorTrain and Airbag are not conditionally related under ThisCarCost,0
SeniorTrain and Airbag are not conditionally related under Theft,0
SeniorTrain and Airbag are not conditionally related under CarValue,0
SeniorTrain and Airbag are not conditionally related under HomeBase,0
SeniorTrain and Airbag are not conditionally related under AntiTheft,0
SeniorTrain and Airbag are not conditionally related under PropCost,0
SeniorTrain and Airbag are not conditionally related under OtherCarCost,0
SeniorTrain and Airbag are not conditionally related under OtherCar,0
SeniorTrain and Airbag are conditionally related under MedCost,1
SeniorTrain and Airbag are not conditionally related under Cushioning,0
SeniorTrain and Airbag are not conditionally related under ILiCost,0
SeniorTrain and Airbag are not conditionally related under DrivHist,0
SeniorTrain and ILiCost are related,1
SeniorTrain and DrivHist are related,1
ThisCarCost and GoodStudent are conditionally related under Age,1
ThisCarCost and GoodStudent are conditionally related under SocioEcon,1
ThisCarCost and GoodStudent are not conditionally related under RiskAversion,0
ThisCarCost and GoodStudent are not conditionally related under VehicleYear,0
ThisCarCost and GoodStudent are not conditionally related under ThisCarDam,0
ThisCarCost and GoodStudent are not conditionally related under RuggedAuto,0
ThisCarCost and GoodStudent are not conditionally related under Accident,0
ThisCarCost and GoodStudent are not conditionally related under MakeModel,0
ThisCarCost and GoodStudent are not conditionally related under DrivQuality,0
ThisCarCost and GoodStudent are not conditionally related under Mileage,0
ThisCarCost and GoodStudent are not conditionally related under Antilock,0
ThisCarCost and GoodStudent are not conditionally related under DrivingSkill,0
ThisCarCost and GoodStudent are not conditionally related under SeniorTrain,0
ThisCarCost and GoodStudent are not conditionally related under Theft,0
ThisCarCost and GoodStudent are not conditionally related under CarValue,0
ThisCarCost and GoodStudent are not conditionally related under HomeBase,0
ThisCarCost and GoodStudent are not conditionally related under AntiTheft,0
ThisCarCost and GoodStudent are not conditionally related under PropCost,0
ThisCarCost and GoodStudent are not conditionally related under OtherCarCost,0
ThisCarCost and GoodStudent are not conditionally related under OtherCar,0
ThisCarCost and GoodStudent are not conditionally related under MedCost,0
ThisCarCost and GoodStudent are not conditionally related under Cushioning,0
ThisCarCost and GoodStudent are not conditionally related under Airbag,0
ThisCarCost and GoodStudent are not conditionally related under ILiCost,0
ThisCarCost and GoodStudent are not conditionally related under DrivHist,0
ThisCarCost and Age are related,1
ThisCarCost and SocioEcon are related,1
ThisCarCost and RiskAversion are related,1
ThisCarCost and VehicleYear are related,1
ThisCarCost and ThisCarDam are related,1
ThisCarCost and RuggedAuto are related,1
ThisCarCost and Accident are related,1
ThisCarCost and MakeModel are related,1
ThisCarCost and DrivQuality are related,1
ThisCarCost and Mileage are related,1
ThisCarCost and Antilock are related,1
ThisCarCost and DrivingSkill are related,1
ThisCarCost and SeniorTrain are related,1
ThisCarCost and Theft are related,1
ThisCarCost and CarValue are related,1
ThisCarCost and HomeBase are related,1
ThisCarCost and AntiTheft are related,1
ThisCarCost and PropCost are related,1
ThisCarCost and OtherCarCost are not conditionally related under GoodStudent,0
ThisCarCost and OtherCarCost are conditionally related under Age,1
ThisCarCost and OtherCarCost are conditionally related under SocioEcon,1
ThisCarCost and OtherCarCost are conditionally related under RiskAversion,1
ThisCarCost and OtherCarCost are conditionally related under VehicleYear,1
ThisCarCost and OtherCarCost are not conditionally related under ThisCarDam,0
ThisCarCost and OtherCarCost are conditionally related under RuggedAuto,1
ThisCarCost and OtherCarCost are conditionally related under Accident,1
ThisCarCost and OtherCarCost are conditionally related under MakeModel,1
ThisCarCost and OtherCarCost are conditionally related under DrivQuality,1
ThisCarCost and OtherCarCost are conditionally related under Mileage,1
ThisCarCost and OtherCarCost are conditionally related under Antilock,1
ThisCarCost and OtherCarCost are conditionally related under DrivingSkill,1
ThisCarCost and OtherCarCost are conditionally related under SeniorTrain,1
ThisCarCost and OtherCarCost are not conditionally related under Theft,0
ThisCarCost and OtherCarCost are not conditionally related under CarValue,0
ThisCarCost and OtherCarCost are not conditionally related under HomeBase,0
ThisCarCost and OtherCarCost are not conditionally related under AntiTheft,0
ThisCarCost and OtherCarCost are conditionally related under PropCost,1
ThisCarCost and OtherCarCost are not conditionally related under OtherCar,0
ThisCarCost and OtherCarCost are not conditionally related under MedCost,0
ThisCarCost and OtherCarCost are not conditionally related under Cushioning,0
ThisCarCost and OtherCarCost are not conditionally related under Airbag,0
ThisCarCost and OtherCarCost are not conditionally related under ILiCost,0
ThisCarCost and OtherCarCost are not conditionally related under DrivHist,0
ThisCarCost and OtherCar are not conditionally related under GoodStudent,0
ThisCarCost and OtherCar are conditionally related under Age,1
ThisCarCost and OtherCar are conditionally related under SocioEcon,1
ThisCarCost and OtherCar are not conditionally related under RiskAversion,0
ThisCarCost and OtherCar are not conditionally related under VehicleYear,0
ThisCarCost and OtherCar are not conditionally related under ThisCarDam,0
ThisCarCost and OtherCar are not conditionally related under RuggedAuto,0
ThisCarCost and OtherCar are not conditionally related under Accident,0
ThisCarCost and OtherCar are not conditionally related under MakeModel,0
ThisCarCost and OtherCar are not conditionally related under DrivQuality,0
ThisCarCost and OtherCar are not conditionally related under Mileage,0
ThisCarCost and OtherCar are not conditionally related under Antilock,0
ThisCarCost and OtherCar are not conditionally related under DrivingSkill,0
ThisCarCost and OtherCar are not conditionally related under SeniorTrain,0
ThisCarCost and OtherCar are not conditionally related under Theft,0
ThisCarCost and OtherCar are not conditionally related under CarValue,0
ThisCarCost and OtherCar are not conditionally related under HomeBase,0
ThisCarCost and OtherCar are not conditionally related under AntiTheft,0
ThisCarCost and OtherCar are not conditionally related under PropCost,0
ThisCarCost and OtherCar are not conditionally related under OtherCarCost,0
ThisCarCost and OtherCar are not conditionally related under MedCost,0
ThisCarCost and OtherCar are not conditionally related under Cushioning,0
ThisCarCost and OtherCar are not conditionally related under Airbag,0
ThisCarCost and OtherCar are not conditionally related under ILiCost,0
ThisCarCost and OtherCar are not conditionally related under DrivHist,0
ThisCarCost and MedCost are not conditionally related under GoodStudent,0
ThisCarCost and MedCost are conditionally related under Age,1
ThisCarCost and MedCost are conditionally related under SocioEcon,1
ThisCarCost and MedCost are conditionally related under RiskAversion,1
ThisCarCost and MedCost are conditionally related under VehicleYear,1
ThisCarCost and MedCost are not conditionally related under ThisCarDam,0
ThisCarCost and MedCost are conditionally related under RuggedAuto,1
ThisCarCost and MedCost are conditionally related under Accident,1
ThisCarCost and MedCost are conditionally related under MakeModel,1
ThisCarCost and MedCost are conditionally related under DrivQuality,1
ThisCarCost and MedCost are conditionally related under Mileage,1
ThisCarCost and MedCost are conditionally related under Antilock,1
ThisCarCost and MedCost are conditionally related under DrivingSkill,1
ThisCarCost and MedCost are conditionally related under SeniorTrain,1
ThisCarCost and MedCost are not conditionally related under Theft,0
ThisCarCost and MedCost are not conditionally related under CarValue,0
ThisCarCost and MedCost are not conditionally related under HomeBase,0
ThisCarCost and MedCost are not conditionally related under AntiTheft,0
ThisCarCost and MedCost are not conditionally related under PropCost,0
ThisCarCost and MedCost are not conditionally related under OtherCarCost,0
ThisCarCost and MedCost are not conditionally related under OtherCar,0
ThisCarCost and MedCost are not conditionally related under Cushioning,0
ThisCarCost and MedCost are not conditionally related under Airbag,0
ThisCarCost and MedCost are not conditionally related under ILiCost,0
ThisCarCost and MedCost are not conditionally related under DrivHist,0
ThisCarCost and Cushioning are not conditionally related under GoodStudent,0
ThisCarCost and Cushioning are conditionally related under Age,1
ThisCarCost and Cushioning are conditionally related under SocioEcon,1
ThisCarCost and Cushioning are conditionally related under RiskAversion,1
ThisCarCost and Cushioning are conditionally related under VehicleYear,1
ThisCarCost and Cushioning are not conditionally related under ThisCarDam,0
ThisCarCost and Cushioning are conditionally related under RuggedAuto,1
ThisCarCost and Cushioning are not conditionally related under Accident,0
ThisCarCost and Cushioning are conditionally related under MakeModel,1
ThisCarCost and Cushioning are not conditionally related under DrivQuality,0
ThisCarCost and Cushioning are not conditionally related under Mileage,0
ThisCarCost and Cushioning are not conditionally related under Antilock,0
ThisCarCost and Cushioning are not conditionally related under DrivingSkill,0
ThisCarCost and Cushioning are not conditionally related under SeniorTrain,0
ThisCarCost and Cushioning are not conditionally related under Theft,0
ThisCarCost and Cushioning are not conditionally related under CarValue,0
ThisCarCost and Cushioning are not conditionally related under HomeBase,0
ThisCarCost and Cushioning are not conditionally related under AntiTheft,0
ThisCarCost and Cushioning are not conditionally related under PropCost,0
ThisCarCost and Cushioning are not conditionally related under OtherCarCost,0
ThisCarCost and Cushioning are not conditionally related under OtherCar,0
ThisCarCost and Cushioning are not conditionally related under MedCost,0
ThisCarCost and Cushioning are not conditionally related under Airbag,0
ThisCarCost and Cushioning are not conditionally related under ILiCost,0
ThisCarCost and Cushioning are not conditionally related under DrivHist,0
ThisCarCost and Airbag are not conditionally related under GoodStudent,0
ThisCarCost and Airbag are conditionally related under Age,1
ThisCarCost and Airbag are conditionally related under SocioEcon,1
ThisCarCost and Airbag are conditionally related under RiskAversion,1
ThisCarCost and Airbag are conditionally related under VehicleYear,1
ThisCarCost and Airbag are not conditionally related under ThisCarDam,0
ThisCarCost and Airbag are not conditionally related under RuggedAuto,0
ThisCarCost and Airbag are not conditionally related under Accident,0
ThisCarCost and Airbag are conditionally related under MakeModel,1
ThisCarCost and Airbag are not conditionally related under DrivQuality,0
ThisCarCost and Airbag are not conditionally related under Mileage,0
ThisCarCost and Airbag are not conditionally related under Antilock,0
ThisCarCost and Airbag are not conditionally related under DrivingSkill,0
ThisCarCost and Airbag are not conditionally related under SeniorTrain,0
ThisCarCost and Airbag are not conditionally related under Theft,0
ThisCarCost and Airbag are not conditionally related under CarValue,0
ThisCarCost and Airbag are not conditionally related under HomeBase,0
ThisCarCost and Airbag are not conditionally related under AntiTheft,0
ThisCarCost and Airbag are not conditionally related under PropCost,0
ThisCarCost and Airbag are not conditionally related under OtherCarCost,0
ThisCarCost and Airbag are not conditionally related under OtherCar,0
ThisCarCost and Airbag are not conditionally related under MedCost,0
ThisCarCost and Airbag are not conditionally related under Cushioning,0
ThisCarCost and Airbag are not conditionally related under ILiCost,0
ThisCarCost and Airbag are not conditionally related under DrivHist,0
ThisCarCost and ILiCost are not conditionally related under GoodStudent,0
ThisCarCost and ILiCost are conditionally related under Age,1
ThisCarCost and ILiCost are conditionally related under SocioEcon,1
ThisCarCost and ILiCost are conditionally related under RiskAversion,1
ThisCarCost and ILiCost are conditionally related under VehicleYear,1
ThisCarCost and ILiCost are not conditionally related under ThisCarDam,0
ThisCarCost and ILiCost are not conditionally related under RuggedAuto,0
ThisCarCost and ILiCost are conditionally related under Accident,1
ThisCarCost and ILiCost are conditionally related under MakeModel,1
ThisCarCost and ILiCost are conditionally related under DrivQuality,1
ThisCarCost and ILiCost are conditionally related under Mileage,1
ThisCarCost and ILiCost are conditionally related under Antilock,1
ThisCarCost and ILiCost are conditionally related under DrivingSkill,1
ThisCarCost and ILiCost are conditionally related under SeniorTrain,1
ThisCarCost and ILiCost are not conditionally related under Theft,0
ThisCarCost and ILiCost are not conditionally related under CarValue,0
ThisCarCost and ILiCost are not conditionally related under HomeBase,0
ThisCarCost and ILiCost are not conditionally related under AntiTheft,0
ThisCarCost and ILiCost are not conditionally related under PropCost,0
ThisCarCost and ILiCost are not conditionally related under OtherCarCost,0
ThisCarCost and ILiCost are not conditionally related under OtherCar,0
ThisCarCost and ILiCost are not conditionally related under MedCost,0
ThisCarCost and ILiCost are not conditionally related under Cushioning,0
ThisCarCost and ILiCost are not conditionally related under Airbag,0
ThisCarCost and ILiCost are not conditionally related under DrivHist,0
ThisCarCost and DrivHist are not conditionally related under GoodStudent,0
ThisCarCost and DrivHist are conditionally related under Age,1
ThisCarCost and DrivHist are conditionally related under SocioEcon,1
ThisCarCost and DrivHist are conditionally related under RiskAversion,1
ThisCarCost and DrivHist are not conditionally related under VehicleYear,0
ThisCarCost and DrivHist are not conditionally related under ThisCarDam,0
ThisCarCost and DrivHist are not conditionally related under RuggedAuto,0
ThisCarCost and DrivHist are not conditionally related under Accident,0
ThisCarCost and DrivHist are not conditionally related under MakeModel,0
ThisCarCost and DrivHist are not conditionally related under DrivQuality,0
ThisCarCost and DrivHist are not conditionally related under Mileage,0
ThisCarCost and DrivHist are not conditionally related under Antilock,0
ThisCarCost and DrivHist are conditionally related under DrivingSkill,1
ThisCarCost and DrivHist are conditionally related under SeniorTrain,1
ThisCarCost and DrivHist are not conditionally related under Theft,0
ThisCarCost and DrivHist are not conditionally related under CarValue,0
ThisCarCost and DrivHist are not conditionally related under HomeBase,0
ThisCarCost and DrivHist are not conditionally related under AntiTheft,0
ThisCarCost and DrivHist are not conditionally related under PropCost,0
ThisCarCost and DrivHist are not conditionally related under OtherCarCost,0
ThisCarCost and DrivHist are not conditionally related under OtherCar,0
ThisCarCost and DrivHist are not conditionally related under MedCost,0
ThisCarCost and DrivHist are not conditionally related under Cushioning,0
ThisCarCost and DrivHist are not conditionally related under Airbag,0
ThisCarCost and DrivHist are not conditionally related under ILiCost,0
Theft and GoodStudent are conditionally related under Age,1
Theft and GoodStudent are conditionally related under SocioEcon,1
Theft and GoodStudent are not conditionally related under RiskAversion,0
Theft and GoodStudent are not conditionally related under VehicleYear,0
Theft and GoodStudent are not conditionally related under ThisCarDam,0
Theft and GoodStudent are not conditionally related under RuggedAuto,0
Theft and GoodStudent are not conditionally related under Accident,0
Theft and GoodStudent are not conditionally related under MakeModel,0
Theft and GoodStudent are not conditionally related under DrivQuality,0
Theft and GoodStudent are not conditionally related under Mileage,0
Theft and GoodStudent are not conditionally related under Antilock,0
Theft and GoodStudent are not conditionally related under DrivingSkill,0
Theft and GoodStudent are not conditionally related under SeniorTrain,0
Theft and GoodStudent are not conditionally related under ThisCarCost,0
Theft and GoodStudent are not conditionally related under CarValue,0
Theft and GoodStudent are not conditionally related under HomeBase,0
Theft and GoodStudent are not conditionally related under AntiTheft,0
Theft and GoodStudent are not conditionally related under PropCost,0
Theft and GoodStudent are not conditionally related under OtherCarCost,0
Theft and GoodStudent are not conditionally related under OtherCar,0
Theft and GoodStudent are not conditionally related under MedCost,0
Theft and GoodStudent are not conditionally related under Cushioning,0
Theft and GoodStudent are not conditionally related under Airbag,0
Theft and GoodStudent are not conditionally related under ILiCost,0
Theft and GoodStudent are not conditionally related under DrivHist,0
Theft and Age are related,1
Theft and SocioEcon are related,1
Theft and RiskAversion are related,1
Theft and VehicleYear are related,1
Theft and ThisCarDam are not conditionally related under GoodStudent,0
Theft and ThisCarDam are conditionally related under Age,1
Theft and ThisCarDam are conditionally related under SocioEcon,1
Theft and ThisCarDam are conditionally related under RiskAversion,1
Theft and ThisCarDam are conditionally related under VehicleYear,1
Theft and ThisCarDam are not conditionally related under RuggedAuto,0
Theft and ThisCarDam are not conditionally related under Accident,0
Theft and ThisCarDam are conditionally related under MakeModel,1
Theft and ThisCarDam are not conditionally related under DrivQuality,0
Theft and ThisCarDam are conditionally related under Mileage,1
Theft and ThisCarDam are not conditionally related under Antilock,0
Theft and ThisCarDam are not conditionally related under DrivingSkill,0
Theft and ThisCarDam are not conditionally related under SeniorTrain,0
Theft and ThisCarDam are conditionally related under ThisCarCost,1
Theft and ThisCarDam are not conditionally related under CarValue,0
Theft and ThisCarDam are not conditionally related under HomeBase,0
Theft and ThisCarDam are not conditionally related under AntiTheft,0
Theft and ThisCarDam are conditionally related under PropCost,1
Theft and ThisCarDam are not conditionally related under OtherCarCost,0
Theft and ThisCarDam are not conditionally related under OtherCar,0
Theft and ThisCarDam are not conditionally related under MedCost,0
Theft and ThisCarDam are not conditionally related under Cushioning,0
Theft and ThisCarDam are not conditionally related under Airbag,0
Theft and ThisCarDam are not conditionally related under ILiCost,0
Theft and ThisCarDam are not conditionally related under DrivHist,0
Theft and RuggedAuto are not conditionally related under GoodStudent,0
Theft and RuggedAuto are conditionally related under Age,1
Theft and RuggedAuto are conditionally related under SocioEcon,1
Theft and RuggedAuto are conditionally related under RiskAversion,1
Theft and RuggedAuto are conditionally related under VehicleYear,1
Theft and RuggedAuto are not conditionally related under ThisCarDam,0
Theft and RuggedAuto are not conditionally related under Accident,0
Theft and RuggedAuto are conditionally related under MakeModel,1
Theft and RuggedAuto are not conditionally related under DrivQuality,0
Theft and RuggedAuto are not conditionally related under Mileage,0
Theft and RuggedAuto are not conditionally related under Antilock,0
Theft and RuggedAuto are not conditionally related under DrivingSkill,0
Theft and RuggedAuto are not conditionally related under SeniorTrain,0
Theft and RuggedAuto are conditionally related under ThisCarCost,1
Theft and RuggedAuto are not conditionally related under CarValue,0
Theft and RuggedAuto are not conditionally related under HomeBase,0
Theft and RuggedAuto are not conditionally related under AntiTheft,0
Theft and RuggedAuto are conditionally related under PropCost,1
Theft and RuggedAuto are not conditionally related under OtherCarCost,0
Theft and RuggedAuto are not conditionally related under OtherCar,0
Theft and RuggedAuto are not conditionally related under MedCost,0
Theft and RuggedAuto are not conditionally related under Cushioning,0
Theft and RuggedAuto are not conditionally related under Airbag,0
Theft and RuggedAuto are not conditionally related under ILiCost,0
Theft and RuggedAuto are not conditionally related under DrivHist,0
Theft and Accident are not conditionally related under GoodStudent,0
Theft and Accident are conditionally related under Age,1
Theft and Accident are conditionally related under SocioEcon,1
Theft and Accident are conditionally related under RiskAversion,1
Theft and Accident are conditionally related under VehicleYear,1
Theft and Accident are not conditionally related under ThisCarDam,0
Theft and Accident are not conditionally related under RuggedAuto,0
Theft and Accident are conditionally related under MakeModel,1
Theft and Accident are not conditionally related under DrivQuality,0
Theft and Accident are conditionally related under Mileage,1
Theft and Accident are not conditionally related under Antilock,0
Theft and Accident are not conditionally related under DrivingSkill,0
Theft and Accident are not conditionally related under SeniorTrain,0
Theft and Accident are conditionally related under ThisCarCost,1
Theft and Accident are not conditionally related under CarValue,0
Theft and Accident are not conditionally related under HomeBase,0
Theft and Accident are not conditionally related under AntiTheft,0
Theft and Accident are conditionally related under PropCost,1
Theft and Accident are not conditionally related under OtherCarCost,0
Theft and Accident are not conditionally related under OtherCar,0
Theft and Accident are not conditionally related under MedCost,0
Theft and Accident are not conditionally related under Cushioning,0
Theft and Accident are not conditionally related under Airbag,0
Theft and Accident are not conditionally related under ILiCost,0
Theft and Accident are not conditionally related under DrivHist,0
Theft and MakeModel are related,1
Theft and DrivQuality are not conditionally related under GoodStudent,0
Theft and DrivQuality are conditionally related under Age,1
Theft and DrivQuality are conditionally related under SocioEcon,1
Theft and DrivQuality are conditionally related under RiskAversion,1
Theft and DrivQuality are not conditionally related under VehicleYear,0
Theft and DrivQuality are not conditionally related under ThisCarDam,0
Theft and DrivQuality are not conditionally related under RuggedAuto,0
Theft and DrivQuality are not conditionally related under Accident,0
Theft and DrivQuality are not conditionally related under MakeModel,0
Theft and DrivQuality are not conditionally related under Mileage,0
Theft and DrivQuality are not conditionally related under Antilock,0
Theft and DrivQuality are not conditionally related under DrivingSkill,0
Theft and DrivQuality are not conditionally related under SeniorTrain,0
Theft and DrivQuality are conditionally related under ThisCarCost,1
Theft and DrivQuality are not conditionally related under CarValue,0
Theft and DrivQuality are not conditionally related under HomeBase,0
Theft and DrivQuality are not conditionally related under AntiTheft,0
Theft and DrivQuality are conditionally related under PropCost,1
Theft and DrivQuality are not conditionally related under OtherCarCost,0
Theft and DrivQuality are not conditionally related under OtherCar,0
Theft and DrivQuality are not conditionally related under MedCost,0
Theft and DrivQuality are not conditionally related under Cushioning,0
Theft and DrivQuality are not conditionally related under Airbag,0
Theft and DrivQuality are not conditionally related under ILiCost,0
Theft and DrivQuality are not conditionally related under DrivHist,0
Theft and Mileage are related,1
Theft and Antilock are not conditionally related under GoodStudent,0
Theft and Antilock are conditionally related under Age,1
Theft and Antilock are conditionally related under SocioEcon,1
Theft and Antilock are conditionally related under RiskAversion,1
Theft and Antilock are conditionally related under VehicleYear,1
Theft and Antilock are not conditionally related under ThisCarDam,0
Theft and Antilock are not conditionally related under RuggedAuto,0
Theft and Antilock are not conditionally related under Accident,0
Theft and Antilock are conditionally related under MakeModel,1
Theft and Antilock are not conditionally related under DrivQuality,0
Theft and Antilock are not conditionally related under Mileage,0
Theft and Antilock are not conditionally related under DrivingSkill,0
Theft and Antilock are not conditionally related under SeniorTrain,0
Theft and Antilock are conditionally related under ThisCarCost,1
Theft and Antilock are not conditionally related under CarValue,0
Theft and Antilock are not conditionally related under HomeBase,0
Theft and Antilock are not conditionally related under AntiTheft,0
Theft and Antilock are conditionally related under PropCost,1
Theft and Antilock are not conditionally related under OtherCarCost,0
Theft and Antilock are not conditionally related under OtherCar,0
Theft and Antilock are not conditionally related under MedCost,0
Theft and Antilock are not conditionally related under Cushioning,0
Theft and Antilock are not conditionally related under Airbag,0
Theft and Antilock are not conditionally related under ILiCost,0
Theft and Antilock are not conditionally related under DrivHist,0
Theft and DrivingSkill are not conditionally related under GoodStudent,0
Theft and DrivingSkill are conditionally related under Age,1
Theft and DrivingSkill are conditionally related under SocioEcon,1
Theft and DrivingSkill are conditionally related under RiskAversion,1
Theft and DrivingSkill are not conditionally related under VehicleYear,0
Theft and DrivingSkill are not conditionally related under ThisCarDam,0
Theft and DrivingSkill are not conditionally related under RuggedAuto,0
Theft and DrivingSkill are not conditionally related under Accident,0
Theft and DrivingSkill are not conditionally related under MakeModel,0
Theft and DrivingSkill are not conditionally related under DrivQuality,0
Theft and DrivingSkill are not conditionally related under Mileage,0
Theft and DrivingSkill are not conditionally related under Antilock,0
Theft and DrivingSkill are not conditionally related under SeniorTrain,0
Theft and DrivingSkill are conditionally related under ThisCarCost,1
Theft and DrivingSkill are not conditionally related under CarValue,0
Theft and DrivingSkill are not conditionally related under HomeBase,0
Theft and DrivingSkill are not conditionally related under AntiTheft,0
Theft and DrivingSkill are conditionally related under PropCost,1
Theft and DrivingSkill are not conditionally related under OtherCarCost,0
Theft and DrivingSkill are not conditionally related under OtherCar,0
Theft and DrivingSkill are not conditionally related under MedCost,0
Theft and DrivingSkill are not conditionally related under Cushioning,0
Theft and DrivingSkill are not conditionally related under Airbag,0
Theft and DrivingSkill are not conditionally related under ILiCost,0
Theft and DrivingSkill are not conditionally related under DrivHist,0
Theft and SeniorTrain are not conditionally related under GoodStudent,0
Theft and SeniorTrain are conditionally related under Age,1
Theft and SeniorTrain are conditionally related under SocioEcon,1
Theft and SeniorTrain are conditionally related under RiskAversion,1
Theft and SeniorTrain are not conditionally related under VehicleYear,0
Theft and SeniorTrain are not conditionally related under ThisCarDam,0
Theft and SeniorTrain are not conditionally related under RuggedAuto,0
Theft and SeniorTrain are not conditionally related under Accident,0
Theft and SeniorTrain are not conditionally related under MakeModel,0
Theft and SeniorTrain are not conditionally related under DrivQuality,0
Theft and SeniorTrain are not conditionally related under Mileage,0
Theft and SeniorTrain are not conditionally related under Antilock,0
Theft and SeniorTrain are not conditionally related under DrivingSkill,0
Theft and SeniorTrain are conditionally related under ThisCarCost,1
Theft and SeniorTrain are not conditionally related under CarValue,0
Theft and SeniorTrain are not conditionally related under HomeBase,0
Theft and SeniorTrain are not conditionally related under AntiTheft,0
Theft and SeniorTrain are conditionally related under PropCost,1
Theft and SeniorTrain are not conditionally related under OtherCarCost,0
Theft and SeniorTrain are not conditionally related under OtherCar,0
Theft and SeniorTrain are not conditionally related under MedCost,0
Theft and SeniorTrain are not conditionally related under Cushioning,0
Theft and SeniorTrain are not conditionally related under Airbag,0
Theft and SeniorTrain are not conditionally related under ILiCost,0
Theft and SeniorTrain are not conditionally related under DrivHist,0
Theft and ThisCarCost are related,1
Theft and CarValue are related,1
Theft and HomeBase are related,1
Theft and AntiTheft are related,1
Theft and PropCost are related,1
Theft and OtherCarCost are not conditionally related under GoodStudent,0
Theft and OtherCarCost are conditionally related under Age,1
Theft and OtherCarCost are conditionally related under SocioEcon,1
Theft and OtherCarCost are conditionally related under RiskAversion,1
Theft and OtherCarCost are conditionally related under VehicleYear,1
Theft and OtherCarCost are not conditionally related under ThisCarDam,0
Theft and OtherCarCost are not conditionally related under RuggedAuto,0
Theft and OtherCarCost are not conditionally related under Accident,0
Theft and OtherCarCost are conditionally related under MakeModel,1
Theft and OtherCarCost are not conditionally related under DrivQuality,0
Theft and OtherCarCost are conditionally related under Mileage,1
Theft and OtherCarCost are not conditionally related under Antilock,0
Theft and OtherCarCost are not conditionally related under DrivingSkill,0
Theft and OtherCarCost are not conditionally related under SeniorTrain,0
Theft and OtherCarCost are not conditionally related under ThisCarCost,0
Theft and OtherCarCost are not conditionally related under CarValue,0
Theft and OtherCarCost are not conditionally related under HomeBase,0
Theft and OtherCarCost are not conditionally related under AntiTheft,0
Theft and OtherCarCost are conditionally related under PropCost,1
Theft and OtherCarCost are not conditionally related under OtherCar,0
Theft and OtherCarCost are not conditionally related under MedCost,0
Theft and OtherCarCost are not conditionally related under Cushioning,0
Theft and OtherCarCost are not conditionally related under Airbag,0
Theft and OtherCarCost are not conditionally related under ILiCost,0
Theft and OtherCarCost are not conditionally related under DrivHist,0
Theft and OtherCar are not conditionally related under GoodStudent,0
Theft and OtherCar are conditionally related under Age,1
Theft and OtherCar are conditionally related under SocioEcon,1
Theft and OtherCar are not conditionally related under RiskAversion,0
Theft and OtherCar are not conditionally related under VehicleYear,0
Theft and OtherCar are not conditionally related under ThisCarDam,0
Theft and OtherCar are not conditionally related under RuggedAuto,0
Theft and OtherCar are not conditionally related under Accident,0
Theft and OtherCar are not conditionally related under MakeModel,0
Theft and OtherCar are not conditionally related under DrivQuality,0
Theft and OtherCar are not conditionally related under Mileage,0
Theft and OtherCar are not conditionally related under Antilock,0
Theft and OtherCar are not conditionally related under DrivingSkill,0
Theft and OtherCar are not conditionally related under SeniorTrain,0
Theft and OtherCar are not conditionally related under ThisCarCost,0
Theft and OtherCar are not conditionally related under CarValue,0
Theft and OtherCar are not conditionally related under HomeBase,0
Theft and OtherCar are not conditionally related under AntiTheft,0
Theft and OtherCar are not conditionally related under PropCost,0
Theft and OtherCar are not conditionally related under OtherCarCost,0
Theft and OtherCar are not conditionally related under MedCost,0
Theft and OtherCar are not conditionally related under Cushioning,0
Theft and OtherCar are not conditionally related under Airbag,0
Theft and OtherCar are not conditionally related under ILiCost,0
Theft and OtherCar are not conditionally related under DrivHist,0
Theft and MedCost are not conditionally related under GoodStudent,0
Theft and MedCost are conditionally related under Age,1
Theft and MedCost are conditionally related under SocioEcon,1
Theft and MedCost are conditionally related under RiskAversion,1
Theft and MedCost are conditionally related under VehicleYear,1
Theft and MedCost are not conditionally related under ThisCarDam,0
Theft and MedCost are not conditionally related under RuggedAuto,0
Theft and MedCost are not conditionally related under Accident,0
Theft and MedCost are conditionally related under MakeModel,1
Theft and MedCost are not conditionally related under DrivQuality,0
Theft and MedCost are conditionally related under Mileage,1
Theft and MedCost are not conditionally related under Antilock,0
Theft and MedCost are not conditionally related under DrivingSkill,0
Theft and MedCost are not conditionally related under SeniorTrain,0
Theft and MedCost are not conditionally related under ThisCarCost,0
Theft and MedCost are not conditionally related under CarValue,0
Theft and MedCost are not conditionally related under HomeBase,0
Theft and MedCost are not conditionally related under AntiTheft,0
Theft and MedCost are not conditionally related under PropCost,0
Theft and MedCost are not conditionally related under OtherCarCost,0
Theft and MedCost are not conditionally related under OtherCar,0
Theft and MedCost are not conditionally related under Cushioning,0
Theft and MedCost are not conditionally related under Airbag,0
Theft and MedCost are not conditionally related under ILiCost,0
Theft and MedCost are not conditionally related under DrivHist,0
Theft and Cushioning are not conditionally related under GoodStudent,0
Theft and Cushioning are conditionally related under Age,1
Theft and Cushioning are conditionally related under SocioEcon,1
Theft and Cushioning are conditionally related under RiskAversion,1
Theft and Cushioning are conditionally related under VehicleYear,1
Theft and Cushioning are not conditionally related under ThisCarDam,0
Theft and Cushioning are not conditionally related under RuggedAuto,0
Theft and Cushioning are not conditionally related under Accident,0
Theft and Cushioning are conditionally related under MakeModel,1
Theft and Cushioning are not conditionally related under DrivQuality,0
Theft and Cushioning are not conditionally related under Mileage,0
Theft and Cushioning are not conditionally related under Antilock,0
Theft and Cushioning are not conditionally related under DrivingSkill,0
Theft and Cushioning are not conditionally related under SeniorTrain,0
Theft and Cushioning are not conditionally related under ThisCarCost,0
Theft and Cushioning are not conditionally related under CarValue,0
Theft and Cushioning are not conditionally related under HomeBase,0
Theft and Cushioning are not conditionally related under AntiTheft,0
Theft and Cushioning are not conditionally related under PropCost,0
Theft and Cushioning are not conditionally related under OtherCarCost,0
Theft and Cushioning are not conditionally related under OtherCar,0
Theft and Cushioning are not conditionally related under MedCost,0
Theft and Cushioning are not conditionally related under Airbag,0
Theft and Cushioning are not conditionally related under ILiCost,0
Theft and Cushioning are not conditionally related under DrivHist,0
Theft and Airbag are not conditionally related under GoodStudent,0
Theft and Airbag are conditionally related under Age,1
Theft and Airbag are conditionally related under SocioEcon,1
Theft and Airbag are conditionally related under RiskAversion,1
Theft and Airbag are conditionally related under VehicleYear,1
Theft and Airbag are not conditionally related under ThisCarDam,0
Theft and Airbag are not conditionally related under RuggedAuto,0
Theft and Airbag are not conditionally related under Accident,0
Theft and Airbag are conditionally related under MakeModel,1
Theft and Airbag are not conditionally related under DrivQuality,0
Theft and Airbag are not conditionally related under Mileage,0
Theft and Airbag are not conditionally related under Antilock,0
Theft and Airbag are not conditionally related under DrivingSkill,0
Theft and Airbag are not conditionally related under SeniorTrain,0
Theft and Airbag are not conditionally related under ThisCarCost,0
Theft and Airbag are not conditionally related under CarValue,0
Theft and Airbag are not conditionally related under HomeBase,0
Theft and Airbag are not conditionally related under AntiTheft,0
Theft and Airbag are not conditionally related under PropCost,0
Theft and Airbag are not conditionally related under OtherCarCost,0
Theft and Airbag are not conditionally related under OtherCar,0
Theft and Airbag are not conditionally related under MedCost,0
Theft and Airbag are not conditionally related under Cushioning,0
Theft and Airbag are not conditionally related under ILiCost,0
Theft and Airbag are not conditionally related under DrivHist,0
Theft and ILiCost are not conditionally related under GoodStudent,0
Theft and ILiCost are conditionally related under Age,1
Theft and ILiCost are conditionally related under SocioEcon,1
Theft and ILiCost are conditionally related under RiskAversion,1
Theft and ILiCost are conditionally related under VehicleYear,1
Theft and ILiCost are not conditionally related under ThisCarDam,0
Theft and ILiCost are not conditionally related under RuggedAuto,0
Theft and ILiCost are not conditionally related under Accident,0
Theft and ILiCost are conditionally related under MakeModel,1
Theft and ILiCost are not conditionally related under DrivQuality,0
Theft and ILiCost are conditionally related under Mileage,1
Theft and ILiCost are not conditionally related under Antilock,0
Theft and ILiCost are not conditionally related under DrivingSkill,0
Theft and ILiCost are not conditionally related under SeniorTrain,0
Theft and ILiCost are not conditionally related under ThisCarCost,0
Theft and ILiCost are not conditionally related under CarValue,0
Theft and ILiCost are not conditionally related under HomeBase,0
Theft and ILiCost are not conditionally related under AntiTheft,0
Theft and ILiCost are not conditionally related under PropCost,0
Theft and ILiCost are not conditionally related under OtherCarCost,0
Theft and ILiCost are not conditionally related under OtherCar,0
Theft and ILiCost are not conditionally related under MedCost,0
Theft and ILiCost are not conditionally related under Cushioning,0
Theft and ILiCost are not conditionally related under Airbag,0
Theft and ILiCost are not conditionally related under DrivHist,0
Theft and DrivHist are not conditionally related under GoodStudent,0
Theft and DrivHist are conditionally related under Age,1
Theft and DrivHist are conditionally related under SocioEcon,1
Theft and DrivHist are conditionally related under RiskAversion,1
Theft and DrivHist are not conditionally related under VehicleYear,0
Theft and DrivHist are not conditionally related under ThisCarDam,0
Theft and DrivHist are not conditionally related under RuggedAuto,0
Theft and DrivHist are not conditionally related under Accident,0
Theft and DrivHist are not conditionally related under MakeModel,0
Theft and DrivHist are not conditionally related under DrivQuality,0
Theft and DrivHist are not conditionally related under Mileage,0
Theft and DrivHist are not conditionally related under Antilock,0
Theft and DrivHist are not conditionally related under DrivingSkill,0
Theft and DrivHist are not conditionally related under SeniorTrain,0
Theft and DrivHist are not conditionally related under ThisCarCost,0
Theft and DrivHist are not conditionally related under CarValue,0
Theft and DrivHist are not conditionally related under HomeBase,0
Theft and DrivHist are not conditionally related under AntiTheft,0
Theft and DrivHist are not conditionally related under PropCost,0
Theft and DrivHist are not conditionally related under OtherCarCost,0
Theft and DrivHist are not conditionally related under OtherCar,0
Theft and DrivHist are not conditionally related under MedCost,0
Theft and DrivHist are not conditionally related under Cushioning,0
Theft and DrivHist are not conditionally related under Airbag,0
Theft and DrivHist are not conditionally related under ILiCost,0
CarValue and GoodStudent are conditionally related under Age,1
CarValue and GoodStudent are conditionally related under SocioEcon,1
CarValue and GoodStudent are not conditionally related under RiskAversion,0
CarValue and GoodStudent are not conditionally related under VehicleYear,0
CarValue and GoodStudent are not conditionally related under ThisCarDam,0
CarValue and GoodStudent are not conditionally related under RuggedAuto,0
CarValue and GoodStudent are not conditionally related under Accident,0
CarValue and GoodStudent are not conditionally related under MakeModel,0
CarValue and GoodStudent are not conditionally related under DrivQuality,0
CarValue and GoodStudent are not conditionally related under Mileage,0
CarValue and GoodStudent are not conditionally related under Antilock,0
CarValue and GoodStudent are not conditionally related under DrivingSkill,0
CarValue and GoodStudent are not conditionally related under SeniorTrain,0
CarValue and GoodStudent are not conditionally related under ThisCarCost,0
CarValue and GoodStudent are not conditionally related under Theft,0
CarValue and GoodStudent are not conditionally related under HomeBase,0
CarValue and GoodStudent are not conditionally related under AntiTheft,0
CarValue and GoodStudent are not conditionally related under PropCost,0
CarValue and GoodStudent are not conditionally related under OtherCarCost,0
CarValue and GoodStudent are not conditionally related under OtherCar,0
CarValue and GoodStudent are not conditionally related under MedCost,0
CarValue and GoodStudent are not conditionally related under Cushioning,0
CarValue and GoodStudent are not conditionally related under Airbag,0
CarValue and GoodStudent are not conditionally related under ILiCost,0
CarValue and GoodStudent are not conditionally related under DrivHist,0
CarValue and Age are related,1
CarValue and SocioEcon are related,1
CarValue and RiskAversion are related,1
CarValue and VehicleYear are related,1
CarValue and ThisCarDam are not conditionally related under GoodStudent,0
CarValue and ThisCarDam are conditionally related under Age,1
CarValue and ThisCarDam are conditionally related under SocioEcon,1
CarValue and ThisCarDam are conditionally related under RiskAversion,1
CarValue and ThisCarDam are conditionally related under VehicleYear,1
CarValue and ThisCarDam are not conditionally related under RuggedAuto,0
CarValue and ThisCarDam are not conditionally related under Accident,0
CarValue and ThisCarDam are conditionally related under MakeModel,1
CarValue and ThisCarDam are not conditionally related under DrivQuality,0
CarValue and ThisCarDam are conditionally related under Mileage,1
CarValue and ThisCarDam are not conditionally related under Antilock,0
CarValue and ThisCarDam are not conditionally related under DrivingSkill,0
CarValue and ThisCarDam are not conditionally related under SeniorTrain,0
CarValue and ThisCarDam are conditionally related under ThisCarCost,1
CarValue and ThisCarDam are not conditionally related under Theft,0
CarValue and ThisCarDam are not conditionally related under HomeBase,0
CarValue and ThisCarDam are not conditionally related under AntiTheft,0
CarValue and ThisCarDam are conditionally related under PropCost,1
CarValue and ThisCarDam are not conditionally related under OtherCarCost,0
CarValue and ThisCarDam are not conditionally related under OtherCar,0
CarValue and ThisCarDam are not conditionally related under MedCost,0
CarValue and ThisCarDam are not conditionally related under Cushioning,0
CarValue and ThisCarDam are not conditionally related under Airbag,0
CarValue and ThisCarDam are not conditionally related under ILiCost,0
CarValue and ThisCarDam are not conditionally related under DrivHist,0
CarValue and RuggedAuto are not conditionally related under GoodStudent,0
CarValue and RuggedAuto are conditionally related under Age,1
CarValue and RuggedAuto are conditionally related under SocioEcon,1
CarValue and RuggedAuto are conditionally related under RiskAversion,1
CarValue and RuggedAuto are conditionally related under VehicleYear,1
CarValue and RuggedAuto are not conditionally related under ThisCarDam,0
CarValue and RuggedAuto are not conditionally related under Accident,0
CarValue and RuggedAuto are conditionally related under MakeModel,1
CarValue and RuggedAuto are not conditionally related under DrivQuality,0
CarValue and RuggedAuto are not conditionally related under Mileage,0
CarValue and RuggedAuto are not conditionally related under Antilock,0
CarValue and RuggedAuto are not conditionally related under DrivingSkill,0
CarValue and RuggedAuto are not conditionally related under SeniorTrain,0
CarValue and RuggedAuto are conditionally related under ThisCarCost,1
CarValue and RuggedAuto are not conditionally related under Theft,0
CarValue and RuggedAuto are not conditionally related under HomeBase,0
CarValue and RuggedAuto are not conditionally related under AntiTheft,0
CarValue and RuggedAuto are conditionally related under PropCost,1
CarValue and RuggedAuto are not conditionally related under OtherCarCost,0
CarValue and RuggedAuto are not conditionally related under OtherCar,0
CarValue and RuggedAuto are not conditionally related under MedCost,0
CarValue and RuggedAuto are not conditionally related under Cushioning,0
CarValue and RuggedAuto are not conditionally related under Airbag,0
CarValue and RuggedAuto are not conditionally related under ILiCost,0
CarValue and RuggedAuto are not conditionally related under DrivHist,0
CarValue and Accident are not conditionally related under GoodStudent,0
CarValue and Accident are conditionally related under Age,1
CarValue and Accident are conditionally related under SocioEcon,1
CarValue and Accident are conditionally related under RiskAversion,1
CarValue and Accident are conditionally related under VehicleYear,1
CarValue and Accident are not conditionally related under ThisCarDam,0
CarValue and Accident are not conditionally related under RuggedAuto,0
CarValue and Accident are conditionally related under MakeModel,1
CarValue and Accident are not conditionally related under DrivQuality,0
CarValue and Accident are conditionally related under Mileage,1
CarValue and Accident are not conditionally related under Antilock,0
CarValue and Accident are not conditionally related under DrivingSkill,0
CarValue and Accident are not conditionally related under SeniorTrain,0
CarValue and Accident are conditionally related under ThisCarCost,1
CarValue and Accident are not conditionally related under Theft,0
CarValue and Accident are not conditionally related under HomeBase,0
CarValue and Accident are not conditionally related under AntiTheft,0
CarValue and Accident are conditionally related under PropCost,1
CarValue and Accident are not conditionally related under OtherCarCost,0
CarValue and Accident are not conditionally related under OtherCar,0
CarValue and Accident are not conditionally related under MedCost,0
CarValue and Accident are not conditionally related under Cushioning,0
CarValue and Accident are not conditionally related under Airbag,0
CarValue and Accident are not conditionally related under ILiCost,0
CarValue and Accident are not conditionally related under DrivHist,0
CarValue and MakeModel are related,1
CarValue and DrivQuality are not conditionally related under GoodStudent,0
CarValue and DrivQuality are conditionally related under Age,1
CarValue and DrivQuality are conditionally related under SocioEcon,1
CarValue and DrivQuality are conditionally related under RiskAversion,1
CarValue and DrivQuality are not conditionally related under VehicleYear,0
CarValue and DrivQuality are not conditionally related under ThisCarDam,0
CarValue and DrivQuality are not conditionally related under RuggedAuto,0
CarValue and DrivQuality are not conditionally related under Accident,0
CarValue and DrivQuality are not conditionally related under MakeModel,0
CarValue and DrivQuality are not conditionally related under Mileage,0
CarValue and DrivQuality are not conditionally related under Antilock,0
CarValue and DrivQuality are not conditionally related under DrivingSkill,0
CarValue and DrivQuality are not conditionally related under SeniorTrain,0
CarValue and DrivQuality are conditionally related under ThisCarCost,1
CarValue and DrivQuality are not conditionally related under Theft,0
CarValue and DrivQuality are not conditionally related under HomeBase,0
CarValue and DrivQuality are not conditionally related under AntiTheft,0
CarValue and DrivQuality are conditionally related under PropCost,1
CarValue and DrivQuality are not conditionally related under OtherCarCost,0
CarValue and DrivQuality are not conditionally related under OtherCar,0
CarValue and DrivQuality are not conditionally related under MedCost,0
CarValue and DrivQuality are not conditionally related under Cushioning,0
CarValue and DrivQuality are not conditionally related under Airbag,0
CarValue and DrivQuality are not conditionally related under ILiCost,0
CarValue and DrivQuality are not conditionally related under DrivHist,0
CarValue and Mileage are related,1
CarValue and Antilock are not conditionally related under GoodStudent,0
CarValue and Antilock are conditionally related under Age,1
CarValue and Antilock are conditionally related under SocioEcon,1
CarValue and Antilock are conditionally related under RiskAversion,1
CarValue and Antilock are conditionally related under VehicleYear,1
CarValue and Antilock are not conditionally related under ThisCarDam,0
CarValue and Antilock are not conditionally related under RuggedAuto,0
CarValue and Antilock are not conditionally related under Accident,0
CarValue and Antilock are conditionally related under MakeModel,1
CarValue and Antilock are not conditionally related under DrivQuality,0
CarValue and Antilock are not conditionally related under Mileage,0
CarValue and Antilock are not conditionally related under DrivingSkill,0
CarValue and Antilock are not conditionally related under SeniorTrain,0
CarValue and Antilock are conditionally related under ThisCarCost,1
CarValue and Antilock are not conditionally related under Theft,0
CarValue and Antilock are not conditionally related under HomeBase,0
CarValue and Antilock are not conditionally related under AntiTheft,0
CarValue and Antilock are conditionally related under PropCost,1
CarValue and Antilock are not conditionally related under OtherCarCost,0
CarValue and Antilock are not conditionally related under OtherCar,0
CarValue and Antilock are not conditionally related under MedCost,0
CarValue and Antilock are not conditionally related under Cushioning,0
CarValue and Antilock are not conditionally related under Airbag,0
CarValue and Antilock are not conditionally related under ILiCost,0
CarValue and Antilock are not conditionally related under DrivHist,0
CarValue and DrivingSkill are not conditionally related under GoodStudent,0
CarValue and DrivingSkill are conditionally related under Age,1
CarValue and DrivingSkill are conditionally related under SocioEcon,1
CarValue and DrivingSkill are conditionally related under RiskAversion,1
CarValue and DrivingSkill are not conditionally related under VehicleYear,0
CarValue and DrivingSkill are not conditionally related under ThisCarDam,0
CarValue and DrivingSkill are not conditionally related under RuggedAuto,0
CarValue and DrivingSkill are not conditionally related under Accident,0
CarValue and DrivingSkill are not conditionally related under MakeModel,0
CarValue and DrivingSkill are not conditionally related under DrivQuality,0
CarValue and DrivingSkill are not conditionally related under Mileage,0
CarValue and DrivingSkill are not conditionally related under Antilock,0
CarValue and DrivingSkill are not conditionally related under SeniorTrain,0
CarValue and DrivingSkill are conditionally related under ThisCarCost,1
CarValue and DrivingSkill are not conditionally related under Theft,0
CarValue and DrivingSkill are not conditionally related under HomeBase,0
CarValue and DrivingSkill are not conditionally related under AntiTheft,0
CarValue and DrivingSkill are conditionally related under PropCost,1
CarValue and DrivingSkill are not conditionally related under OtherCarCost,0
CarValue and DrivingSkill are not conditionally related under OtherCar,0
CarValue and DrivingSkill are not conditionally related under MedCost,0
CarValue and DrivingSkill are not conditionally related under Cushioning,0
CarValue and DrivingSkill are not conditionally related under Airbag,0
CarValue and DrivingSkill are not conditionally related under ILiCost,0
CarValue and DrivingSkill are not conditionally related under DrivHist,0
CarValue and SeniorTrain are not conditionally related under GoodStudent,0
CarValue and SeniorTrain are conditionally related under Age,1
CarValue and SeniorTrain are conditionally related under SocioEcon,1
CarValue and SeniorTrain are conditionally related under RiskAversion,1
CarValue and SeniorTrain are not conditionally related under VehicleYear,0
CarValue and SeniorTrain are not conditionally related under ThisCarDam,0
CarValue and SeniorTrain are not conditionally related under RuggedAuto,0
CarValue and SeniorTrain are not conditionally related under Accident,0
CarValue and SeniorTrain are not conditionally related under MakeModel,0
CarValue and SeniorTrain are not conditionally related under DrivQuality,0
CarValue and SeniorTrain are not conditionally related under Mileage,0
CarValue and SeniorTrain are not conditionally related under Antilock,0
CarValue and SeniorTrain are not conditionally related under DrivingSkill,0
CarValue and SeniorTrain are conditionally related under ThisCarCost,1
CarValue and SeniorTrain are not conditionally related under Theft,0
CarValue and SeniorTrain are not conditionally related under HomeBase,0
CarValue and SeniorTrain are not conditionally related under AntiTheft,0
CarValue and SeniorTrain are conditionally related under PropCost,1
CarValue and SeniorTrain are not conditionally related under OtherCarCost,0
CarValue and SeniorTrain are not conditionally related under OtherCar,0
CarValue and SeniorTrain are not conditionally related under MedCost,0
CarValue and SeniorTrain are not conditionally related under Cushioning,0
CarValue and SeniorTrain are not conditionally related under Airbag,0
CarValue and SeniorTrain are not conditionally related under ILiCost,0
CarValue and SeniorTrain are not conditionally related under DrivHist,0
CarValue and ThisCarCost are related,1
CarValue and Theft are related,1
CarValue and HomeBase are not conditionally related under GoodStudent,0
CarValue and HomeBase are conditionally related under Age,1
CarValue and HomeBase are conditionally related under SocioEcon,1
CarValue and HomeBase are conditionally related under RiskAversion,1
CarValue and HomeBase are not conditionally related under VehicleYear,0
CarValue and HomeBase are not conditionally related under ThisCarDam,0
CarValue and HomeBase are not conditionally related under RuggedAuto,0
CarValue and HomeBase are not conditionally related under Accident,0
CarValue and HomeBase are not conditionally related under MakeModel,0
CarValue and HomeBase are not conditionally related under DrivQuality,0
CarValue and HomeBase are not conditionally related under Mileage,0
CarValue and HomeBase are not conditionally related under Antilock,0
CarValue and HomeBase are not conditionally related under DrivingSkill,0
CarValue and HomeBase are not conditionally related under SeniorTrain,0
CarValue and HomeBase are conditionally related under ThisCarCost,1
CarValue and HomeBase are conditionally related under Theft,1
CarValue and HomeBase are not conditionally related under AntiTheft,0
CarValue and HomeBase are conditionally related under PropCost,1
CarValue and HomeBase are not conditionally related under OtherCarCost,0
CarValue and HomeBase are not conditionally related under OtherCar,0
CarValue and HomeBase are not conditionally related under MedCost,0
CarValue and HomeBase are not conditionally related under Cushioning,0
CarValue and HomeBase are not conditionally related under Airbag,0
CarValue and HomeBase are not conditionally related under ILiCost,0
CarValue and HomeBase are not conditionally related under DrivHist,0
CarValue and AntiTheft are not conditionally related under GoodStudent,0
CarValue and AntiTheft are conditionally related under Age,1
CarValue and AntiTheft are conditionally related under SocioEcon,1
CarValue and AntiTheft are conditionally related under RiskAversion,1
CarValue and AntiTheft are not conditionally related under VehicleYear,0
CarValue and AntiTheft are not conditionally related under ThisCarDam,0
CarValue and AntiTheft are not conditionally related under RuggedAuto,0
CarValue and AntiTheft are not conditionally related under Accident,0
CarValue and AntiTheft are not conditionally related under MakeModel,0
CarValue and AntiTheft are not conditionally related under DrivQuality,0
CarValue and AntiTheft are not conditionally related under Mileage,0
CarValue and AntiTheft are not conditionally related under Antilock,0
CarValue and AntiTheft are not conditionally related under DrivingSkill,0
CarValue and AntiTheft are not conditionally related under SeniorTrain,0
CarValue and AntiTheft are conditionally related under ThisCarCost,1
CarValue and AntiTheft are conditionally related under Theft,1
CarValue and AntiTheft are not conditionally related under HomeBase,0
CarValue and AntiTheft are conditionally related under PropCost,1
CarValue and AntiTheft are not conditionally related under OtherCarCost,0
CarValue and AntiTheft are not conditionally related under OtherCar,0
CarValue and AntiTheft are not conditionally related under MedCost,0
CarValue and AntiTheft are not conditionally related under Cushioning,0
CarValue and AntiTheft are not conditionally related under Airbag,0
CarValue and AntiTheft are not conditionally related under ILiCost,0
CarValue and AntiTheft are not conditionally related under DrivHist,0
CarValue and PropCost are related,1
CarValue and OtherCarCost are not conditionally related under GoodStudent,0
CarValue and OtherCarCost are conditionally related under Age,1
CarValue and OtherCarCost are conditionally related under SocioEcon,1
CarValue and OtherCarCost are conditionally related under RiskAversion,1
CarValue and OtherCarCost are conditionally related under VehicleYear,1
CarValue and OtherCarCost are not conditionally related under ThisCarDam,0
CarValue and OtherCarCost are not conditionally related under RuggedAuto,0
CarValue and OtherCarCost are not conditionally related under Accident,0
CarValue and OtherCarCost are conditionally related under MakeModel,1
CarValue and OtherCarCost are not conditionally related under DrivQuality,0
CarValue and OtherCarCost are conditionally related under Mileage,1
CarValue and OtherCarCost are not conditionally related under Antilock,0
CarValue and OtherCarCost are not conditionally related under DrivingSkill,0
CarValue and OtherCarCost are not conditionally related under SeniorTrain,0
CarValue and OtherCarCost are not conditionally related under ThisCarCost,0
CarValue and OtherCarCost are not conditionally related under Theft,0
CarValue and OtherCarCost are not conditionally related under HomeBase,0
CarValue and OtherCarCost are not conditionally related under AntiTheft,0
CarValue and OtherCarCost are conditionally related under PropCost,1
CarValue and OtherCarCost are not conditionally related under OtherCar,0
CarValue and OtherCarCost are not conditionally related under MedCost,0
CarValue and OtherCarCost are not conditionally related under Cushioning,0
CarValue and OtherCarCost are not conditionally related under Airbag,0
CarValue and OtherCarCost are not conditionally related under ILiCost,0
CarValue and OtherCarCost are not conditionally related under DrivHist,0
CarValue and OtherCar are not conditionally related under GoodStudent,0
CarValue and OtherCar are conditionally related under Age,1
CarValue and OtherCar are conditionally related under SocioEcon,1
CarValue and OtherCar are not conditionally related under RiskAversion,0
CarValue and OtherCar are not conditionally related under VehicleYear,0
CarValue and OtherCar are not conditionally related under ThisCarDam,0
CarValue and OtherCar are not conditionally related under RuggedAuto,0
CarValue and OtherCar are not conditionally related under Accident,0
CarValue and OtherCar are not conditionally related under MakeModel,0
CarValue and OtherCar are not conditionally related under DrivQuality,0
CarValue and OtherCar are not conditionally related under Mileage,0
CarValue and OtherCar are not conditionally related under Antilock,0
CarValue and OtherCar are not conditionally related under DrivingSkill,0
CarValue and OtherCar are not conditionally related under SeniorTrain,0
CarValue and OtherCar are not conditionally related under ThisCarCost,0
CarValue and OtherCar are not conditionally related under Theft,0
CarValue and OtherCar are not conditionally related under HomeBase,0
CarValue and OtherCar are not conditionally related under AntiTheft,0
CarValue and OtherCar are not conditionally related under PropCost,0
CarValue and OtherCar are not conditionally related under OtherCarCost,0
CarValue and OtherCar are not conditionally related under MedCost,0
CarValue and OtherCar are not conditionally related under Cushioning,0
CarValue and OtherCar are not conditionally related under Airbag,0
CarValue and OtherCar are not conditionally related under ILiCost,0
CarValue and OtherCar are not conditionally related under DrivHist,0
CarValue and MedCost are not conditionally related under GoodStudent,0
CarValue and MedCost are conditionally related under Age,1
CarValue and MedCost are conditionally related under SocioEcon,1
CarValue and MedCost are conditionally related under RiskAversion,1
CarValue and MedCost are conditionally related under VehicleYear,1
CarValue and MedCost are not conditionally related under ThisCarDam,0
CarValue and MedCost are not conditionally related under RuggedAuto,0
CarValue and MedCost are not conditionally related under Accident,0
CarValue and MedCost are conditionally related under MakeModel,1
CarValue and MedCost are not conditionally related under DrivQuality,0
CarValue and MedCost are conditionally related under Mileage,1
CarValue and MedCost are not conditionally related under Antilock,0
CarValue and MedCost are not conditionally related under DrivingSkill,0
CarValue and MedCost are not conditionally related under SeniorTrain,0
CarValue and MedCost are not conditionally related under ThisCarCost,0
CarValue and MedCost are not conditionally related under Theft,0
CarValue and MedCost are not conditionally related under HomeBase,0
CarValue and MedCost are not conditionally related under AntiTheft,0
CarValue and MedCost are not conditionally related under PropCost,0
CarValue and MedCost are not conditionally related under OtherCarCost,0
CarValue and MedCost are not conditionally related under OtherCar,0
CarValue and MedCost are not conditionally related under Cushioning,0
CarValue and MedCost are not conditionally related under Airbag,0
CarValue and MedCost are not conditionally related under ILiCost,0
CarValue and MedCost are not conditionally related under DrivHist,0
CarValue and Cushioning are not conditionally related under GoodStudent,0
CarValue and Cushioning are conditionally related under Age,1
CarValue and Cushioning are conditionally related under SocioEcon,1
CarValue and Cushioning are conditionally related under RiskAversion,1
CarValue and Cushioning are conditionally related under VehicleYear,1
CarValue and Cushioning are not conditionally related under ThisCarDam,0
CarValue and Cushioning are not conditionally related under RuggedAuto,0
CarValue and Cushioning are not conditionally related under Accident,0
CarValue and Cushioning are conditionally related under MakeModel,1
CarValue and Cushioning are not conditionally related under DrivQuality,0
CarValue and Cushioning are not conditionally related under Mileage,0
CarValue and Cushioning are not conditionally related under Antilock,0
CarValue and Cushioning are not conditionally related under DrivingSkill,0
CarValue and Cushioning are not conditionally related under SeniorTrain,0
CarValue and Cushioning are not conditionally related under ThisCarCost,0
CarValue and Cushioning are not conditionally related under Theft,0
CarValue and Cushioning are not conditionally related under HomeBase,0
CarValue and Cushioning are not conditionally related under AntiTheft,0
CarValue and Cushioning are not conditionally related under PropCost,0
CarValue and Cushioning are not conditionally related under OtherCarCost,0
CarValue and Cushioning are not conditionally related under OtherCar,0
CarValue and Cushioning are not conditionally related under MedCost,0
CarValue and Cushioning are not conditionally related under Airbag,0
CarValue and Cushioning are not conditionally related under ILiCost,0
CarValue and Cushioning are not conditionally related under DrivHist,0
CarValue and Airbag are not conditionally related under GoodStudent,0
CarValue and Airbag are conditionally related under Age,1
CarValue and Airbag are conditionally related under SocioEcon,1
CarValue and Airbag are conditionally related under RiskAversion,1
CarValue and Airbag are conditionally related under VehicleYear,1
CarValue and Airbag are not conditionally related under ThisCarDam,0
CarValue and Airbag are not conditionally related under RuggedAuto,0
CarValue and Airbag are not conditionally related under Accident,0
CarValue and Airbag are conditionally related under MakeModel,1
CarValue and Airbag are not conditionally related under DrivQuality,0
CarValue and Airbag are not conditionally related under Mileage,0
CarValue and Airbag are not conditionally related under Antilock,0
CarValue and Airbag are not conditionally related under DrivingSkill,0
CarValue and Airbag are not conditionally related under SeniorTrain,0
CarValue and Airbag are not conditionally related under ThisCarCost,0
CarValue and Airbag are not conditionally related under Theft,0
CarValue and Airbag are not conditionally related under HomeBase,0
CarValue and Airbag are not conditionally related under AntiTheft,0
CarValue and Airbag are not conditionally related under PropCost,0
CarValue and Airbag are not conditionally related under OtherCarCost,0
CarValue and Airbag are not conditionally related under OtherCar,0
CarValue and Airbag are not conditionally related under MedCost,0
CarValue and Airbag are not conditionally related under Cushioning,0
CarValue and Airbag are not conditionally related under ILiCost,0
CarValue and Airbag are not conditionally related under DrivHist,0
CarValue and ILiCost are not conditionally related under GoodStudent,0
CarValue and ILiCost are conditionally related under Age,1
CarValue and ILiCost are conditionally related under SocioEcon,1
CarValue and ILiCost are conditionally related under RiskAversion,1
CarValue and ILiCost are conditionally related under VehicleYear,1
CarValue and ILiCost are not conditionally related under ThisCarDam,0
CarValue and ILiCost are not conditionally related under RuggedAuto,0
CarValue and ILiCost are not conditionally related under Accident,0
CarValue and ILiCost are conditionally related under MakeModel,1
CarValue and ILiCost are not conditionally related under DrivQuality,0
CarValue and ILiCost are conditionally related under Mileage,1
CarValue and ILiCost are not conditionally related under Antilock,0
CarValue and ILiCost are not conditionally related under DrivingSkill,0
CarValue and ILiCost are not conditionally related under SeniorTrain,0
CarValue and ILiCost are not conditionally related under ThisCarCost,0
CarValue and ILiCost are not conditionally related under Theft,0
CarValue and ILiCost are not conditionally related under HomeBase,0
CarValue and ILiCost are not conditionally related under AntiTheft,0
CarValue and ILiCost are not conditionally related under PropCost,0
CarValue and ILiCost are not conditionally related under OtherCarCost,0
CarValue and ILiCost are not conditionally related under OtherCar,0
CarValue and ILiCost are not conditionally related under MedCost,0
CarValue and ILiCost are not conditionally related under Cushioning,0
CarValue and ILiCost are not conditionally related under Airbag,0
CarValue and ILiCost are not conditionally related under DrivHist,0
CarValue and DrivHist are not conditionally related under GoodStudent,0
CarValue and DrivHist are conditionally related under Age,1
CarValue and DrivHist are conditionally related under SocioEcon,1
CarValue and DrivHist are conditionally related under RiskAversion,1
CarValue and DrivHist are not conditionally related under VehicleYear,0
CarValue and DrivHist are not conditionally related under ThisCarDam,0
CarValue and DrivHist are not conditionally related under RuggedAuto,0
CarValue and DrivHist are not conditionally related under Accident,0
CarValue and DrivHist are not conditionally related under MakeModel,0
CarValue and DrivHist are not conditionally related under DrivQuality,0
CarValue and DrivHist are not conditionally related under Mileage,0
CarValue and DrivHist are not conditionally related under Antilock,0
CarValue and DrivHist are not conditionally related under DrivingSkill,0
CarValue and DrivHist are not conditionally related under SeniorTrain,0
CarValue and DrivHist are not conditionally related under ThisCarCost,0
CarValue and DrivHist are not conditionally related under Theft,0
CarValue and DrivHist are not conditionally related under HomeBase,0
CarValue and DrivHist are not conditionally related under AntiTheft,0
CarValue and DrivHist are not conditionally related under PropCost,0
CarValue and DrivHist are not conditionally related under OtherCarCost,0
CarValue and DrivHist are not conditionally related under OtherCar,0
CarValue and DrivHist are not conditionally related under MedCost,0
CarValue and DrivHist are not conditionally related under Cushioning,0
CarValue and DrivHist are not conditionally related under Airbag,0
CarValue and DrivHist are not conditionally related under ILiCost,0
HomeBase and GoodStudent are conditionally related under Age,1
HomeBase and GoodStudent are conditionally related under SocioEcon,1
HomeBase and GoodStudent are not conditionally related under RiskAversion,0
HomeBase and GoodStudent are not conditionally related under VehicleYear,0
HomeBase and GoodStudent are not conditionally related under ThisCarDam,0
HomeBase and GoodStudent are not conditionally related under RuggedAuto,0
HomeBase and GoodStudent are not conditionally related under Accident,0
HomeBase and GoodStudent are not conditionally related under MakeModel,0
HomeBase and GoodStudent are not conditionally related under DrivQuality,0
HomeBase and GoodStudent are not conditionally related under Mileage,0
HomeBase and GoodStudent are not conditionally related under Antilock,0
HomeBase and GoodStudent are not conditionally related under DrivingSkill,0
HomeBase and GoodStudent are not conditionally related under SeniorTrain,0
HomeBase and GoodStudent are not conditionally related under ThisCarCost,0
HomeBase and GoodStudent are not conditionally related under Theft,0
HomeBase and GoodStudent are not conditionally related under CarValue,0
HomeBase and GoodStudent are not conditionally related under AntiTheft,0
HomeBase and GoodStudent are not conditionally related under PropCost,0
HomeBase and GoodStudent are not conditionally related under OtherCarCost,0
HomeBase and GoodStudent are not conditionally related under OtherCar,0
HomeBase and GoodStudent are not conditionally related under MedCost,0
HomeBase and GoodStudent are not conditionally related under Cushioning,0
HomeBase and GoodStudent are not conditionally related under Airbag,0
HomeBase and GoodStudent are not conditionally related under ILiCost,0
HomeBase and GoodStudent are not conditionally related under DrivHist,0
HomeBase and Age are related,1
HomeBase and SocioEcon are related,1
HomeBase and RiskAversion are related,1
HomeBase and VehicleYear are not conditionally related under GoodStudent,0
HomeBase and VehicleYear are conditionally related under Age,1
HomeBase and VehicleYear are conditionally related under SocioEcon,1
HomeBase and VehicleYear are conditionally related under RiskAversion,1
HomeBase and VehicleYear are not conditionally related under ThisCarDam,0
HomeBase and VehicleYear are not conditionally related under RuggedAuto,0
HomeBase and VehicleYear are not conditionally related under Accident,0
HomeBase and VehicleYear are not conditionally related under MakeModel,0
HomeBase and VehicleYear are not conditionally related under DrivQuality,0
HomeBase and VehicleYear are not conditionally related under Mileage,0
HomeBase and VehicleYear are not conditionally related under Antilock,0
HomeBase and VehicleYear are not conditionally related under DrivingSkill,0
HomeBase and VehicleYear are not conditionally related under SeniorTrain,0
HomeBase and VehicleYear are conditionally related under ThisCarCost,1
HomeBase and VehicleYear are conditionally related under Theft,1
HomeBase and VehicleYear are not conditionally related under CarValue,0
HomeBase and VehicleYear are not conditionally related under AntiTheft,0
HomeBase and VehicleYear are conditionally related under PropCost,1
HomeBase and VehicleYear are not conditionally related under OtherCarCost,0
HomeBase and VehicleYear are not conditionally related under OtherCar,0
HomeBase and VehicleYear are not conditionally related under MedCost,0
HomeBase and VehicleYear are not conditionally related under Cushioning,0
HomeBase and VehicleYear are not conditionally related under Airbag,0
HomeBase and VehicleYear are not conditionally related under ILiCost,0
HomeBase and VehicleYear are not conditionally related under DrivHist,0
HomeBase and ThisCarDam are not conditionally related under GoodStudent,0
HomeBase and ThisCarDam are conditionally related under Age,1
HomeBase and ThisCarDam are conditionally related under SocioEcon,1
HomeBase and ThisCarDam are conditionally related under RiskAversion,1
HomeBase and ThisCarDam are not conditionally related under VehicleYear,0
HomeBase and ThisCarDam are not conditionally related under RuggedAuto,0
HomeBase and ThisCarDam are not conditionally related under Accident,0
HomeBase and ThisCarDam are not conditionally related under MakeModel,0
HomeBase and ThisCarDam are not conditionally related under DrivQuality,0
HomeBase and ThisCarDam are not conditionally related under Mileage,0
HomeBase and ThisCarDam are not conditionally related under Antilock,0
HomeBase and ThisCarDam are not conditionally related under DrivingSkill,0
HomeBase and ThisCarDam are not conditionally related under SeniorTrain,0
HomeBase and ThisCarDam are conditionally related under ThisCarCost,1
HomeBase and ThisCarDam are not conditionally related under Theft,0
HomeBase and ThisCarDam are not conditionally related under CarValue,0
HomeBase and ThisCarDam are not conditionally related under AntiTheft,0
HomeBase and ThisCarDam are conditionally related under PropCost,1
HomeBase and ThisCarDam are not conditionally related under OtherCarCost,0
HomeBase and ThisCarDam are not conditionally related under OtherCar,0
HomeBase and ThisCarDam are not conditionally related under MedCost,0
HomeBase and ThisCarDam are not conditionally related under Cushioning,0
HomeBase and ThisCarDam are not conditionally related under Airbag,0
HomeBase and ThisCarDam are not conditionally related under ILiCost,0
HomeBase and ThisCarDam are not conditionally related under DrivHist,0
HomeBase and RuggedAuto are not conditionally related under GoodStudent,0
HomeBase and RuggedAuto are conditionally related under Age,1
HomeBase and RuggedAuto are conditionally related under SocioEcon,1
HomeBase and RuggedAuto are conditionally related under RiskAversion,1
HomeBase and RuggedAuto are not conditionally related under VehicleYear,0
HomeBase and RuggedAuto are not conditionally related under ThisCarDam,0
HomeBase and RuggedAuto are not conditionally related under Accident,0
HomeBase and RuggedAuto are not conditionally related under MakeModel,0
HomeBase and RuggedAuto are not conditionally related under DrivQuality,0
HomeBase and RuggedAuto are not conditionally related under Mileage,0
HomeBase and RuggedAuto are not conditionally related under Antilock,0
HomeBase and RuggedAuto are not conditionally related under DrivingSkill,0
HomeBase and RuggedAuto are not conditionally related under SeniorTrain,0
HomeBase and RuggedAuto are conditionally related under ThisCarCost,1
HomeBase and RuggedAuto are not conditionally related under Theft,0
HomeBase and RuggedAuto are not conditionally related under CarValue,0
HomeBase and RuggedAuto are not conditionally related under AntiTheft,0
HomeBase and RuggedAuto are conditionally related under PropCost,1
HomeBase and RuggedAuto are not conditionally related under OtherCarCost,0
HomeBase and RuggedAuto are not conditionally related under OtherCar,0
HomeBase and RuggedAuto are not conditionally related under MedCost,0
HomeBase and RuggedAuto are not conditionally related under Cushioning,0
HomeBase and RuggedAuto are not conditionally related under Airbag,0
HomeBase and RuggedAuto are not conditionally related under ILiCost,0
HomeBase and RuggedAuto are not conditionally related under DrivHist,0
HomeBase and Accident are not conditionally related under GoodStudent,0
HomeBase and Accident are conditionally related under Age,1
HomeBase and Accident are conditionally related under SocioEcon,1
HomeBase and Accident are conditionally related under RiskAversion,1
HomeBase and Accident are not conditionally related under VehicleYear,0
HomeBase and Accident are not conditionally related under ThisCarDam,0
HomeBase and Accident are not conditionally related under RuggedAuto,0
HomeBase and Accident are not conditionally related under MakeModel,0
HomeBase and Accident are not conditionally related under DrivQuality,0
HomeBase and Accident are not conditionally related under Mileage,0
HomeBase and Accident are not conditionally related under Antilock,0
HomeBase and Accident are not conditionally related under DrivingSkill,0
HomeBase and Accident are not conditionally related under SeniorTrain,0
HomeBase and Accident are conditionally related under ThisCarCost,1
HomeBase and Accident are not conditionally related under Theft,0
HomeBase and Accident are not conditionally related under CarValue,0
HomeBase and Accident are not conditionally related under AntiTheft,0
HomeBase and Accident are conditionally related under PropCost,1
HomeBase and Accident are not conditionally related under OtherCarCost,0
HomeBase and Accident are not conditionally related under OtherCar,0
HomeBase and Accident are not conditionally related under MedCost,0
HomeBase and Accident are not conditionally related under Cushioning,0
HomeBase and Accident are not conditionally related under Airbag,0
HomeBase and Accident are not conditionally related under ILiCost,0
HomeBase and Accident are not conditionally related under DrivHist,0
HomeBase and MakeModel are not conditionally related under GoodStudent,0
HomeBase and MakeModel are conditionally related under Age,1
HomeBase and MakeModel are conditionally related under SocioEcon,1
HomeBase and MakeModel are conditionally related under RiskAversion,1
HomeBase and MakeModel are not conditionally related under VehicleYear,0
HomeBase and MakeModel are not conditionally related under ThisCarDam,0
HomeBase and MakeModel are not conditionally related under RuggedAuto,0
HomeBase and MakeModel are not conditionally related under Accident,0
HomeBase and MakeModel are not conditionally related under DrivQuality,0
HomeBase and MakeModel are not conditionally related under Mileage,0
HomeBase and MakeModel are not conditionally related under Antilock,0
HomeBase and MakeModel are not conditionally related under DrivingSkill,0
HomeBase and MakeModel are not conditionally related under SeniorTrain,0
HomeBase and MakeModel are conditionally related under ThisCarCost,1
HomeBase and MakeModel are conditionally related under Theft,1
HomeBase and MakeModel are not conditionally related under CarValue,0
HomeBase and MakeModel are not conditionally related under AntiTheft,0
HomeBase and MakeModel are conditionally related under PropCost,1
HomeBase and MakeModel are not conditionally related under OtherCarCost,0
HomeBase and MakeModel are not conditionally related under OtherCar,0
HomeBase and MakeModel are not conditionally related under MedCost,0
HomeBase and MakeModel are not conditionally related under Cushioning,0
HomeBase and MakeModel are not conditionally related under Airbag,0
HomeBase and MakeModel are not conditionally related under ILiCost,0
HomeBase and MakeModel are not conditionally related under DrivHist,0
HomeBase and DrivQuality are not conditionally related under GoodStudent,0
HomeBase and DrivQuality are conditionally related under Age,1
HomeBase and DrivQuality are conditionally related under SocioEcon,1
HomeBase and DrivQuality are conditionally related under RiskAversion,1
HomeBase and DrivQuality are not conditionally related under VehicleYear,0
HomeBase and DrivQuality are not conditionally related under ThisCarDam,0
HomeBase and DrivQuality are not conditionally related under RuggedAuto,0
HomeBase and DrivQuality are not conditionally related under Accident,0
HomeBase and DrivQuality are not conditionally related under MakeModel,0
HomeBase and DrivQuality are not conditionally related under Mileage,0
HomeBase and DrivQuality are not conditionally related under Antilock,0
HomeBase and DrivQuality are not conditionally related under DrivingSkill,0
HomeBase and DrivQuality are not conditionally related under SeniorTrain,0
HomeBase and DrivQuality are conditionally related under ThisCarCost,1
HomeBase and DrivQuality are not conditionally related under Theft,0
HomeBase and DrivQuality are not conditionally related under CarValue,0
HomeBase and DrivQuality are not conditionally related under AntiTheft,0
HomeBase and DrivQuality are conditionally related under PropCost,1
HomeBase and DrivQuality are not conditionally related under OtherCarCost,0
HomeBase and DrivQuality are not conditionally related under OtherCar,0
HomeBase and DrivQuality are not conditionally related under MedCost,0
HomeBase and DrivQuality are not conditionally related under Cushioning,0
HomeBase and DrivQuality are not conditionally related under Airbag,0
HomeBase and DrivQuality are not conditionally related under ILiCost,0
HomeBase and DrivQuality are not conditionally related under DrivHist,0
HomeBase and Mileage are not conditionally related under GoodStudent,0
HomeBase and Mileage are not conditionally related under Age,0
HomeBase and Mileage are not conditionally related under SocioEcon,0
HomeBase and Mileage are not conditionally related under RiskAversion,0
HomeBase and Mileage are not conditionally related under VehicleYear,0
HomeBase and Mileage are not conditionally related under ThisCarDam,0
HomeBase and Mileage are not conditionally related under RuggedAuto,0
HomeBase and Mileage are not conditionally related under Accident,0
HomeBase and Mileage are not conditionally related under MakeModel,0
HomeBase and Mileage are not conditionally related under DrivQuality,0
HomeBase and Mileage are not conditionally related under Antilock,0
HomeBase and Mileage are not conditionally related under DrivingSkill,0
HomeBase and Mileage are not conditionally related under SeniorTrain,0
HomeBase and Mileage are conditionally related under ThisCarCost,1
HomeBase and Mileage are conditionally related under Theft,1
HomeBase and Mileage are not conditionally related under CarValue,0
HomeBase and Mileage are not conditionally related under AntiTheft,0
HomeBase and Mileage are conditionally related under PropCost,1
HomeBase and Mileage are not conditionally related under OtherCarCost,0
HomeBase and Mileage are not conditionally related under OtherCar,0
HomeBase and Mileage are not conditionally related under MedCost,0
HomeBase and Mileage are not conditionally related under Cushioning,0
HomeBase and Mileage are not conditionally related under Airbag,0
HomeBase and Mileage are not conditionally related under ILiCost,0
HomeBase and Mileage are not conditionally related under DrivHist,0
HomeBase and Antilock are not conditionally related under GoodStudent,0
HomeBase and Antilock are conditionally related under Age,1
HomeBase and Antilock are conditionally related under SocioEcon,1
HomeBase and Antilock are conditionally related under RiskAversion,1
HomeBase and Antilock are not conditionally related under VehicleYear,0
HomeBase and Antilock are not conditionally related under ThisCarDam,0
HomeBase and Antilock are not conditionally related under RuggedAuto,0
HomeBase and Antilock are not conditionally related under Accident,0
HomeBase and Antilock are not conditionally related under MakeModel,0
HomeBase and Antilock are not conditionally related under DrivQuality,0
HomeBase and Antilock are not conditionally related under Mileage,0
HomeBase and Antilock are not conditionally related under DrivingSkill,0
HomeBase and Antilock are not conditionally related under SeniorTrain,0
HomeBase and Antilock are conditionally related under ThisCarCost,1
HomeBase and Antilock are not conditionally related under Theft,0
HomeBase and Antilock are not conditionally related under CarValue,0
HomeBase and Antilock are not conditionally related under AntiTheft,0
HomeBase and Antilock are conditionally related under PropCost,1
HomeBase and Antilock are not conditionally related under OtherCarCost,0
HomeBase and Antilock are not conditionally related under OtherCar,0
HomeBase and Antilock are not conditionally related under MedCost,0
HomeBase and Antilock are not conditionally related under Cushioning,0
HomeBase and Antilock are not conditionally related under Airbag,0
HomeBase and Antilock are not conditionally related under ILiCost,0
HomeBase and Antilock are not conditionally related under DrivHist,0
HomeBase and DrivingSkill are not conditionally related under GoodStudent,0
HomeBase and DrivingSkill are conditionally related under Age,1
HomeBase and DrivingSkill are conditionally related under SocioEcon,1
HomeBase and DrivingSkill are conditionally related under RiskAversion,1
HomeBase and DrivingSkill are not conditionally related under VehicleYear,0
HomeBase and DrivingSkill are not conditionally related under ThisCarDam,0
HomeBase and DrivingSkill are not conditionally related under RuggedAuto,0
HomeBase and DrivingSkill are not conditionally related under Accident,0
HomeBase and DrivingSkill are not conditionally related under MakeModel,0
HomeBase and DrivingSkill are not conditionally related under DrivQuality,0
HomeBase and DrivingSkill are not conditionally related under Mileage,0
HomeBase and DrivingSkill are not conditionally related under Antilock,0
HomeBase and DrivingSkill are not conditionally related under SeniorTrain,0
HomeBase and DrivingSkill are conditionally related under ThisCarCost,1
HomeBase and DrivingSkill are not conditionally related under Theft,0
HomeBase and DrivingSkill are not conditionally related under CarValue,0
HomeBase and DrivingSkill are not conditionally related under AntiTheft,0
HomeBase and DrivingSkill are conditionally related under PropCost,1
HomeBase and DrivingSkill are not conditionally related under OtherCarCost,0
HomeBase and DrivingSkill are not conditionally related under OtherCar,0
HomeBase and DrivingSkill are not conditionally related under MedCost,0
HomeBase and DrivingSkill are not conditionally related under Cushioning,0
HomeBase and DrivingSkill are not conditionally related under Airbag,0
HomeBase and DrivingSkill are not conditionally related under ILiCost,0
HomeBase and DrivingSkill are not conditionally related under DrivHist,0
HomeBase and SeniorTrain are not conditionally related under GoodStudent,0
HomeBase and SeniorTrain are conditionally related under Age,1
HomeBase and SeniorTrain are conditionally related under SocioEcon,1
HomeBase and SeniorTrain are conditionally related under RiskAversion,1
HomeBase and SeniorTrain are not conditionally related under VehicleYear,0
HomeBase and SeniorTrain are not conditionally related under ThisCarDam,0
HomeBase and SeniorTrain are not conditionally related under RuggedAuto,0
HomeBase and SeniorTrain are not conditionally related under Accident,0
HomeBase and SeniorTrain are not conditionally related under MakeModel,0
HomeBase and SeniorTrain are not conditionally related under DrivQuality,0
HomeBase and SeniorTrain are not conditionally related under Mileage,0
HomeBase and SeniorTrain are not conditionally related under Antilock,0
HomeBase and SeniorTrain are not conditionally related under DrivingSkill,0
HomeBase and SeniorTrain are conditionally related under ThisCarCost,1
HomeBase and SeniorTrain are not conditionally related under Theft,0
HomeBase and SeniorTrain are not conditionally related under CarValue,0
HomeBase and SeniorTrain are not conditionally related under AntiTheft,0
HomeBase and SeniorTrain are conditionally related under PropCost,1
HomeBase and SeniorTrain are not conditionally related under OtherCarCost,0
HomeBase and SeniorTrain are not conditionally related under OtherCar,0
HomeBase and SeniorTrain are not conditionally related under MedCost,0
HomeBase and SeniorTrain are not conditionally related under Cushioning,0
HomeBase and SeniorTrain are not conditionally related under Airbag,0
HomeBase and SeniorTrain are not conditionally related under ILiCost,0
HomeBase and SeniorTrain are not conditionally related under DrivHist,0
HomeBase and ThisCarCost are related,1
HomeBase and Theft are related,1
HomeBase and CarValue are not conditionally related under GoodStudent,0
HomeBase and CarValue are conditionally related under Age,1
HomeBase and CarValue are conditionally related under SocioEcon,1
HomeBase and CarValue are conditionally related under RiskAversion,1
HomeBase and CarValue are not conditionally related under VehicleYear,0
HomeBase and CarValue are not conditionally related under ThisCarDam,0
HomeBase and CarValue are not conditionally related under RuggedAuto,0
HomeBase and CarValue are not conditionally related under Accident,0
HomeBase and CarValue are not conditionally related under MakeModel,0
HomeBase and CarValue are not conditionally related under DrivQuality,0
HomeBase and CarValue are not conditionally related under Mileage,0
HomeBase and CarValue are not conditionally related under Antilock,0
HomeBase and CarValue are not conditionally related under DrivingSkill,0
HomeBase and CarValue are not conditionally related under SeniorTrain,0
HomeBase and CarValue are conditionally related under ThisCarCost,1
HomeBase and CarValue are conditionally related under Theft,1
HomeBase and CarValue are not conditionally related under AntiTheft,0
HomeBase and CarValue are conditionally related under PropCost,1
HomeBase and CarValue are not conditionally related under OtherCarCost,0
HomeBase and CarValue are not conditionally related under OtherCar,0
HomeBase and CarValue are not conditionally related under MedCost,0
HomeBase and CarValue are not conditionally related under Cushioning,0
HomeBase and CarValue are not conditionally related under Airbag,0
HomeBase and CarValue are not conditionally related under ILiCost,0
HomeBase and CarValue are not conditionally related under DrivHist,0
HomeBase and AntiTheft are not conditionally related under GoodStudent,0
HomeBase and AntiTheft are conditionally related under Age,1
HomeBase and AntiTheft are conditionally related under SocioEcon,1
HomeBase and AntiTheft are conditionally related under RiskAversion,1
HomeBase and AntiTheft are not conditionally related under VehicleYear,0
HomeBase and AntiTheft are not conditionally related under ThisCarDam,0
HomeBase and AntiTheft are not conditionally related under RuggedAuto,0
HomeBase and AntiTheft are not conditionally related under Accident,0
HomeBase and AntiTheft are not conditionally related under MakeModel,0
HomeBase and AntiTheft are not conditionally related under DrivQuality,0
HomeBase and AntiTheft are not conditionally related under Mileage,0
HomeBase and AntiTheft are not conditionally related under Antilock,0
HomeBase and AntiTheft are not conditionally related under DrivingSkill,0
HomeBase and AntiTheft are not conditionally related under SeniorTrain,0
HomeBase and AntiTheft are conditionally related under ThisCarCost,1
HomeBase and AntiTheft are conditionally related under Theft,1
HomeBase and AntiTheft are not conditionally related under CarValue,0
HomeBase and AntiTheft are conditionally related under PropCost,1
HomeBase and AntiTheft are not conditionally related under OtherCarCost,0
HomeBase and AntiTheft are not conditionally related under OtherCar,0
HomeBase and AntiTheft are not conditionally related under MedCost,0
HomeBase and AntiTheft are not conditionally related under Cushioning,0
HomeBase and AntiTheft are not conditionally related under Airbag,0
HomeBase and AntiTheft are not conditionally related under ILiCost,0
HomeBase and AntiTheft are not conditionally related under DrivHist,0
HomeBase and PropCost are related,1
HomeBase and OtherCarCost are not conditionally related under GoodStudent,0
HomeBase and OtherCarCost are conditionally related under Age,1
HomeBase and OtherCarCost are conditionally related under SocioEcon,1
HomeBase and OtherCarCost are conditionally related under RiskAversion,1
HomeBase and OtherCarCost are not conditionally related under VehicleYear,0
HomeBase and OtherCarCost are not conditionally related under ThisCarDam,0
HomeBase and OtherCarCost are not conditionally related under RuggedAuto,0
HomeBase and OtherCarCost are not conditionally related under Accident,0
HomeBase and OtherCarCost are not conditionally related under MakeModel,0
HomeBase and OtherCarCost are not conditionally related under DrivQuality,0
HomeBase and OtherCarCost are not conditionally related under Mileage,0
HomeBase and OtherCarCost are not conditionally related under Antilock,0
HomeBase and OtherCarCost are not conditionally related under DrivingSkill,0
HomeBase and OtherCarCost are not conditionally related under SeniorTrain,0
HomeBase and OtherCarCost are not conditionally related under ThisCarCost,0
HomeBase and OtherCarCost are not conditionally related under Theft,0
HomeBase and OtherCarCost are not conditionally related under CarValue,0
HomeBase and OtherCarCost are not conditionally related under AntiTheft,0
HomeBase and OtherCarCost are conditionally related under PropCost,1
HomeBase and OtherCarCost are not conditionally related under OtherCar,0
HomeBase and OtherCarCost are not conditionally related under MedCost,0
HomeBase and OtherCarCost are not conditionally related under Cushioning,0
HomeBase and OtherCarCost are not conditionally related under Airbag,0
HomeBase and OtherCarCost are not conditionally related under ILiCost,0
HomeBase and OtherCarCost are not conditionally related under DrivHist,0
HomeBase and OtherCar are not conditionally related under GoodStudent,0
HomeBase and OtherCar are conditionally related under Age,1
HomeBase and OtherCar are conditionally related under SocioEcon,1
HomeBase and OtherCar are not conditionally related under RiskAversion,0
HomeBase and OtherCar are not conditionally related under VehicleYear,0
HomeBase and OtherCar are not conditionally related under ThisCarDam,0
HomeBase and OtherCar are not conditionally related under RuggedAuto,0
HomeBase and OtherCar are not conditionally related under Accident,0
HomeBase and OtherCar are not conditionally related under MakeModel,0
HomeBase and OtherCar are not conditionally related under DrivQuality,0
HomeBase and OtherCar are not conditionally related under Mileage,0
HomeBase and OtherCar are not conditionally related under Antilock,0
HomeBase and OtherCar are not conditionally related under DrivingSkill,0
HomeBase and OtherCar are not conditionally related under SeniorTrain,0
HomeBase and OtherCar are not conditionally related under ThisCarCost,0
HomeBase and OtherCar are not conditionally related under Theft,0
HomeBase and OtherCar are not conditionally related under CarValue,0
HomeBase and OtherCar are not conditionally related under AntiTheft,0
HomeBase and OtherCar are not conditionally related under PropCost,0
HomeBase and OtherCar are not conditionally related under OtherCarCost,0
HomeBase and OtherCar are not conditionally related under MedCost,0
HomeBase and OtherCar are not conditionally related under Cushioning,0
HomeBase and OtherCar are not conditionally related under Airbag,0
HomeBase and OtherCar are not conditionally related under ILiCost,0
HomeBase and OtherCar are not conditionally related under DrivHist,0
HomeBase and MedCost are not conditionally related under GoodStudent,0
HomeBase and MedCost are conditionally related under Age,1
HomeBase and MedCost are conditionally related under SocioEcon,1
HomeBase and MedCost are conditionally related under RiskAversion,1
HomeBase and MedCost are not conditionally related under VehicleYear,0
HomeBase and MedCost are not conditionally related under ThisCarDam,0
HomeBase and MedCost are not conditionally related under RuggedAuto,0
HomeBase and MedCost are not conditionally related under Accident,0
HomeBase and MedCost are not conditionally related under MakeModel,0
HomeBase and MedCost are not conditionally related under DrivQuality,0
HomeBase and MedCost are not conditionally related under Mileage,0
HomeBase and MedCost are not conditionally related under Antilock,0
HomeBase and MedCost are not conditionally related under DrivingSkill,0
HomeBase and MedCost are not conditionally related under SeniorTrain,0
HomeBase and MedCost are not conditionally related under ThisCarCost,0
HomeBase and MedCost are not conditionally related under Theft,0
HomeBase and MedCost are not conditionally related under CarValue,0
HomeBase and MedCost are not conditionally related under AntiTheft,0
HomeBase and MedCost are not conditionally related under PropCost,0
HomeBase and MedCost are not conditionally related under OtherCarCost,0
HomeBase and MedCost are not conditionally related under OtherCar,0
HomeBase and MedCost are not conditionally related under Cushioning,0
HomeBase and MedCost are not conditionally related under Airbag,0
HomeBase and MedCost are not conditionally related under ILiCost,0
HomeBase and MedCost are not conditionally related under DrivHist,0
HomeBase and Cushioning are not conditionally related under GoodStudent,0
HomeBase and Cushioning are conditionally related under Age,1
HomeBase and Cushioning are conditionally related under SocioEcon,1
HomeBase and Cushioning are conditionally related under RiskAversion,1
HomeBase and Cushioning are not conditionally related under VehicleYear,0
HomeBase and Cushioning are not conditionally related under ThisCarDam,0
HomeBase and Cushioning are not conditionally related under RuggedAuto,0
HomeBase and Cushioning are not conditionally related under Accident,0
HomeBase and Cushioning are not conditionally related under MakeModel,0
HomeBase and Cushioning are not conditionally related under DrivQuality,0
HomeBase and Cushioning are not conditionally related under Mileage,0
HomeBase and Cushioning are not conditionally related under Antilock,0
HomeBase and Cushioning are not conditionally related under DrivingSkill,0
HomeBase and Cushioning are not conditionally related under SeniorTrain,0
HomeBase and Cushioning are not conditionally related under ThisCarCost,0
HomeBase and Cushioning are not conditionally related under Theft,0
HomeBase and Cushioning are not conditionally related under CarValue,0
HomeBase and Cushioning are not conditionally related under AntiTheft,0
HomeBase and Cushioning are not conditionally related under PropCost,0
HomeBase and Cushioning are not conditionally related under OtherCarCost,0
HomeBase and Cushioning are not conditionally related under OtherCar,0
HomeBase and Cushioning are not conditionally related under MedCost,0
HomeBase and Cushioning are not conditionally related under Airbag,0
HomeBase and Cushioning are not conditionally related under ILiCost,0
HomeBase and Cushioning are not conditionally related under DrivHist,0
HomeBase and Airbag are not conditionally related under GoodStudent,0
HomeBase and Airbag are conditionally related under Age,1
HomeBase and Airbag are conditionally related under SocioEcon,1
HomeBase and Airbag are conditionally related under RiskAversion,1
HomeBase and Airbag are not conditionally related under VehicleYear,0
HomeBase and Airbag are not conditionally related under ThisCarDam,0
HomeBase and Airbag are not conditionally related under RuggedAuto,0
HomeBase and Airbag are not conditionally related under Accident,0
HomeBase and Airbag are not conditionally related under MakeModel,0
HomeBase and Airbag are not conditionally related under DrivQuality,0
HomeBase and Airbag are not conditionally related under Mileage,0
HomeBase and Airbag are not conditionally related under Antilock,0
HomeBase and Airbag are not conditionally related under DrivingSkill,0
HomeBase and Airbag are not conditionally related under SeniorTrain,0
HomeBase and Airbag are not conditionally related under ThisCarCost,0
HomeBase and Airbag are not conditionally related under Theft,0
HomeBase and Airbag are not conditionally related under CarValue,0
HomeBase and Airbag are not conditionally related under AntiTheft,0
HomeBase and Airbag are not conditionally related under PropCost,0
HomeBase and Airbag are not conditionally related under OtherCarCost,0
HomeBase and Airbag are not conditionally related under OtherCar,0
HomeBase and Airbag are not conditionally related under MedCost,0
HomeBase and Airbag are not conditionally related under Cushioning,0
HomeBase and Airbag are not conditionally related under ILiCost,0
HomeBase and Airbag are not conditionally related under DrivHist,0
HomeBase and ILiCost are not conditionally related under GoodStudent,0
HomeBase and ILiCost are conditionally related under Age,1
HomeBase and ILiCost are conditionally related under SocioEcon,1
HomeBase and ILiCost are conditionally related under RiskAversion,1
HomeBase and ILiCost are not conditionally related under VehicleYear,0
HomeBase and ILiCost are not conditionally related under ThisCarDam,0
HomeBase and ILiCost are not conditionally related under RuggedAuto,0
HomeBase and ILiCost are not conditionally related under Accident,0
HomeBase and ILiCost are not conditionally related under MakeModel,0
HomeBase and ILiCost are not conditionally related under DrivQuality,0
HomeBase and ILiCost are not conditionally related under Mileage,0
HomeBase and ILiCost are not conditionally related under Antilock,0
HomeBase and ILiCost are not conditionally related under DrivingSkill,0
HomeBase and ILiCost are not conditionally related under SeniorTrain,0
HomeBase and ILiCost are not conditionally related under ThisCarCost,0
HomeBase and ILiCost are not conditionally related under Theft,0
HomeBase and ILiCost are not conditionally related under CarValue,0
HomeBase and ILiCost are not conditionally related under AntiTheft,0
HomeBase and ILiCost are not conditionally related under PropCost,0
HomeBase and ILiCost are not conditionally related under OtherCarCost,0
HomeBase and ILiCost are not conditionally related under OtherCar,0
HomeBase and ILiCost are not conditionally related under MedCost,0
HomeBase and ILiCost are not conditionally related under Cushioning,0
HomeBase and ILiCost are not conditionally related under Airbag,0
HomeBase and ILiCost are not conditionally related under DrivHist,0
HomeBase and DrivHist are not conditionally related under GoodStudent,0
HomeBase and DrivHist are conditionally related under Age,1
HomeBase and DrivHist are conditionally related under SocioEcon,1
HomeBase and DrivHist are conditionally related under RiskAversion,1
HomeBase and DrivHist are not conditionally related under VehicleYear,0
HomeBase and DrivHist are not conditionally related under ThisCarDam,0
HomeBase and DrivHist are not conditionally related under RuggedAuto,0
HomeBase and DrivHist are not conditionally related under Accident,0
HomeBase and DrivHist are not conditionally related under MakeModel,0
HomeBase and DrivHist are not conditionally related under DrivQuality,0
HomeBase and DrivHist are not conditionally related under Mileage,0
HomeBase and DrivHist are not conditionally related under Antilock,0
HomeBase and DrivHist are not conditionally related under DrivingSkill,0
HomeBase and DrivHist are not conditionally related under SeniorTrain,0
HomeBase and DrivHist are not conditionally related under ThisCarCost,0
HomeBase and DrivHist are not conditionally related under Theft,0
HomeBase and DrivHist are not conditionally related under CarValue,0
HomeBase and DrivHist are not conditionally related under AntiTheft,0
HomeBase and DrivHist are not conditionally related under PropCost,0
HomeBase and DrivHist are not conditionally related under OtherCarCost,0
HomeBase and DrivHist are not conditionally related under OtherCar,0
HomeBase and DrivHist are not conditionally related under MedCost,0
HomeBase and DrivHist are not conditionally related under Cushioning,0
HomeBase and DrivHist are not conditionally related under Airbag,0
HomeBase and DrivHist are not conditionally related under ILiCost,0
AntiTheft and GoodStudent are conditionally related under Age,1
AntiTheft and GoodStudent are conditionally related under SocioEcon,1
AntiTheft and GoodStudent are not conditionally related under RiskAversion,0
AntiTheft and GoodStudent are not conditionally related under VehicleYear,0
AntiTheft and GoodStudent are not conditionally related under ThisCarDam,0
AntiTheft and GoodStudent are not conditionally related under RuggedAuto,0
AntiTheft and GoodStudent are not conditionally related under Accident,0
AntiTheft and GoodStudent are not conditionally related under MakeModel,0
AntiTheft and GoodStudent are not conditionally related under DrivQuality,0
AntiTheft and GoodStudent are not conditionally related under Mileage,0
AntiTheft and GoodStudent are not conditionally related under Antilock,0
AntiTheft and GoodStudent are not conditionally related under DrivingSkill,0
AntiTheft and GoodStudent are not conditionally related under SeniorTrain,0
AntiTheft and GoodStudent are not conditionally related under ThisCarCost,0
AntiTheft and GoodStudent are not conditionally related under Theft,0
AntiTheft and GoodStudent are not conditionally related under CarValue,0
AntiTheft and GoodStudent are not conditionally related under HomeBase,0
AntiTheft and GoodStudent are not conditionally related under PropCost,0
AntiTheft and GoodStudent are not conditionally related under OtherCarCost,0
AntiTheft and GoodStudent are not conditionally related under OtherCar,0
AntiTheft and GoodStudent are not conditionally related under MedCost,0
AntiTheft and GoodStudent are not conditionally related under Cushioning,0
AntiTheft and GoodStudent are not conditionally related under Airbag,0
AntiTheft and GoodStudent are not conditionally related under ILiCost,0
AntiTheft and GoodStudent are not conditionally related under DrivHist,0
AntiTheft and Age are related,1
AntiTheft and SocioEcon are related,1
AntiTheft and RiskAversion are related,1
AntiTheft and VehicleYear are not conditionally related under GoodStudent,0
AntiTheft and VehicleYear are conditionally related under Age,1
AntiTheft and VehicleYear are conditionally related under SocioEcon,1
AntiTheft and VehicleYear are conditionally related under RiskAversion,1
AntiTheft and VehicleYear are not conditionally related under ThisCarDam,0
AntiTheft and VehicleYear are not conditionally related under RuggedAuto,0
AntiTheft and VehicleYear are not conditionally related under Accident,0
AntiTheft and VehicleYear are not conditionally related under MakeModel,0
AntiTheft and VehicleYear are not conditionally related under DrivQuality,0
AntiTheft and VehicleYear are not conditionally related under Mileage,0
AntiTheft and VehicleYear are not conditionally related under Antilock,0
AntiTheft and VehicleYear are not conditionally related under DrivingSkill,0
AntiTheft and VehicleYear are not conditionally related under SeniorTrain,0
AntiTheft and VehicleYear are conditionally related under ThisCarCost,1
AntiTheft and VehicleYear are conditionally related under Theft,1
AntiTheft and VehicleYear are not conditionally related under CarValue,0
AntiTheft and VehicleYear are not conditionally related under HomeBase,0
AntiTheft and VehicleYear are conditionally related under PropCost,1
AntiTheft and VehicleYear are not conditionally related under OtherCarCost,0
AntiTheft and VehicleYear are not conditionally related under OtherCar,0
AntiTheft and VehicleYear are not conditionally related under MedCost,0
AntiTheft and VehicleYear are not conditionally related under Cushioning,0
AntiTheft and VehicleYear are not conditionally related under Airbag,0
AntiTheft and VehicleYear are not conditionally related under ILiCost,0
AntiTheft and VehicleYear are not conditionally related under DrivHist,0
AntiTheft and ThisCarDam are not conditionally related under GoodStudent,0
AntiTheft and ThisCarDam are conditionally related under Age,1
AntiTheft and ThisCarDam are conditionally related under SocioEcon,1
AntiTheft and ThisCarDam are conditionally related under RiskAversion,1
AntiTheft and ThisCarDam are not conditionally related under VehicleYear,0
AntiTheft and ThisCarDam are not conditionally related under RuggedAuto,0
AntiTheft and ThisCarDam are not conditionally related under Accident,0
AntiTheft and ThisCarDam are not conditionally related under MakeModel,0
AntiTheft and ThisCarDam are not conditionally related under DrivQuality,0
AntiTheft and ThisCarDam are not conditionally related under Mileage,0
AntiTheft and ThisCarDam are not conditionally related under Antilock,0
AntiTheft and ThisCarDam are not conditionally related under DrivingSkill,0
AntiTheft and ThisCarDam are not conditionally related under SeniorTrain,0
AntiTheft and ThisCarDam are conditionally related under ThisCarCost,1
AntiTheft and ThisCarDam are not conditionally related under Theft,0
AntiTheft and ThisCarDam are not conditionally related under CarValue,0
AntiTheft and ThisCarDam are not conditionally related under HomeBase,0
AntiTheft and ThisCarDam are conditionally related under PropCost,1
AntiTheft and ThisCarDam are not conditionally related under OtherCarCost,0
AntiTheft and ThisCarDam are not conditionally related under OtherCar,0
AntiTheft and ThisCarDam are not conditionally related under MedCost,0
AntiTheft and ThisCarDam are not conditionally related under Cushioning,0
AntiTheft and ThisCarDam are not conditionally related under Airbag,0
AntiTheft and ThisCarDam are not conditionally related under ILiCost,0
AntiTheft and ThisCarDam are not conditionally related under DrivHist,0
AntiTheft and RuggedAuto are not conditionally related under GoodStudent,0
AntiTheft and RuggedAuto are conditionally related under Age,1
AntiTheft and RuggedAuto are conditionally related under SocioEcon,1
AntiTheft and RuggedAuto are conditionally related under RiskAversion,1
AntiTheft and RuggedAuto are not conditionally related under VehicleYear,0
AntiTheft and RuggedAuto are not conditionally related under ThisCarDam,0
AntiTheft and RuggedAuto are not conditionally related under Accident,0
AntiTheft and RuggedAuto are not conditionally related under MakeModel,0
AntiTheft and RuggedAuto are not conditionally related under DrivQuality,0
AntiTheft and RuggedAuto are not conditionally related under Mileage,0
AntiTheft and RuggedAuto are not conditionally related under Antilock,0
AntiTheft and RuggedAuto are not conditionally related under DrivingSkill,0
AntiTheft and RuggedAuto are not conditionally related under SeniorTrain,0
AntiTheft and RuggedAuto are conditionally related under ThisCarCost,1
AntiTheft and RuggedAuto are not conditionally related under Theft,0
AntiTheft and RuggedAuto are not conditionally related under CarValue,0
AntiTheft and RuggedAuto are not conditionally related under HomeBase,0
AntiTheft and RuggedAuto are conditionally related under PropCost,1
AntiTheft and RuggedAuto are not conditionally related under OtherCarCost,0
AntiTheft and RuggedAuto are not conditionally related under OtherCar,0
AntiTheft and RuggedAuto are not conditionally related under MedCost,0
AntiTheft and RuggedAuto are not conditionally related under Cushioning,0
AntiTheft and RuggedAuto are not conditionally related under Airbag,0
AntiTheft and RuggedAuto are not conditionally related under ILiCost,0
AntiTheft and RuggedAuto are not conditionally related under DrivHist,0
AntiTheft and Accident are not conditionally related under GoodStudent,0
AntiTheft and Accident are conditionally related under Age,1
AntiTheft and Accident are conditionally related under SocioEcon,1
AntiTheft and Accident are conditionally related under RiskAversion,1
AntiTheft and Accident are not conditionally related under VehicleYear,0
AntiTheft and Accident are not conditionally related under ThisCarDam,0
AntiTheft and Accident are not conditionally related under RuggedAuto,0
AntiTheft and Accident are not conditionally related under MakeModel,0
AntiTheft and Accident are not conditionally related under DrivQuality,0
AntiTheft and Accident are not conditionally related under Mileage,0
AntiTheft and Accident are not conditionally related under Antilock,0
AntiTheft and Accident are not conditionally related under DrivingSkill,0
AntiTheft and Accident are not conditionally related under SeniorTrain,0
AntiTheft and Accident are conditionally related under ThisCarCost,1
AntiTheft and Accident are not conditionally related under Theft,0
AntiTheft and Accident are not conditionally related under CarValue,0
AntiTheft and Accident are not conditionally related under HomeBase,0
AntiTheft and Accident are conditionally related under PropCost,1
AntiTheft and Accident are not conditionally related under OtherCarCost,0
AntiTheft and Accident are not conditionally related under OtherCar,0
AntiTheft and Accident are not conditionally related under MedCost,0
AntiTheft and Accident are not conditionally related under Cushioning,0
AntiTheft and Accident are not conditionally related under Airbag,0
AntiTheft and Accident are not conditionally related under ILiCost,0
AntiTheft and Accident are not conditionally related under DrivHist,0
AntiTheft and MakeModel are not conditionally related under GoodStudent,0
AntiTheft and MakeModel are conditionally related under Age,1
AntiTheft and MakeModel are conditionally related under SocioEcon,1
AntiTheft and MakeModel are conditionally related under RiskAversion,1
AntiTheft and MakeModel are not conditionally related under VehicleYear,0
AntiTheft and MakeModel are not conditionally related under ThisCarDam,0
AntiTheft and MakeModel are not conditionally related under RuggedAuto,0
AntiTheft and MakeModel are not conditionally related under Accident,0
AntiTheft and MakeModel are not conditionally related under DrivQuality,0
AntiTheft and MakeModel are not conditionally related under Mileage,0
AntiTheft and MakeModel are not conditionally related under Antilock,0
AntiTheft and MakeModel are not conditionally related under DrivingSkill,0
AntiTheft and MakeModel are not conditionally related under SeniorTrain,0
AntiTheft and MakeModel are conditionally related under ThisCarCost,1
AntiTheft and MakeModel are conditionally related under Theft,1
AntiTheft and MakeModel are not conditionally related under CarValue,0
AntiTheft and MakeModel are not conditionally related under HomeBase,0
AntiTheft and MakeModel are conditionally related under PropCost,1
AntiTheft and MakeModel are not conditionally related under OtherCarCost,0
AntiTheft and MakeModel are not conditionally related under OtherCar,0
AntiTheft and MakeModel are not conditionally related under MedCost,0
AntiTheft and MakeModel are not conditionally related under Cushioning,0
AntiTheft and MakeModel are not conditionally related under Airbag,0
AntiTheft and MakeModel are not conditionally related under ILiCost,0
AntiTheft and MakeModel are not conditionally related under DrivHist,0
AntiTheft and DrivQuality are not conditionally related under GoodStudent,0
AntiTheft and DrivQuality are conditionally related under Age,1
AntiTheft and DrivQuality are conditionally related under SocioEcon,1
AntiTheft and DrivQuality are conditionally related under RiskAversion,1
AntiTheft and DrivQuality are not conditionally related under VehicleYear,0
AntiTheft and DrivQuality are not conditionally related under ThisCarDam,0
AntiTheft and DrivQuality are not conditionally related under RuggedAuto,0
AntiTheft and DrivQuality are not conditionally related under Accident,0
AntiTheft and DrivQuality are not conditionally related under MakeModel,0
AntiTheft and DrivQuality are not conditionally related under Mileage,0
AntiTheft and DrivQuality are not conditionally related under Antilock,0
AntiTheft and DrivQuality are not conditionally related under DrivingSkill,0
AntiTheft and DrivQuality are not conditionally related under SeniorTrain,0
AntiTheft and DrivQuality are conditionally related under ThisCarCost,1
AntiTheft and DrivQuality are not conditionally related under Theft,0
AntiTheft and DrivQuality are not conditionally related under CarValue,0
AntiTheft and DrivQuality are not conditionally related under HomeBase,0
AntiTheft and DrivQuality are conditionally related under PropCost,1
AntiTheft and DrivQuality are not conditionally related under OtherCarCost,0
AntiTheft and DrivQuality are not conditionally related under OtherCar,0
AntiTheft and DrivQuality are not conditionally related under MedCost,0
AntiTheft and DrivQuality are not conditionally related under Cushioning,0
AntiTheft and DrivQuality are not conditionally related under Airbag,0
AntiTheft and DrivQuality are not conditionally related under ILiCost,0
AntiTheft and DrivQuality are not conditionally related under DrivHist,0
AntiTheft and Mileage are not conditionally related under GoodStudent,0
AntiTheft and Mileage are not conditionally related under Age,0
AntiTheft and Mileage are not conditionally related under SocioEcon,0
AntiTheft and Mileage are not conditionally related under RiskAversion,0
AntiTheft and Mileage are not conditionally related under VehicleYear,0
AntiTheft and Mileage are not conditionally related under ThisCarDam,0
AntiTheft and Mileage are not conditionally related under RuggedAuto,0
AntiTheft and Mileage are not conditionally related under Accident,0
AntiTheft and Mileage are not conditionally related under MakeModel,0
AntiTheft and Mileage are not conditionally related under DrivQuality,0
AntiTheft and Mileage are not conditionally related under Antilock,0
AntiTheft and Mileage are not conditionally related under DrivingSkill,0
AntiTheft and Mileage are not conditionally related under SeniorTrain,0
AntiTheft and Mileage are conditionally related under ThisCarCost,1
AntiTheft and Mileage are conditionally related under Theft,1
AntiTheft and Mileage are not conditionally related under CarValue,0
AntiTheft and Mileage are not conditionally related under HomeBase,0
AntiTheft and Mileage are conditionally related under PropCost,1
AntiTheft and Mileage are not conditionally related under OtherCarCost,0
AntiTheft and Mileage are not conditionally related under OtherCar,0
AntiTheft and Mileage are not conditionally related under MedCost,0
AntiTheft and Mileage are not conditionally related under Cushioning,0
AntiTheft and Mileage are not conditionally related under Airbag,0
AntiTheft and Mileage are not conditionally related under ILiCost,0
AntiTheft and Mileage are not conditionally related under DrivHist,0
AntiTheft and Antilock are not conditionally related under GoodStudent,0
AntiTheft and Antilock are conditionally related under Age,1
AntiTheft and Antilock are conditionally related under SocioEcon,1
AntiTheft and Antilock are conditionally related under RiskAversion,1
AntiTheft and Antilock are not conditionally related under VehicleYear,0
AntiTheft and Antilock are not conditionally related under ThisCarDam,0
AntiTheft and Antilock are not conditionally related under RuggedAuto,0
AntiTheft and Antilock are not conditionally related under Accident,0
AntiTheft and Antilock are not conditionally related under MakeModel,0
AntiTheft and Antilock are not conditionally related under DrivQuality,0
AntiTheft and Antilock are not conditionally related under Mileage,0
AntiTheft and Antilock are not conditionally related under DrivingSkill,0
AntiTheft and Antilock are not conditionally related under SeniorTrain,0
AntiTheft and Antilock are conditionally related under ThisCarCost,1
AntiTheft and Antilock are not conditionally related under Theft,0
AntiTheft and Antilock are not conditionally related under CarValue,0
AntiTheft and Antilock are not conditionally related under HomeBase,0
AntiTheft and Antilock are conditionally related under PropCost,1
AntiTheft and Antilock are not conditionally related under OtherCarCost,0
AntiTheft and Antilock are not conditionally related under OtherCar,0
AntiTheft and Antilock are not conditionally related under MedCost,0
AntiTheft and Antilock are not conditionally related under Cushioning,0
AntiTheft and Antilock are not conditionally related under Airbag,0
AntiTheft and Antilock are not conditionally related under ILiCost,0
AntiTheft and Antilock are not conditionally related under DrivHist,0
AntiTheft and DrivingSkill are not conditionally related under GoodStudent,0
AntiTheft and DrivingSkill are conditionally related under Age,1
AntiTheft and DrivingSkill are conditionally related under SocioEcon,1
AntiTheft and DrivingSkill are conditionally related under RiskAversion,1
AntiTheft and DrivingSkill are not conditionally related under VehicleYear,0
AntiTheft and DrivingSkill are not conditionally related under ThisCarDam,0
AntiTheft and DrivingSkill are not conditionally related under RuggedAuto,0
AntiTheft and DrivingSkill are not conditionally related under Accident,0
AntiTheft and DrivingSkill are not conditionally related under MakeModel,0
AntiTheft and DrivingSkill are not conditionally related under DrivQuality,0
AntiTheft and DrivingSkill are not conditionally related under Mileage,0
AntiTheft and DrivingSkill are not conditionally related under Antilock,0
AntiTheft and DrivingSkill are not conditionally related under SeniorTrain,0
AntiTheft and DrivingSkill are conditionally related under ThisCarCost,1
AntiTheft and DrivingSkill are not conditionally related under Theft,0
AntiTheft and DrivingSkill are not conditionally related under CarValue,0
AntiTheft and DrivingSkill are not conditionally related under HomeBase,0
AntiTheft and DrivingSkill are conditionally related under PropCost,1
AntiTheft and DrivingSkill are not conditionally related under OtherCarCost,0
AntiTheft and DrivingSkill are not conditionally related under OtherCar,0
AntiTheft and DrivingSkill are not conditionally related under MedCost,0
AntiTheft and DrivingSkill are not conditionally related under Cushioning,0
AntiTheft and DrivingSkill are not conditionally related under Airbag,0
AntiTheft and DrivingSkill are not conditionally related under ILiCost,0
AntiTheft and DrivingSkill are not conditionally related under DrivHist,0
AntiTheft and SeniorTrain are not conditionally related under GoodStudent,0
AntiTheft and SeniorTrain are conditionally related under Age,1
AntiTheft and SeniorTrain are conditionally related under SocioEcon,1
AntiTheft and SeniorTrain are conditionally related under RiskAversion,1
AntiTheft and SeniorTrain are not conditionally related under VehicleYear,0
AntiTheft and SeniorTrain are not conditionally related under ThisCarDam,0
AntiTheft and SeniorTrain are not conditionally related under RuggedAuto,0
AntiTheft and SeniorTrain are not conditionally related under Accident,0
AntiTheft and SeniorTrain are not conditionally related under MakeModel,0
AntiTheft and SeniorTrain are not conditionally related under DrivQuality,0
AntiTheft and SeniorTrain are not conditionally related under Mileage,0
AntiTheft and SeniorTrain are not conditionally related under Antilock,0
AntiTheft and SeniorTrain are not conditionally related under DrivingSkill,0
AntiTheft and SeniorTrain are conditionally related under ThisCarCost,1
AntiTheft and SeniorTrain are not conditionally related under Theft,0
AntiTheft and SeniorTrain are not conditionally related under CarValue,0
AntiTheft and SeniorTrain are not conditionally related under HomeBase,0
AntiTheft and SeniorTrain are conditionally related under PropCost,1
AntiTheft and SeniorTrain are not conditionally related under OtherCarCost,0
AntiTheft and SeniorTrain are not conditionally related under OtherCar,0
AntiTheft and SeniorTrain are not conditionally related under MedCost,0
AntiTheft and SeniorTrain are not conditionally related under Cushioning,0
AntiTheft and SeniorTrain are not conditionally related under Airbag,0
AntiTheft and SeniorTrain are not conditionally related under ILiCost,0
AntiTheft and SeniorTrain are not conditionally related under DrivHist,0
AntiTheft and ThisCarCost are related,1
AntiTheft and Theft are related,1
AntiTheft and CarValue are not conditionally related under GoodStudent,0
AntiTheft and CarValue are conditionally related under Age,1
AntiTheft and CarValue are conditionally related under SocioEcon,1
AntiTheft and CarValue are conditionally related under RiskAversion,1
AntiTheft and CarValue are not conditionally related under VehicleYear,0
AntiTheft and CarValue are not conditionally related under ThisCarDam,0
AntiTheft and CarValue are not conditionally related under RuggedAuto,0
AntiTheft and CarValue are not conditionally related under Accident,0
AntiTheft and CarValue are not conditionally related under MakeModel,0
AntiTheft and CarValue are not conditionally related under DrivQuality,0
AntiTheft and CarValue are not conditionally related under Mileage,0
AntiTheft and CarValue are not conditionally related under Antilock,0
AntiTheft and CarValue are not conditionally related under DrivingSkill,0
AntiTheft and CarValue are not conditionally related under SeniorTrain,0
AntiTheft and CarValue are conditionally related under ThisCarCost,1
AntiTheft and CarValue are conditionally related under Theft,1
AntiTheft and CarValue are not conditionally related under HomeBase,0
AntiTheft and CarValue are conditionally related under PropCost,1
AntiTheft and CarValue are not conditionally related under OtherCarCost,0
AntiTheft and CarValue are not conditionally related under OtherCar,0
AntiTheft and CarValue are not conditionally related under MedCost,0
AntiTheft and CarValue are not conditionally related under Cushioning,0
AntiTheft and CarValue are not conditionally related under Airbag,0
AntiTheft and CarValue are not conditionally related under ILiCost,0
AntiTheft and CarValue are not conditionally related under DrivHist,0
AntiTheft and HomeBase are not conditionally related under GoodStudent,0
AntiTheft and HomeBase are conditionally related under Age,1
AntiTheft and HomeBase are conditionally related under SocioEcon,1
AntiTheft and HomeBase are conditionally related under RiskAversion,1
AntiTheft and HomeBase are not conditionally related under VehicleYear,0
AntiTheft and HomeBase are not conditionally related under ThisCarDam,0
AntiTheft and HomeBase are not conditionally related under RuggedAuto,0
AntiTheft and HomeBase are not conditionally related under Accident,0
AntiTheft and HomeBase are not conditionally related under MakeModel,0
AntiTheft and HomeBase are not conditionally related under DrivQuality,0
AntiTheft and HomeBase are not conditionally related under Mileage,0
AntiTheft and HomeBase are not conditionally related under Antilock,0
AntiTheft and HomeBase are not conditionally related under DrivingSkill,0
AntiTheft and HomeBase are not conditionally related under SeniorTrain,0
AntiTheft and HomeBase are conditionally related under ThisCarCost,1
AntiTheft and HomeBase are conditionally related under Theft,1
AntiTheft and HomeBase are not conditionally related under CarValue,0
AntiTheft and HomeBase are conditionally related under PropCost,1
AntiTheft and HomeBase are not conditionally related under OtherCarCost,0
AntiTheft and HomeBase are not conditionally related under OtherCar,0
AntiTheft and HomeBase are not conditionally related under MedCost,0
AntiTheft and HomeBase are not conditionally related under Cushioning,0
AntiTheft and HomeBase are not conditionally related under Airbag,0
AntiTheft and HomeBase are not conditionally related under ILiCost,0
AntiTheft and HomeBase are not conditionally related under DrivHist,0
AntiTheft and PropCost are related,1
AntiTheft and OtherCarCost are not conditionally related under GoodStudent,0
AntiTheft and OtherCarCost are conditionally related under Age,1
AntiTheft and OtherCarCost are conditionally related under SocioEcon,1
AntiTheft and OtherCarCost are conditionally related under RiskAversion,1
AntiTheft and OtherCarCost are not conditionally related under VehicleYear,0
AntiTheft and OtherCarCost are not conditionally related under ThisCarDam,0
AntiTheft and OtherCarCost are not conditionally related under RuggedAuto,0
AntiTheft and OtherCarCost are not conditionally related under Accident,0
AntiTheft and OtherCarCost are not conditionally related under MakeModel,0
AntiTheft and OtherCarCost are not conditionally related under DrivQuality,0
AntiTheft and OtherCarCost are not conditionally related under Mileage,0
AntiTheft and OtherCarCost are not conditionally related under Antilock,0
AntiTheft and OtherCarCost are not conditionally related under DrivingSkill,0
AntiTheft and OtherCarCost are not conditionally related under SeniorTrain,0
AntiTheft and OtherCarCost are not conditionally related under ThisCarCost,0
AntiTheft and OtherCarCost are not conditionally related under Theft,0
AntiTheft and OtherCarCost are not conditionally related under CarValue,0
AntiTheft and OtherCarCost are not conditionally related under HomeBase,0
AntiTheft and OtherCarCost are conditionally related under PropCost,1
AntiTheft and OtherCarCost are not conditionally related under OtherCar,0
AntiTheft and OtherCarCost are not conditionally related under MedCost,0
AntiTheft and OtherCarCost are not conditionally related under Cushioning,0
AntiTheft and OtherCarCost are not conditionally related under Airbag,0
AntiTheft and OtherCarCost are not conditionally related under ILiCost,0
AntiTheft and OtherCarCost are not conditionally related under DrivHist,0
AntiTheft and OtherCar are not conditionally related under GoodStudent,0
AntiTheft and OtherCar are conditionally related under Age,1
AntiTheft and OtherCar are conditionally related under SocioEcon,1
AntiTheft and OtherCar are not conditionally related under RiskAversion,0
AntiTheft and OtherCar are not conditionally related under VehicleYear,0
AntiTheft and OtherCar are not conditionally related under ThisCarDam,0
AntiTheft and OtherCar are not conditionally related under RuggedAuto,0
AntiTheft and OtherCar are not conditionally related under Accident,0
AntiTheft and OtherCar are not conditionally related under MakeModel,0
AntiTheft and OtherCar are not conditionally related under DrivQuality,0
AntiTheft and OtherCar are not conditionally related under Mileage,0
AntiTheft and OtherCar are not conditionally related under Antilock,0
AntiTheft and OtherCar are not conditionally related under DrivingSkill,0
AntiTheft and OtherCar are not conditionally related under SeniorTrain,0
AntiTheft and OtherCar are not conditionally related under ThisCarCost,0
AntiTheft and OtherCar are not conditionally related under Theft,0
AntiTheft and OtherCar are not conditionally related under CarValue,0
AntiTheft and OtherCar are not conditionally related under HomeBase,0
AntiTheft and OtherCar are not conditionally related under PropCost,0
AntiTheft and OtherCar are not conditionally related under OtherCarCost,0
AntiTheft and OtherCar are not conditionally related under MedCost,0
AntiTheft and OtherCar are not conditionally related under Cushioning,0
AntiTheft and OtherCar are not conditionally related under Airbag,0
AntiTheft and OtherCar are not conditionally related under ILiCost,0
AntiTheft and OtherCar are not conditionally related under DrivHist,0
AntiTheft and MedCost are not conditionally related under GoodStudent,0
AntiTheft and MedCost are conditionally related under Age,1
AntiTheft and MedCost are conditionally related under SocioEcon,1
AntiTheft and MedCost are conditionally related under RiskAversion,1
AntiTheft and MedCost are not conditionally related under VehicleYear,0
AntiTheft and MedCost are not conditionally related under ThisCarDam,0
AntiTheft and MedCost are not conditionally related under RuggedAuto,0
AntiTheft and MedCost are not conditionally related under Accident,0
AntiTheft and MedCost are not conditionally related under MakeModel,0
AntiTheft and MedCost are not conditionally related under DrivQuality,0
AntiTheft and MedCost are not conditionally related under Mileage,0
AntiTheft and MedCost are not conditionally related under Antilock,0
AntiTheft and MedCost are not conditionally related under DrivingSkill,0
AntiTheft and MedCost are not conditionally related under SeniorTrain,0
AntiTheft and MedCost are not conditionally related under ThisCarCost,0
AntiTheft and MedCost are not conditionally related under Theft,0
AntiTheft and MedCost are not conditionally related under CarValue,0
AntiTheft and MedCost are not conditionally related under HomeBase,0
AntiTheft and MedCost are not conditionally related under PropCost,0
AntiTheft and MedCost are not conditionally related under OtherCarCost,0
AntiTheft and MedCost are not conditionally related under OtherCar,0
AntiTheft and MedCost are not conditionally related under Cushioning,0
AntiTheft and MedCost are not conditionally related under Airbag,0
AntiTheft and MedCost are not conditionally related under ILiCost,0
AntiTheft and MedCost are not conditionally related under DrivHist,0
AntiTheft and Cushioning are not conditionally related under GoodStudent,0
AntiTheft and Cushioning are conditionally related under Age,1
AntiTheft and Cushioning are conditionally related under SocioEcon,1
AntiTheft and Cushioning are conditionally related under RiskAversion,1
AntiTheft and Cushioning are not conditionally related under VehicleYear,0
AntiTheft and Cushioning are not conditionally related under ThisCarDam,0
AntiTheft and Cushioning are not conditionally related under RuggedAuto,0
AntiTheft and Cushioning are not conditionally related under Accident,0
AntiTheft and Cushioning are not conditionally related under MakeModel,0
AntiTheft and Cushioning are not conditionally related under DrivQuality,0
AntiTheft and Cushioning are not conditionally related under Mileage,0
AntiTheft and Cushioning are not conditionally related under Antilock,0
AntiTheft and Cushioning are not conditionally related under DrivingSkill,0
AntiTheft and Cushioning are not conditionally related under SeniorTrain,0
AntiTheft and Cushioning are not conditionally related under ThisCarCost,0
AntiTheft and Cushioning are not conditionally related under Theft,0
AntiTheft and Cushioning are not conditionally related under CarValue,0
AntiTheft and Cushioning are not conditionally related under HomeBase,0
AntiTheft and Cushioning are not conditionally related under PropCost,0
AntiTheft and Cushioning are not conditionally related under OtherCarCost,0
AntiTheft and Cushioning are not conditionally related under OtherCar,0
AntiTheft and Cushioning are not conditionally related under MedCost,0
AntiTheft and Cushioning are not conditionally related under Airbag,0
AntiTheft and Cushioning are not conditionally related under ILiCost,0
AntiTheft and Cushioning are not conditionally related under DrivHist,0
AntiTheft and Airbag are not conditionally related under GoodStudent,0
AntiTheft and Airbag are conditionally related under Age,1
AntiTheft and Airbag are conditionally related under SocioEcon,1
AntiTheft and Airbag are conditionally related under RiskAversion,1
AntiTheft and Airbag are not conditionally related under VehicleYear,0
AntiTheft and Airbag are not conditionally related under ThisCarDam,0
AntiTheft and Airbag are not conditionally related under RuggedAuto,0
AntiTheft and Airbag are not conditionally related under Accident,0
AntiTheft and Airbag are not conditionally related under MakeModel,0
AntiTheft and Airbag are not conditionally related under DrivQuality,0
AntiTheft and Airbag are not conditionally related under Mileage,0
AntiTheft and Airbag are not conditionally related under Antilock,0
AntiTheft and Airbag are not conditionally related under DrivingSkill,0
AntiTheft and Airbag are not conditionally related under SeniorTrain,0
AntiTheft and Airbag are not conditionally related under ThisCarCost,0
AntiTheft and Airbag are not conditionally related under Theft,0
AntiTheft and Airbag are not conditionally related under CarValue,0
AntiTheft and Airbag are not conditionally related under HomeBase,0
AntiTheft and Airbag are not conditionally related under PropCost,0
AntiTheft and Airbag are not conditionally related under OtherCarCost,0
AntiTheft and Airbag are not conditionally related under OtherCar,0
AntiTheft and Airbag are not conditionally related under MedCost,0
AntiTheft and Airbag are not conditionally related under Cushioning,0
AntiTheft and Airbag are not conditionally related under ILiCost,0
AntiTheft and Airbag are not conditionally related under DrivHist,0
AntiTheft and ILiCost are not conditionally related under GoodStudent,0
AntiTheft and ILiCost are conditionally related under Age,1
AntiTheft and ILiCost are conditionally related under SocioEcon,1
AntiTheft and ILiCost are conditionally related under RiskAversion,1
AntiTheft and ILiCost are not conditionally related under VehicleYear,0
AntiTheft and ILiCost are not conditionally related under ThisCarDam,0
AntiTheft and ILiCost are not conditionally related under RuggedAuto,0
AntiTheft and ILiCost are not conditionally related under Accident,0
AntiTheft and ILiCost are not conditionally related under MakeModel,0
AntiTheft and ILiCost are not conditionally related under DrivQuality,0
AntiTheft and ILiCost are not conditionally related under Mileage,0
AntiTheft and ILiCost are not conditionally related under Antilock,0
AntiTheft and ILiCost are not conditionally related under DrivingSkill,0
AntiTheft and ILiCost are not conditionally related under SeniorTrain,0
AntiTheft and ILiCost are not conditionally related under ThisCarCost,0
AntiTheft and ILiCost are not conditionally related under Theft,0
AntiTheft and ILiCost are not conditionally related under CarValue,0
AntiTheft and ILiCost are not conditionally related under HomeBase,0
AntiTheft and ILiCost are not conditionally related under PropCost,0
AntiTheft and ILiCost are not conditionally related under OtherCarCost,0
AntiTheft and ILiCost are not conditionally related under OtherCar,0
AntiTheft and ILiCost are not conditionally related under MedCost,0
AntiTheft and ILiCost are not conditionally related under Cushioning,0
AntiTheft and ILiCost are not conditionally related under Airbag,0
AntiTheft and ILiCost are not conditionally related under DrivHist,0
AntiTheft and DrivHist are not conditionally related under GoodStudent,0
AntiTheft and DrivHist are conditionally related under Age,1
AntiTheft and DrivHist are conditionally related under SocioEcon,1
AntiTheft and DrivHist are conditionally related under RiskAversion,1
AntiTheft and DrivHist are not conditionally related under VehicleYear,0
AntiTheft and DrivHist are not conditionally related under ThisCarDam,0
AntiTheft and DrivHist are not conditionally related under RuggedAuto,0
AntiTheft and DrivHist are not conditionally related under Accident,0
AntiTheft and DrivHist are not conditionally related under MakeModel,0
AntiTheft and DrivHist are not conditionally related under DrivQuality,0
AntiTheft and DrivHist are not conditionally related under Mileage,0
AntiTheft and DrivHist are not conditionally related under Antilock,0
AntiTheft and DrivHist are not conditionally related under DrivingSkill,0
AntiTheft and DrivHist are not conditionally related under SeniorTrain,0
AntiTheft and DrivHist are not conditionally related under ThisCarCost,0
AntiTheft and DrivHist are not conditionally related under Theft,0
AntiTheft and DrivHist are not conditionally related under CarValue,0
AntiTheft and DrivHist are not conditionally related under HomeBase,0
AntiTheft and DrivHist are not conditionally related under PropCost,0
AntiTheft and DrivHist are not conditionally related under OtherCarCost,0
AntiTheft and DrivHist are not conditionally related under OtherCar,0
AntiTheft and DrivHist are not conditionally related under MedCost,0
AntiTheft and DrivHist are not conditionally related under Cushioning,0
AntiTheft and DrivHist are not conditionally related under Airbag,0
AntiTheft and DrivHist are not conditionally related under ILiCost,0
PropCost and GoodStudent are conditionally related under Age,1
PropCost and GoodStudent are conditionally related under SocioEcon,1
PropCost and GoodStudent are not conditionally related under RiskAversion,0
PropCost and GoodStudent are not conditionally related under VehicleYear,0
PropCost and GoodStudent are not conditionally related under ThisCarDam,0
PropCost and GoodStudent are not conditionally related under RuggedAuto,0
PropCost and GoodStudent are not conditionally related under Accident,0
PropCost and GoodStudent are not conditionally related under MakeModel,0
PropCost and GoodStudent are not conditionally related under DrivQuality,0
PropCost and GoodStudent are not conditionally related under Mileage,0
PropCost and GoodStudent are not conditionally related under Antilock,0
PropCost and GoodStudent are not conditionally related under DrivingSkill,0
PropCost and GoodStudent are not conditionally related under SeniorTrain,0
PropCost and GoodStudent are not conditionally related under ThisCarCost,0
PropCost and GoodStudent are not conditionally related under Theft,0
PropCost and GoodStudent are not conditionally related under CarValue,0
PropCost and GoodStudent are not conditionally related under HomeBase,0
PropCost and GoodStudent are not conditionally related under AntiTheft,0
PropCost and GoodStudent are not conditionally related under OtherCarCost,0
PropCost and GoodStudent are not conditionally related under OtherCar,0
PropCost and GoodStudent are not conditionally related under MedCost,0
PropCost and GoodStudent are not conditionally related under Cushioning,0
PropCost and GoodStudent are not conditionally related under Airbag,0
PropCost and GoodStudent are not conditionally related under ILiCost,0
PropCost and GoodStudent are not conditionally related under DrivHist,0
PropCost and Age are related,1
PropCost and SocioEcon are related,1
PropCost and RiskAversion are related,1
PropCost and VehicleYear are related,1
PropCost and ThisCarDam are related,1
PropCost and RuggedAuto are related,1
PropCost and Accident are related,1
PropCost and MakeModel are related,1
PropCost and DrivQuality are related,1
PropCost and Mileage are related,1
PropCost and Antilock are related,1
PropCost and DrivingSkill are related,1
PropCost and SeniorTrain are related,1
PropCost and ThisCarCost are related,1
PropCost and Theft are related,1
PropCost and CarValue are related,1
PropCost and HomeBase are related,1
PropCost and AntiTheft are related,1
PropCost and OtherCarCost are related,1
PropCost and OtherCar are not conditionally related under GoodStudent,0
PropCost and OtherCar are conditionally related under Age,1
PropCost and OtherCar are conditionally related under SocioEcon,1
PropCost and OtherCar are not conditionally related under RiskAversion,0
PropCost and OtherCar are not conditionally related under VehicleYear,0
PropCost and OtherCar are not conditionally related under ThisCarDam,0
PropCost and OtherCar are not conditionally related under RuggedAuto,0
PropCost and OtherCar are not conditionally related under Accident,0
PropCost and OtherCar are not conditionally related under MakeModel,0
PropCost and OtherCar are not conditionally related under DrivQuality,0
PropCost and OtherCar are not conditionally related under Mileage,0
PropCost and OtherCar are not conditionally related under Antilock,0
PropCost and OtherCar are not conditionally related under DrivingSkill,0
PropCost and OtherCar are not conditionally related under SeniorTrain,0
PropCost and OtherCar are not conditionally related under ThisCarCost,0
PropCost and OtherCar are not conditionally related under Theft,0
PropCost and OtherCar are not conditionally related under CarValue,0
PropCost and OtherCar are not conditionally related under HomeBase,0
PropCost and OtherCar are not conditionally related under AntiTheft,0
PropCost and OtherCar are not conditionally related under OtherCarCost,0
PropCost and OtherCar are not conditionally related under MedCost,0
PropCost and OtherCar are not conditionally related under Cushioning,0
PropCost and OtherCar are not conditionally related under Airbag,0
PropCost and OtherCar are not conditionally related under ILiCost,0
PropCost and OtherCar are not conditionally related under DrivHist,0
PropCost and MedCost are not conditionally related under GoodStudent,0
PropCost and MedCost are conditionally related under Age,1
PropCost and MedCost are conditionally related under SocioEcon,1
PropCost and MedCost are conditionally related under RiskAversion,1
PropCost and MedCost are conditionally related under VehicleYear,1
PropCost and MedCost are not conditionally related under ThisCarDam,0
PropCost and MedCost are conditionally related under RuggedAuto,1
PropCost and MedCost are conditionally related under Accident,1
PropCost and MedCost are conditionally related under MakeModel,1
PropCost and MedCost are conditionally related under DrivQuality,1
PropCost and MedCost are conditionally related under Mileage,1
PropCost and MedCost are conditionally related under Antilock,1
PropCost and MedCost are conditionally related under DrivingSkill,1
PropCost and MedCost are conditionally related under SeniorTrain,1
PropCost and MedCost are not conditionally related under ThisCarCost,0
PropCost and MedCost are not conditionally related under Theft,0
PropCost and MedCost are not conditionally related under CarValue,0
PropCost and MedCost are not conditionally related under HomeBase,0
PropCost and MedCost are not conditionally related under AntiTheft,0
PropCost and MedCost are not conditionally related under OtherCarCost,0
PropCost and MedCost are not conditionally related under OtherCar,0
PropCost and MedCost are not conditionally related under Cushioning,0
PropCost and MedCost are not conditionally related under Airbag,0
PropCost and MedCost are not conditionally related under ILiCost,0
PropCost and MedCost are not conditionally related under DrivHist,0
PropCost and Cushioning are not conditionally related under GoodStudent,0
PropCost and Cushioning are conditionally related under Age,1
PropCost and Cushioning are conditionally related under SocioEcon,1
PropCost and Cushioning are conditionally related under RiskAversion,1
PropCost and Cushioning are conditionally related under VehicleYear,1
PropCost and Cushioning are not conditionally related under ThisCarDam,0
PropCost and Cushioning are conditionally related under RuggedAuto,1
PropCost and Cushioning are not conditionally related under Accident,0
PropCost and Cushioning are conditionally related under MakeModel,1
PropCost and Cushioning are not conditionally related under DrivQuality,0
PropCost and Cushioning are not conditionally related under Mileage,0
PropCost and Cushioning are not conditionally related under Antilock,0
PropCost and Cushioning are not conditionally related under DrivingSkill,0
PropCost and Cushioning are not conditionally related under SeniorTrain,0
PropCost and Cushioning are not conditionally related under ThisCarCost,0
PropCost and Cushioning are not conditionally related under Theft,0
PropCost and Cushioning are not conditionally related under CarValue,0
PropCost and Cushioning are not conditionally related under HomeBase,0
PropCost and Cushioning are not conditionally related under AntiTheft,0
PropCost and Cushioning are not conditionally related under OtherCarCost,0
PropCost and Cushioning are not conditionally related under OtherCar,0
PropCost and Cushioning are not conditionally related under MedCost,0
PropCost and Cushioning are not conditionally related under Airbag,0
PropCost and Cushioning are not conditionally related under ILiCost,0
PropCost and Cushioning are not conditionally related under DrivHist,0
PropCost and Airbag are not conditionally related under GoodStudent,0
PropCost and Airbag are conditionally related under Age,1
PropCost and Airbag are conditionally related under SocioEcon,1
PropCost and Airbag are conditionally related under RiskAversion,1
PropCost and Airbag are conditionally related under VehicleYear,1
PropCost and Airbag are not conditionally related under ThisCarDam,0
PropCost and Airbag are not conditionally related under RuggedAuto,0
PropCost and Airbag are not conditionally related under Accident,0
PropCost and Airbag are conditionally related under MakeModel,1
PropCost and Airbag are not conditionally related under DrivQuality,0
PropCost and Airbag are not conditionally related under Mileage,0
PropCost and Airbag are not conditionally related under Antilock,0
PropCost and Airbag are not conditionally related under DrivingSkill,0
PropCost and Airbag are not conditionally related under SeniorTrain,0
PropCost and Airbag are not conditionally related under ThisCarCost,0
PropCost and Airbag are not conditionally related under Theft,0
PropCost and Airbag are not conditionally related under CarValue,0
PropCost and Airbag are not conditionally related under HomeBase,0
PropCost and Airbag are not conditionally related under AntiTheft,0
PropCost and Airbag are not conditionally related under OtherCarCost,0
PropCost and Airbag are not conditionally related under OtherCar,0
PropCost and Airbag are not conditionally related under MedCost,0
PropCost and Airbag are not conditionally related under Cushioning,0
PropCost and Airbag are not conditionally related under ILiCost,0
PropCost and Airbag are not conditionally related under DrivHist,0
PropCost and ILiCost are not conditionally related under GoodStudent,0
PropCost and ILiCost are conditionally related under Age,1
PropCost and ILiCost are conditionally related under SocioEcon,1
PropCost and ILiCost are conditionally related under RiskAversion,1
PropCost and ILiCost are conditionally related under VehicleYear,1
PropCost and ILiCost are not conditionally related under ThisCarDam,0
PropCost and ILiCost are not conditionally related under RuggedAuto,0
PropCost and ILiCost are conditionally related under Accident,1
PropCost and ILiCost are conditionally related under MakeModel,1
PropCost and ILiCost are conditionally related under DrivQuality,1
PropCost and ILiCost are conditionally related under Mileage,1
PropCost and ILiCost are conditionally related under Antilock,1
PropCost and ILiCost are conditionally related under DrivingSkill,1
PropCost and ILiCost are conditionally related under SeniorTrain,1
PropCost and ILiCost are not conditionally related under ThisCarCost,0
PropCost and ILiCost are not conditionally related under Theft,0
PropCost and ILiCost are not conditionally related under CarValue,0
PropCost and ILiCost are not conditionally related under HomeBase,0
PropCost and ILiCost are not conditionally related under AntiTheft,0
PropCost and ILiCost are not conditionally related under OtherCarCost,0
PropCost and ILiCost are not conditionally related under OtherCar,0
PropCost and ILiCost are not conditionally related under MedCost,0
PropCost and ILiCost are not conditionally related under Cushioning,0
PropCost and ILiCost are not conditionally related under Airbag,0
PropCost and ILiCost are not conditionally related under DrivHist,0
PropCost and DrivHist are not conditionally related under GoodStudent,0
PropCost and DrivHist are conditionally related under Age,1
PropCost and DrivHist are conditionally related under SocioEcon,1
PropCost and DrivHist are conditionally related under RiskAversion,1
PropCost and DrivHist are not conditionally related under VehicleYear,0
PropCost and DrivHist are not conditionally related under ThisCarDam,0
PropCost and DrivHist are not conditionally related under RuggedAuto,0
PropCost and DrivHist are not conditionally related under Accident,0
PropCost and DrivHist are not conditionally related under MakeModel,0
PropCost and DrivHist are not conditionally related under DrivQuality,0
PropCost and DrivHist are not conditionally related under Mileage,0
PropCost and DrivHist are not conditionally related under Antilock,0
PropCost and DrivHist are conditionally related under DrivingSkill,1
PropCost and DrivHist are conditionally related under SeniorTrain,1
PropCost and DrivHist are not conditionally related under ThisCarCost,0
PropCost and DrivHist are not conditionally related under Theft,0
PropCost and DrivHist are not conditionally related under CarValue,0
PropCost and DrivHist are not conditionally related under HomeBase,0
PropCost and DrivHist are not conditionally related under AntiTheft,0
PropCost and DrivHist are not conditionally related under OtherCarCost,0
PropCost and DrivHist are not conditionally related under OtherCar,0
PropCost and DrivHist are not conditionally related under MedCost,0
PropCost and DrivHist are not conditionally related under Cushioning,0
PropCost and DrivHist are not conditionally related under Airbag,0
PropCost and DrivHist are not conditionally related under ILiCost,0
OtherCarCost and GoodStudent are conditionally related under Age,1
OtherCarCost and GoodStudent are conditionally related under SocioEcon,1
OtherCarCost and GoodStudent are not conditionally related under RiskAversion,0
OtherCarCost and GoodStudent are not conditionally related under VehicleYear,0
OtherCarCost and GoodStudent are not conditionally related under ThisCarDam,0
OtherCarCost and GoodStudent are not conditionally related under RuggedAuto,0
OtherCarCost and GoodStudent are not conditionally related under Accident,0
OtherCarCost and GoodStudent are not conditionally related under MakeModel,0
OtherCarCost and GoodStudent are not conditionally related under DrivQuality,0
OtherCarCost and GoodStudent are not conditionally related under Mileage,0
OtherCarCost and GoodStudent are not conditionally related under Antilock,0
OtherCarCost and GoodStudent are not conditionally related under DrivingSkill,0
OtherCarCost and GoodStudent are not conditionally related under SeniorTrain,0
OtherCarCost and GoodStudent are not conditionally related under ThisCarCost,0
OtherCarCost and GoodStudent are not conditionally related under Theft,0
OtherCarCost and GoodStudent are not conditionally related under CarValue,0
OtherCarCost and GoodStudent are not conditionally related under HomeBase,0
OtherCarCost and GoodStudent are not conditionally related under AntiTheft,0
OtherCarCost and GoodStudent are not conditionally related under PropCost,0
OtherCarCost and GoodStudent are not conditionally related under OtherCar,0
OtherCarCost and GoodStudent are not conditionally related under MedCost,0
OtherCarCost and GoodStudent are not conditionally related under Cushioning,0
OtherCarCost and GoodStudent are not conditionally related under Airbag,0
OtherCarCost and GoodStudent are not conditionally related under ILiCost,0
OtherCarCost and GoodStudent are not conditionally related under DrivHist,0
OtherCarCost and Age are related,1
OtherCarCost and SocioEcon are related,1
OtherCarCost and RiskAversion are related,1
OtherCarCost and VehicleYear are related,1
OtherCarCost and ThisCarDam are not conditionally related under GoodStudent,0
OtherCarCost and ThisCarDam are conditionally related under Age,1
OtherCarCost and ThisCarDam are conditionally related under SocioEcon,1
OtherCarCost and ThisCarDam are conditionally related under RiskAversion,1
OtherCarCost and ThisCarDam are conditionally related under VehicleYear,1
OtherCarCost and ThisCarDam are conditionally related under RuggedAuto,1
OtherCarCost and ThisCarDam are conditionally related under Accident,1
OtherCarCost and ThisCarDam are conditionally related under MakeModel,1
OtherCarCost and ThisCarDam are conditionally related under DrivQuality,1
OtherCarCost and ThisCarDam are conditionally related under Mileage,1
OtherCarCost and ThisCarDam are conditionally related under Antilock,1
OtherCarCost and ThisCarDam are conditionally related under DrivingSkill,1
OtherCarCost and ThisCarDam are conditionally related under SeniorTrain,1
OtherCarCost and ThisCarDam are not conditionally related under ThisCarCost,0
OtherCarCost and ThisCarDam are not conditionally related under Theft,0
OtherCarCost and ThisCarDam are not conditionally related under CarValue,0
OtherCarCost and ThisCarDam are not conditionally related under HomeBase,0
OtherCarCost and ThisCarDam are not conditionally related under AntiTheft,0
OtherCarCost and ThisCarDam are conditionally related under PropCost,1
OtherCarCost and ThisCarDam are not conditionally related under OtherCar,0
OtherCarCost and ThisCarDam are not conditionally related under MedCost,0
OtherCarCost and ThisCarDam are not conditionally related under Cushioning,0
OtherCarCost and ThisCarDam are not conditionally related under Airbag,0
OtherCarCost and ThisCarDam are not conditionally related under ILiCost,0
OtherCarCost and ThisCarDam are not conditionally related under DrivHist,0
OtherCarCost and RuggedAuto are related,1
OtherCarCost and Accident are related,1
OtherCarCost and MakeModel are related,1
OtherCarCost and DrivQuality are related,1
OtherCarCost and Mileage are related,1
OtherCarCost and Antilock are related,1
OtherCarCost and DrivingSkill are related,1
OtherCarCost and SeniorTrain are related,1
OtherCarCost and ThisCarCost are not conditionally related under GoodStudent,0
OtherCarCost and ThisCarCost are conditionally related under Age,1
OtherCarCost and ThisCarCost are conditionally related under SocioEcon,1
OtherCarCost and ThisCarCost are conditionally related under RiskAversion,1
OtherCarCost and ThisCarCost are conditionally related under VehicleYear,1
OtherCarCost and ThisCarCost are not conditionally related under ThisCarDam,0
OtherCarCost and ThisCarCost are conditionally related under RuggedAuto,1
OtherCarCost and ThisCarCost are conditionally related under Accident,1
OtherCarCost and ThisCarCost are conditionally related under MakeModel,1
OtherCarCost and ThisCarCost are conditionally related under DrivQuality,1
OtherCarCost and ThisCarCost are conditionally related under Mileage,1
OtherCarCost and ThisCarCost are conditionally related under Antilock,1
OtherCarCost and ThisCarCost are conditionally related under DrivingSkill,1
OtherCarCost and ThisCarCost are conditionally related under SeniorTrain,1
OtherCarCost and ThisCarCost are not conditionally related under Theft,0
OtherCarCost and ThisCarCost are not conditionally related under CarValue,0
OtherCarCost and ThisCarCost are not conditionally related under HomeBase,0
OtherCarCost and ThisCarCost are not conditionally related under AntiTheft,0
OtherCarCost and ThisCarCost are conditionally related under PropCost,1
OtherCarCost and ThisCarCost are not conditionally related under OtherCar,0
OtherCarCost and ThisCarCost are not conditionally related under MedCost,0
OtherCarCost and ThisCarCost are not conditionally related under Cushioning,0
OtherCarCost and ThisCarCost are not conditionally related under Airbag,0
OtherCarCost and ThisCarCost are not conditionally related under ILiCost,0
OtherCarCost and ThisCarCost are not conditionally related under DrivHist,0
OtherCarCost and Theft are not conditionally related under GoodStudent,0
OtherCarCost and Theft are conditionally related under Age,1
OtherCarCost and Theft are conditionally related under SocioEcon,1
OtherCarCost and Theft are conditionally related under RiskAversion,1
OtherCarCost and Theft are conditionally related under VehicleYear,1
OtherCarCost and Theft are not conditionally related under ThisCarDam,0
OtherCarCost and Theft are not conditionally related under RuggedAuto,0
OtherCarCost and Theft are not conditionally related under Accident,0
OtherCarCost and Theft are conditionally related under MakeModel,1
OtherCarCost and Theft are not conditionally related under DrivQuality,0
OtherCarCost and Theft are conditionally related under Mileage,1
OtherCarCost and Theft are not conditionally related under Antilock,0
OtherCarCost and Theft are not conditionally related under DrivingSkill,0
OtherCarCost and Theft are not conditionally related under SeniorTrain,0
OtherCarCost and Theft are not conditionally related under ThisCarCost,0
OtherCarCost and Theft are not conditionally related under CarValue,0
OtherCarCost and Theft are not conditionally related under HomeBase,0
OtherCarCost and Theft are not conditionally related under AntiTheft,0
OtherCarCost and Theft are conditionally related under PropCost,1
OtherCarCost and Theft are not conditionally related under OtherCar,0
OtherCarCost and Theft are not conditionally related under MedCost,0
OtherCarCost and Theft are not conditionally related under Cushioning,0
OtherCarCost and Theft are not conditionally related under Airbag,0
OtherCarCost and Theft are not conditionally related under ILiCost,0
OtherCarCost and Theft are not conditionally related under DrivHist,0
OtherCarCost and CarValue are not conditionally related under GoodStudent,0
OtherCarCost and CarValue are conditionally related under Age,1
OtherCarCost and CarValue are conditionally related under SocioEcon,1
OtherCarCost and CarValue are conditionally related under RiskAversion,1
OtherCarCost and CarValue are conditionally related under VehicleYear,1
OtherCarCost and CarValue are not conditionally related under ThisCarDam,0
OtherCarCost and CarValue are not conditionally related under RuggedAuto,0
OtherCarCost and CarValue are not conditionally related under Accident,0
OtherCarCost and CarValue are conditionally related under MakeModel,1
OtherCarCost and CarValue are not conditionally related under DrivQuality,0
OtherCarCost and CarValue are conditionally related under Mileage,1
OtherCarCost and CarValue are not conditionally related under Antilock,0
OtherCarCost and CarValue are not conditionally related under DrivingSkill,0
OtherCarCost and CarValue are not conditionally related under SeniorTrain,0
OtherCarCost and CarValue are not conditionally related under ThisCarCost,0
OtherCarCost and CarValue are not conditionally related under Theft,0
OtherCarCost and CarValue are not conditionally related under HomeBase,0
OtherCarCost and CarValue are not conditionally related under AntiTheft,0
OtherCarCost and CarValue are conditionally related under PropCost,1
OtherCarCost and CarValue are not conditionally related under OtherCar,0
OtherCarCost and CarValue are not conditionally related under MedCost,0
OtherCarCost and CarValue are not conditionally related under Cushioning,0
OtherCarCost and CarValue are not conditionally related under Airbag,0
OtherCarCost and CarValue are not conditionally related under ILiCost,0
OtherCarCost and CarValue are not conditionally related under DrivHist,0
OtherCarCost and HomeBase are not conditionally related under GoodStudent,0
OtherCarCost and HomeBase are conditionally related under Age,1
OtherCarCost and HomeBase are conditionally related under SocioEcon,1
OtherCarCost and HomeBase are conditionally related under RiskAversion,1
OtherCarCost and HomeBase are not conditionally related under VehicleYear,0
OtherCarCost and HomeBase are not conditionally related under ThisCarDam,0
OtherCarCost and HomeBase are not conditionally related under RuggedAuto,0
OtherCarCost and HomeBase are not conditionally related under Accident,0
OtherCarCost and HomeBase are not conditionally related under MakeModel,0
OtherCarCost and HomeBase are not conditionally related under DrivQuality,0
OtherCarCost and HomeBase are not conditionally related under Mileage,0
OtherCarCost and HomeBase are not conditionally related under Antilock,0
OtherCarCost and HomeBase are not conditionally related under DrivingSkill,0
OtherCarCost and HomeBase are not conditionally related under SeniorTrain,0
OtherCarCost and HomeBase are not conditionally related under ThisCarCost,0
OtherCarCost and HomeBase are not conditionally related under Theft,0
OtherCarCost and HomeBase are not conditionally related under CarValue,0
OtherCarCost and HomeBase are not conditionally related under AntiTheft,0
OtherCarCost and HomeBase are conditionally related under PropCost,1
OtherCarCost and HomeBase are not conditionally related under OtherCar,0
OtherCarCost and HomeBase are not conditionally related under MedCost,0
OtherCarCost and HomeBase are not conditionally related under Cushioning,0
OtherCarCost and HomeBase are not conditionally related under Airbag,0
OtherCarCost and HomeBase are not conditionally related under ILiCost,0
OtherCarCost and HomeBase are not conditionally related under DrivHist,0
OtherCarCost and AntiTheft are not conditionally related under GoodStudent,0
OtherCarCost and AntiTheft are conditionally related under Age,1
OtherCarCost and AntiTheft are conditionally related under SocioEcon,1
OtherCarCost and AntiTheft are conditionally related under RiskAversion,1
OtherCarCost and AntiTheft are not conditionally related under VehicleYear,0
OtherCarCost and AntiTheft are not conditionally related under ThisCarDam,0
OtherCarCost and AntiTheft are not conditionally related under RuggedAuto,0
OtherCarCost and AntiTheft are not conditionally related under Accident,0
OtherCarCost and AntiTheft are not conditionally related under MakeModel,0
OtherCarCost and AntiTheft are not conditionally related under DrivQuality,0
OtherCarCost and AntiTheft are not conditionally related under Mileage,0
OtherCarCost and AntiTheft are not conditionally related under Antilock,0
OtherCarCost and AntiTheft are not conditionally related under DrivingSkill,0
OtherCarCost and AntiTheft are not conditionally related under SeniorTrain,0
OtherCarCost and AntiTheft are not conditionally related under ThisCarCost,0
OtherCarCost and AntiTheft are not conditionally related under Theft,0
OtherCarCost and AntiTheft are not conditionally related under CarValue,0
OtherCarCost and AntiTheft are not conditionally related under HomeBase,0
OtherCarCost and AntiTheft are conditionally related under PropCost,1
OtherCarCost and AntiTheft are not conditionally related under OtherCar,0
OtherCarCost and AntiTheft are not conditionally related under MedCost,0
OtherCarCost and AntiTheft are not conditionally related under Cushioning,0
OtherCarCost and AntiTheft are not conditionally related under Airbag,0
OtherCarCost and AntiTheft are not conditionally related under ILiCost,0
OtherCarCost and AntiTheft are not conditionally related under DrivHist,0
OtherCarCost and PropCost are related,1
OtherCarCost and OtherCar are not conditionally related under GoodStudent,0
OtherCarCost and OtherCar are conditionally related under Age,1
OtherCarCost and OtherCar are conditionally related under SocioEcon,1
OtherCarCost and OtherCar are not conditionally related under RiskAversion,0
OtherCarCost and OtherCar are not conditionally related under VehicleYear,0
OtherCarCost and OtherCar are not conditionally related under ThisCarDam,0
OtherCarCost and OtherCar are not conditionally related under RuggedAuto,0
OtherCarCost and OtherCar are not conditionally related under Accident,0
OtherCarCost and OtherCar are not conditionally related under MakeModel,0
OtherCarCost and OtherCar are not conditionally related under DrivQuality,0
OtherCarCost and OtherCar are not conditionally related under Mileage,0
OtherCarCost and OtherCar are not conditionally related under Antilock,0
OtherCarCost and OtherCar are not conditionally related under DrivingSkill,0
OtherCarCost and OtherCar are not conditionally related under SeniorTrain,0
OtherCarCost and OtherCar are not conditionally related under ThisCarCost,0
OtherCarCost and OtherCar are not conditionally related under Theft,0
OtherCarCost and OtherCar are not conditionally related under CarValue,0
OtherCarCost and OtherCar are not conditionally related under HomeBase,0
OtherCarCost and OtherCar are not conditionally related under AntiTheft,0
OtherCarCost and OtherCar are not conditionally related under PropCost,0
OtherCarCost and OtherCar are not conditionally related under MedCost,0
OtherCarCost and OtherCar are not conditionally related under Cushioning,0
OtherCarCost and OtherCar are not conditionally related under Airbag,0
OtherCarCost and OtherCar are not conditionally related under ILiCost,0
OtherCarCost and OtherCar are not conditionally related under DrivHist,0
OtherCarCost and MedCost are not conditionally related under GoodStudent,0
OtherCarCost and MedCost are conditionally related under Age,1
OtherCarCost and MedCost are conditionally related under SocioEcon,1
OtherCarCost and MedCost are conditionally related under RiskAversion,1
OtherCarCost and MedCost are conditionally related under VehicleYear,1
OtherCarCost and MedCost are not conditionally related under ThisCarDam,0
OtherCarCost and MedCost are conditionally related under RuggedAuto,1
OtherCarCost and MedCost are conditionally related under Accident,1
OtherCarCost and MedCost are conditionally related under MakeModel,1
OtherCarCost and MedCost are conditionally related under DrivQuality,1
OtherCarCost and MedCost are conditionally related under Mileage,1
OtherCarCost and MedCost are conditionally related under Antilock,1
OtherCarCost and MedCost are conditionally related under DrivingSkill,1
OtherCarCost and MedCost are conditionally related under SeniorTrain,1
OtherCarCost and MedCost are not conditionally related under ThisCarCost,0
OtherCarCost and MedCost are not conditionally related under Theft,0
OtherCarCost and MedCost are not conditionally related under CarValue,0
OtherCarCost and MedCost are not conditionally related under HomeBase,0
OtherCarCost and MedCost are not conditionally related under AntiTheft,0
OtherCarCost and MedCost are not conditionally related under PropCost,0
OtherCarCost and MedCost are not conditionally related under OtherCar,0
OtherCarCost and MedCost are not conditionally related under Cushioning,0
OtherCarCost and MedCost are not conditionally related under Airbag,0
OtherCarCost and MedCost are not conditionally related under ILiCost,0
OtherCarCost and MedCost are not conditionally related under DrivHist,0
OtherCarCost and Cushioning are not conditionally related under GoodStudent,0
OtherCarCost and Cushioning are conditionally related under Age,1
OtherCarCost and Cushioning are conditionally related under SocioEcon,1
OtherCarCost and Cushioning are conditionally related under RiskAversion,1
OtherCarCost and Cushioning are conditionally related under VehicleYear,1
OtherCarCost and Cushioning are not conditionally related under ThisCarDam,0
OtherCarCost and Cushioning are conditionally related under RuggedAuto,1
OtherCarCost and Cushioning are not conditionally related under Accident,0
OtherCarCost and Cushioning are conditionally related under MakeModel,1
OtherCarCost and Cushioning are not conditionally related under DrivQuality,0
OtherCarCost and Cushioning are not conditionally related under Mileage,0
OtherCarCost and Cushioning are not conditionally related under Antilock,0
OtherCarCost and Cushioning are not conditionally related under DrivingSkill,0
OtherCarCost and Cushioning are not conditionally related under SeniorTrain,0
OtherCarCost and Cushioning are not conditionally related under ThisCarCost,0
OtherCarCost and Cushioning are not conditionally related under Theft,0
OtherCarCost and Cushioning are not conditionally related under CarValue,0
OtherCarCost and Cushioning are not conditionally related under HomeBase,0
OtherCarCost and Cushioning are not conditionally related under AntiTheft,0
OtherCarCost and Cushioning are not conditionally related under PropCost,0
OtherCarCost and Cushioning are not conditionally related under OtherCar,0
OtherCarCost and Cushioning are not conditionally related under MedCost,0
OtherCarCost and Cushioning are not conditionally related under Airbag,0
OtherCarCost and Cushioning are not conditionally related under ILiCost,0
OtherCarCost and Cushioning are not conditionally related under DrivHist,0
OtherCarCost and Airbag are not conditionally related under GoodStudent,0
OtherCarCost and Airbag are conditionally related under Age,1
OtherCarCost and Airbag are conditionally related under SocioEcon,1
OtherCarCost and Airbag are conditionally related under RiskAversion,1
OtherCarCost and Airbag are conditionally related under VehicleYear,1
OtherCarCost and Airbag are not conditionally related under ThisCarDam,0
OtherCarCost and Airbag are not conditionally related under RuggedAuto,0
OtherCarCost and Airbag are not conditionally related under Accident,0
OtherCarCost and Airbag are conditionally related under MakeModel,1
OtherCarCost and Airbag are not conditionally related under DrivQuality,0
OtherCarCost and Airbag are not conditionally related under Mileage,0
OtherCarCost and Airbag are not conditionally related under Antilock,0
OtherCarCost and Airbag are not conditionally related under DrivingSkill,0
OtherCarCost and Airbag are not conditionally related under SeniorTrain,0
OtherCarCost and Airbag are not conditionally related under ThisCarCost,0
OtherCarCost and Airbag are not conditionally related under Theft,0
OtherCarCost and Airbag are not conditionally related under CarValue,0
OtherCarCost and Airbag are not conditionally related under HomeBase,0
OtherCarCost and Airbag are not conditionally related under AntiTheft,0
OtherCarCost and Airbag are not conditionally related under PropCost,0
OtherCarCost and Airbag are not conditionally related under OtherCar,0
OtherCarCost and Airbag are not conditionally related under MedCost,0
OtherCarCost and Airbag are not conditionally related under Cushioning,0
OtherCarCost and Airbag are not conditionally related under ILiCost,0
OtherCarCost and Airbag are not conditionally related under DrivHist,0
OtherCarCost and ILiCost are not conditionally related under GoodStudent,0
OtherCarCost and ILiCost are conditionally related under Age,1
OtherCarCost and ILiCost are conditionally related under SocioEcon,1
OtherCarCost and ILiCost are conditionally related under RiskAversion,1
OtherCarCost and ILiCost are conditionally related under VehicleYear,1
OtherCarCost and ILiCost are not conditionally related under ThisCarDam,0
OtherCarCost and ILiCost are not conditionally related under RuggedAuto,0
OtherCarCost and ILiCost are conditionally related under Accident,1
OtherCarCost and ILiCost are conditionally related under MakeModel,1
OtherCarCost and ILiCost are conditionally related under DrivQuality,1
OtherCarCost and ILiCost are conditionally related under Mileage,1
OtherCarCost and ILiCost are conditionally related under Antilock,1
OtherCarCost and ILiCost are conditionally related under DrivingSkill,1
OtherCarCost and ILiCost are conditionally related under SeniorTrain,1
OtherCarCost and ILiCost are not conditionally related under ThisCarCost,0
OtherCarCost and ILiCost are not conditionally related under Theft,0
OtherCarCost and ILiCost are not conditionally related under CarValue,0
OtherCarCost and ILiCost are not conditionally related under HomeBase,0
OtherCarCost and ILiCost are not conditionally related under AntiTheft,0
OtherCarCost and ILiCost are not conditionally related under PropCost,0
OtherCarCost and ILiCost are not conditionally related under OtherCar,0
OtherCarCost and ILiCost are not conditionally related under MedCost,0
OtherCarCost and ILiCost are not conditionally related under Cushioning,0
OtherCarCost and ILiCost are not conditionally related under Airbag,0
OtherCarCost and ILiCost are not conditionally related under DrivHist,0
OtherCarCost and DrivHist are not conditionally related under GoodStudent,0
OtherCarCost and DrivHist are conditionally related under Age,1
OtherCarCost and DrivHist are conditionally related under SocioEcon,1
OtherCarCost and DrivHist are conditionally related under RiskAversion,1
OtherCarCost and DrivHist are not conditionally related under VehicleYear,0
OtherCarCost and DrivHist are not conditionally related under ThisCarDam,0
OtherCarCost and DrivHist are not conditionally related under RuggedAuto,0
OtherCarCost and DrivHist are not conditionally related under Accident,0
OtherCarCost and DrivHist are not conditionally related under MakeModel,0
OtherCarCost and DrivHist are not conditionally related under DrivQuality,0
OtherCarCost and DrivHist are not conditionally related under Mileage,0
OtherCarCost and DrivHist are not conditionally related under Antilock,0
OtherCarCost and DrivHist are conditionally related under DrivingSkill,1
OtherCarCost and DrivHist are conditionally related under SeniorTrain,1
OtherCarCost and DrivHist are not conditionally related under ThisCarCost,0
OtherCarCost and DrivHist are not conditionally related under Theft,0
OtherCarCost and DrivHist are not conditionally related under CarValue,0
OtherCarCost and DrivHist are not conditionally related under HomeBase,0
OtherCarCost and DrivHist are not conditionally related under AntiTheft,0
OtherCarCost and DrivHist are not conditionally related under PropCost,0
OtherCarCost and DrivHist are not conditionally related under OtherCar,0
OtherCarCost and DrivHist are not conditionally related under MedCost,0
OtherCarCost and DrivHist are not conditionally related under Cushioning,0
OtherCarCost and DrivHist are not conditionally related under Airbag,0
OtherCarCost and DrivHist are not conditionally related under ILiCost,0
OtherCar and GoodStudent are conditionally related under Age,1
OtherCar and GoodStudent are conditionally related under SocioEcon,1
OtherCar and GoodStudent are not conditionally related under RiskAversion,0
OtherCar and GoodStudent are not conditionally related under VehicleYear,0
OtherCar and GoodStudent are not conditionally related under ThisCarDam,0
OtherCar and GoodStudent are not conditionally related under RuggedAuto,0
OtherCar and GoodStudent are not conditionally related under Accident,0
OtherCar and GoodStudent are not conditionally related under MakeModel,0
OtherCar and GoodStudent are not conditionally related under DrivQuality,0
OtherCar and GoodStudent are not conditionally related under Mileage,0
OtherCar and GoodStudent are not conditionally related under Antilock,0
OtherCar and GoodStudent are not conditionally related under DrivingSkill,0
OtherCar and GoodStudent are not conditionally related under SeniorTrain,0
OtherCar and GoodStudent are not conditionally related under ThisCarCost,0
OtherCar and GoodStudent are not conditionally related under Theft,0
OtherCar and GoodStudent are not conditionally related under CarValue,0
OtherCar and GoodStudent are not conditionally related under HomeBase,0
OtherCar and GoodStudent are not conditionally related under AntiTheft,0
OtherCar and GoodStudent are not conditionally related under PropCost,0
OtherCar and GoodStudent are not conditionally related under OtherCarCost,0
OtherCar and GoodStudent are not conditionally related under MedCost,0
OtherCar and GoodStudent are not conditionally related under Cushioning,0
OtherCar and GoodStudent are not conditionally related under Airbag,0
OtherCar and GoodStudent are not conditionally related under ILiCost,0
OtherCar and GoodStudent are not conditionally related under DrivHist,0
OtherCar and Age are related,1
OtherCar and SocioEcon are related,1
OtherCar and RiskAversion are not conditionally related under GoodStudent,0
OtherCar and RiskAversion are conditionally related under Age,1
OtherCar and RiskAversion are conditionally related under SocioEcon,1
OtherCar and RiskAversion are not conditionally related under VehicleYear,0
OtherCar and RiskAversion are not conditionally related under ThisCarDam,0
OtherCar and RiskAversion are not conditionally related under RuggedAuto,0
OtherCar and RiskAversion are not conditionally related under Accident,0
OtherCar and RiskAversion are not conditionally related under MakeModel,0
OtherCar and RiskAversion are not conditionally related under DrivQuality,0
OtherCar and RiskAversion are not conditionally related under Mileage,0
OtherCar and RiskAversion are not conditionally related under Antilock,0
OtherCar and RiskAversion are not conditionally related under DrivingSkill,0
OtherCar and RiskAversion are not conditionally related under SeniorTrain,0
OtherCar and RiskAversion are not conditionally related under ThisCarCost,0
OtherCar and RiskAversion are not conditionally related under Theft,0
OtherCar and RiskAversion are not conditionally related under CarValue,0
OtherCar and RiskAversion are not conditionally related under HomeBase,0
OtherCar and RiskAversion are not conditionally related under AntiTheft,0
OtherCar and RiskAversion are not conditionally related under PropCost,0
OtherCar and RiskAversion are not conditionally related under OtherCarCost,0
OtherCar and RiskAversion are not conditionally related under MedCost,0
OtherCar and RiskAversion are not conditionally related under Cushioning,0
OtherCar and RiskAversion are not conditionally related under Airbag,0
OtherCar and RiskAversion are not conditionally related under ILiCost,0
OtherCar and RiskAversion are not conditionally related under DrivHist,0
OtherCar and VehicleYear are not conditionally related under GoodStudent,0
OtherCar and VehicleYear are conditionally related under Age,1
OtherCar and VehicleYear are conditionally related under SocioEcon,1
OtherCar and VehicleYear are not conditionally related under RiskAversion,0
OtherCar and VehicleYear are not conditionally related under ThisCarDam,0
OtherCar and VehicleYear are not conditionally related under RuggedAuto,0
OtherCar and VehicleYear are not conditionally related under Accident,0
OtherCar and VehicleYear are not conditionally related under MakeModel,0
OtherCar and VehicleYear are not conditionally related under DrivQuality,0
OtherCar and VehicleYear are not conditionally related under Mileage,0
OtherCar and VehicleYear are not conditionally related under Antilock,0
OtherCar and VehicleYear are not conditionally related under DrivingSkill,0
OtherCar and VehicleYear are not conditionally related under SeniorTrain,0
OtherCar and VehicleYear are not conditionally related under ThisCarCost,0
OtherCar and VehicleYear are not conditionally related under Theft,0
OtherCar and VehicleYear are not conditionally related under CarValue,0
OtherCar and VehicleYear are not conditionally related under HomeBase,0
OtherCar and VehicleYear are not conditionally related under AntiTheft,0
OtherCar and VehicleYear are not conditionally related under PropCost,0
OtherCar and VehicleYear are not conditionally related under OtherCarCost,0
OtherCar and VehicleYear are not conditionally related under MedCost,0
OtherCar and VehicleYear are not conditionally related under Cushioning,0
OtherCar and VehicleYear are not conditionally related under Airbag,0
OtherCar and VehicleYear are not conditionally related under ILiCost,0
OtherCar and VehicleYear are not conditionally related under DrivHist,0
OtherCar and ThisCarDam are not conditionally related under GoodStudent,0
OtherCar and ThisCarDam are conditionally related under Age,1
OtherCar and ThisCarDam are conditionally related under SocioEcon,1
OtherCar and ThisCarDam are not conditionally related under RiskAversion,0
OtherCar and ThisCarDam are not conditionally related under VehicleYear,0
OtherCar and ThisCarDam are not conditionally related under RuggedAuto,0
OtherCar and ThisCarDam are not conditionally related under Accident,0
OtherCar and ThisCarDam are not conditionally related under MakeModel,0
OtherCar and ThisCarDam are not conditionally related under DrivQuality,0
OtherCar and ThisCarDam are not conditionally related under Mileage,0
OtherCar and ThisCarDam are not conditionally related under Antilock,0
OtherCar and ThisCarDam are not conditionally related under DrivingSkill,0
OtherCar and ThisCarDam are not conditionally related under SeniorTrain,0
OtherCar and ThisCarDam are not conditionally related under ThisCarCost,0
OtherCar and ThisCarDam are not conditionally related under Theft,0
OtherCar and ThisCarDam are not conditionally related under CarValue,0
OtherCar and ThisCarDam are not conditionally related under HomeBase,0
OtherCar and ThisCarDam are not conditionally related under AntiTheft,0
OtherCar and ThisCarDam are not conditionally related under PropCost,0
OtherCar and ThisCarDam are not conditionally related under OtherCarCost,0
OtherCar and ThisCarDam are not conditionally related under MedCost,0
OtherCar and ThisCarDam are not conditionally related under Cushioning,0
OtherCar and ThisCarDam are not conditionally related under Airbag,0
OtherCar and ThisCarDam are not conditionally related under ILiCost,0
OtherCar and ThisCarDam are not conditionally related under DrivHist,0
OtherCar and RuggedAuto are not conditionally related under GoodStudent,0
OtherCar and RuggedAuto are conditionally related under Age,1
OtherCar and RuggedAuto are conditionally related under SocioEcon,1
OtherCar and RuggedAuto are not conditionally related under RiskAversion,0
OtherCar and RuggedAuto are not conditionally related under VehicleYear,0
OtherCar and RuggedAuto are not conditionally related under ThisCarDam,0
OtherCar and RuggedAuto are not conditionally related under Accident,0
OtherCar and RuggedAuto are not conditionally related under MakeModel,0
OtherCar and RuggedAuto are not conditionally related under DrivQuality,0
OtherCar and RuggedAuto are not conditionally related under Mileage,0
OtherCar and RuggedAuto are not conditionally related under Antilock,0
OtherCar and RuggedAuto are not conditionally related under DrivingSkill,0
OtherCar and RuggedAuto are not conditionally related under SeniorTrain,0
OtherCar and RuggedAuto are not conditionally related under ThisCarCost,0
OtherCar and RuggedAuto are not conditionally related under Theft,0
OtherCar and RuggedAuto are not conditionally related under CarValue,0
OtherCar and RuggedAuto are not conditionally related under HomeBase,0
OtherCar and RuggedAuto are not conditionally related under AntiTheft,0
OtherCar and RuggedAuto are not conditionally related under PropCost,0
OtherCar and RuggedAuto are not conditionally related under OtherCarCost,0
OtherCar and RuggedAuto are not conditionally related under MedCost,0
OtherCar and RuggedAuto are not conditionally related under Cushioning,0
OtherCar and RuggedAuto are not conditionally related under Airbag,0
OtherCar and RuggedAuto are not conditionally related under ILiCost,0
OtherCar and RuggedAuto are not conditionally related under DrivHist,0
OtherCar and Accident are not conditionally related under GoodStudent,0
OtherCar and Accident are conditionally related under Age,1
OtherCar and Accident are conditionally related under SocioEcon,1
OtherCar and Accident are not conditionally related under RiskAversion,0
OtherCar and Accident are not conditionally related under VehicleYear,0
OtherCar and Accident are not conditionally related under ThisCarDam,0
OtherCar and Accident are not conditionally related under RuggedAuto,0
OtherCar and Accident are not conditionally related under MakeModel,0
OtherCar and Accident are not conditionally related under DrivQuality,0
OtherCar and Accident are not conditionally related under Mileage,0
OtherCar and Accident are not conditionally related under Antilock,0
OtherCar and Accident are not conditionally related under DrivingSkill,0
OtherCar and Accident are not conditionally related under SeniorTrain,0
OtherCar and Accident are not conditionally related under ThisCarCost,0
OtherCar and Accident are not conditionally related under Theft,0
OtherCar and Accident are not conditionally related under CarValue,0
OtherCar and Accident are not conditionally related under HomeBase,0
OtherCar and Accident are not conditionally related under AntiTheft,0
OtherCar and Accident are not conditionally related under PropCost,0
OtherCar and Accident are not conditionally related under OtherCarCost,0
OtherCar and Accident are not conditionally related under MedCost,0
OtherCar and Accident are not conditionally related under Cushioning,0
OtherCar and Accident are not conditionally related under Airbag,0
OtherCar and Accident are not conditionally related under ILiCost,0
OtherCar and Accident are not conditionally related under DrivHist,0
OtherCar and MakeModel are not conditionally related under GoodStudent,0
OtherCar and MakeModel are conditionally related under Age,1
OtherCar and MakeModel are conditionally related under SocioEcon,1
OtherCar and MakeModel are not conditionally related under RiskAversion,0
OtherCar and MakeModel are not conditionally related under VehicleYear,0
OtherCar and MakeModel are not conditionally related under ThisCarDam,0
OtherCar and MakeModel are not conditionally related under RuggedAuto,0
OtherCar and MakeModel are not conditionally related under Accident,0
OtherCar and MakeModel are not conditionally related under DrivQuality,0
OtherCar and MakeModel are not conditionally related under Mileage,0
OtherCar and MakeModel are not conditionally related under Antilock,0
OtherCar and MakeModel are not conditionally related under DrivingSkill,0
OtherCar and MakeModel are not conditionally related under SeniorTrain,0
OtherCar and MakeModel are not conditionally related under ThisCarCost,0
OtherCar and MakeModel are not conditionally related under Theft,0
OtherCar and MakeModel are not conditionally related under CarValue,0
OtherCar and MakeModel are not conditionally related under HomeBase,0
OtherCar and MakeModel are not conditionally related under AntiTheft,0
OtherCar and MakeModel are not conditionally related under PropCost,0
OtherCar and MakeModel are not conditionally related under OtherCarCost,0
OtherCar and MakeModel are not conditionally related under MedCost,0
OtherCar and MakeModel are not conditionally related under Cushioning,0
OtherCar and MakeModel are not conditionally related under Airbag,0
OtherCar and MakeModel are not conditionally related under ILiCost,0
OtherCar and MakeModel are not conditionally related under DrivHist,0
OtherCar and DrivQuality are not conditionally related under GoodStudent,0
OtherCar and DrivQuality are conditionally related under Age,1
OtherCar and DrivQuality are conditionally related under SocioEcon,1
OtherCar and DrivQuality are not conditionally related under RiskAversion,0
OtherCar and DrivQuality are not conditionally related under VehicleYear,0
OtherCar and DrivQuality are not conditionally related under ThisCarDam,0
OtherCar and DrivQuality are not conditionally related under RuggedAuto,0
OtherCar and DrivQuality are not conditionally related under Accident,0
OtherCar and DrivQuality are not conditionally related under MakeModel,0
OtherCar and DrivQuality are not conditionally related under Mileage,0
OtherCar and DrivQuality are not conditionally related under Antilock,0
OtherCar and DrivQuality are not conditionally related under DrivingSkill,0
OtherCar and DrivQuality are not conditionally related under SeniorTrain,0
OtherCar and DrivQuality are not conditionally related under ThisCarCost,0
OtherCar and DrivQuality are not conditionally related under Theft,0
OtherCar and DrivQuality are not conditionally related under CarValue,0
OtherCar and DrivQuality are not conditionally related under HomeBase,0
OtherCar and DrivQuality are not conditionally related under AntiTheft,0
OtherCar and DrivQuality are not conditionally related under PropCost,0
OtherCar and DrivQuality are not conditionally related under OtherCarCost,0
OtherCar and DrivQuality are not conditionally related under MedCost,0
OtherCar and DrivQuality are not conditionally related under Cushioning,0
OtherCar and DrivQuality are not conditionally related under Airbag,0
OtherCar and DrivQuality are not conditionally related under ILiCost,0
OtherCar and DrivQuality are not conditionally related under DrivHist,0
OtherCar and Mileage are not conditionally related under GoodStudent,0
OtherCar and Mileage are not conditionally related under Age,0
OtherCar and Mileage are not conditionally related under SocioEcon,0
OtherCar and Mileage are not conditionally related under RiskAversion,0
OtherCar and Mileage are not conditionally related under VehicleYear,0
OtherCar and Mileage are not conditionally related under ThisCarDam,0
OtherCar and Mileage are not conditionally related under RuggedAuto,0
OtherCar and Mileage are not conditionally related under Accident,0
OtherCar and Mileage are not conditionally related under MakeModel,0
OtherCar and Mileage are not conditionally related under DrivQuality,0
OtherCar and Mileage are not conditionally related under Antilock,0
OtherCar and Mileage are not conditionally related under DrivingSkill,0
OtherCar and Mileage are not conditionally related under SeniorTrain,0
OtherCar and Mileage are not conditionally related under ThisCarCost,0
OtherCar and Mileage are not conditionally related under Theft,0
OtherCar and Mileage are not conditionally related under CarValue,0
OtherCar and Mileage are not conditionally related under HomeBase,0
OtherCar and Mileage are not conditionally related under AntiTheft,0
OtherCar and Mileage are not conditionally related under PropCost,0
OtherCar and Mileage are not conditionally related under OtherCarCost,0
OtherCar and Mileage are not conditionally related under MedCost,0
OtherCar and Mileage are not conditionally related under Cushioning,0
OtherCar and Mileage are not conditionally related under Airbag,0
OtherCar and Mileage are not conditionally related under ILiCost,0
OtherCar and Mileage are not conditionally related under DrivHist,0
OtherCar and Antilock are not conditionally related under GoodStudent,0
OtherCar and Antilock are conditionally related under Age,1
OtherCar and Antilock are conditionally related under SocioEcon,1
OtherCar and Antilock are not conditionally related under RiskAversion,0
OtherCar and Antilock are not conditionally related under VehicleYear,0
OtherCar and Antilock are not conditionally related under ThisCarDam,0
OtherCar and Antilock are not conditionally related under RuggedAuto,0
OtherCar and Antilock are not conditionally related under Accident,0
OtherCar and Antilock are not conditionally related under MakeModel,0
OtherCar and Antilock are not conditionally related under DrivQuality,0
OtherCar and Antilock are not conditionally related under Mileage,0
OtherCar and Antilock are not conditionally related under DrivingSkill,0
OtherCar and Antilock are not conditionally related under SeniorTrain,0
OtherCar and Antilock are not conditionally related under ThisCarCost,0
OtherCar and Antilock are not conditionally related under Theft,0
OtherCar and Antilock are not conditionally related under CarValue,0
OtherCar and Antilock are not conditionally related under HomeBase,0
OtherCar and Antilock are not conditionally related under AntiTheft,0
OtherCar and Antilock are not conditionally related under PropCost,0
OtherCar and Antilock are not conditionally related under OtherCarCost,0
OtherCar and Antilock are not conditionally related under MedCost,0
OtherCar and Antilock are not conditionally related under Cushioning,0
OtherCar and Antilock are not conditionally related under Airbag,0
OtherCar and Antilock are not conditionally related under ILiCost,0
OtherCar and Antilock are not conditionally related under DrivHist,0
OtherCar and DrivingSkill are not conditionally related under GoodStudent,0
OtherCar and DrivingSkill are conditionally related under Age,1
OtherCar and DrivingSkill are conditionally related under SocioEcon,1
OtherCar and DrivingSkill are not conditionally related under RiskAversion,0
OtherCar and DrivingSkill are not conditionally related under VehicleYear,0
OtherCar and DrivingSkill are not conditionally related under ThisCarDam,0
OtherCar and DrivingSkill are not conditionally related under RuggedAuto,0
OtherCar and DrivingSkill are not conditionally related under Accident,0
OtherCar and DrivingSkill are not conditionally related under MakeModel,0
OtherCar and DrivingSkill are not conditionally related under DrivQuality,0
OtherCar and DrivingSkill are not conditionally related under Mileage,0
OtherCar and DrivingSkill are not conditionally related under Antilock,0
OtherCar and DrivingSkill are not conditionally related under SeniorTrain,0
OtherCar and DrivingSkill are not conditionally related under ThisCarCost,0
OtherCar and DrivingSkill are not conditionally related under Theft,0
OtherCar and DrivingSkill are not conditionally related under CarValue,0
OtherCar and DrivingSkill are not conditionally related under HomeBase,0
OtherCar and DrivingSkill are not conditionally related under AntiTheft,0
OtherCar and DrivingSkill are not conditionally related under PropCost,0
OtherCar and DrivingSkill are not conditionally related under OtherCarCost,0
OtherCar and DrivingSkill are not conditionally related under MedCost,0
OtherCar and DrivingSkill are not conditionally related under Cushioning,0
OtherCar and DrivingSkill are not conditionally related under Airbag,0
OtherCar and DrivingSkill are not conditionally related under ILiCost,0
OtherCar and DrivingSkill are not conditionally related under DrivHist,0
OtherCar and SeniorTrain are not conditionally related under GoodStudent,0
OtherCar and SeniorTrain are conditionally related under Age,1
OtherCar and SeniorTrain are conditionally related under SocioEcon,1
OtherCar and SeniorTrain are not conditionally related under RiskAversion,0
OtherCar and SeniorTrain are not conditionally related under VehicleYear,0
OtherCar and SeniorTrain are not conditionally related under ThisCarDam,0
OtherCar and SeniorTrain are not conditionally related under RuggedAuto,0
OtherCar and SeniorTrain are not conditionally related under Accident,0
OtherCar and SeniorTrain are not conditionally related under MakeModel,0
OtherCar and SeniorTrain are not conditionally related under DrivQuality,0
OtherCar and SeniorTrain are not conditionally related under Mileage,0
OtherCar and SeniorTrain are not conditionally related under Antilock,0
OtherCar and SeniorTrain are not conditionally related under DrivingSkill,0
OtherCar and SeniorTrain are not conditionally related under ThisCarCost,0
OtherCar and SeniorTrain are not conditionally related under Theft,0
OtherCar and SeniorTrain are not conditionally related under CarValue,0
OtherCar and SeniorTrain are not conditionally related under HomeBase,0
OtherCar and SeniorTrain are not conditionally related under AntiTheft,0
OtherCar and SeniorTrain are not conditionally related under PropCost,0
OtherCar and SeniorTrain are not conditionally related under OtherCarCost,0
OtherCar and SeniorTrain are not conditionally related under MedCost,0
OtherCar and SeniorTrain are not conditionally related under Cushioning,0
OtherCar and SeniorTrain are not conditionally related under Airbag,0
OtherCar and SeniorTrain are not conditionally related under ILiCost,0
OtherCar and SeniorTrain are not conditionally related under DrivHist,0
OtherCar and ThisCarCost are not conditionally related under GoodStudent,0
OtherCar and ThisCarCost are conditionally related under Age,1
OtherCar and ThisCarCost are conditionally related under SocioEcon,1
OtherCar and ThisCarCost are not conditionally related under RiskAversion,0
OtherCar and ThisCarCost are not conditionally related under VehicleYear,0
OtherCar and ThisCarCost are not conditionally related under ThisCarDam,0
OtherCar and ThisCarCost are not conditionally related under RuggedAuto,0
OtherCar and ThisCarCost are not conditionally related under Accident,0
OtherCar and ThisCarCost are not conditionally related under MakeModel,0
OtherCar and ThisCarCost are not conditionally related under DrivQuality,0
OtherCar and ThisCarCost are not conditionally related under Mileage,0
OtherCar and ThisCarCost are not conditionally related under Antilock,0
OtherCar and ThisCarCost are not conditionally related under DrivingSkill,0
OtherCar and ThisCarCost are not conditionally related under SeniorTrain,0
OtherCar and ThisCarCost are not conditionally related under Theft,0
OtherCar and ThisCarCost are not conditionally related under CarValue,0
OtherCar and ThisCarCost are not conditionally related under HomeBase,0
OtherCar and ThisCarCost are not conditionally related under AntiTheft,0
OtherCar and ThisCarCost are not conditionally related under PropCost,0
OtherCar and ThisCarCost are not conditionally related under OtherCarCost,0
OtherCar and ThisCarCost are not conditionally related under MedCost,0
OtherCar and ThisCarCost are not conditionally related under Cushioning,0
OtherCar and ThisCarCost are not conditionally related under Airbag,0
OtherCar and ThisCarCost are not conditionally related under ILiCost,0
OtherCar and ThisCarCost are not conditionally related under DrivHist,0
OtherCar and Theft are not conditionally related under GoodStudent,0
OtherCar and Theft are conditionally related under Age,1
OtherCar and Theft are conditionally related under SocioEcon,1
OtherCar and Theft are not conditionally related under RiskAversion,0
OtherCar and Theft are not conditionally related under VehicleYear,0
OtherCar and Theft are not conditionally related under ThisCarDam,0
OtherCar and Theft are not conditionally related under RuggedAuto,0
OtherCar and Theft are not conditionally related under Accident,0
OtherCar and Theft are not conditionally related under MakeModel,0
OtherCar and Theft are not conditionally related under DrivQuality,0
OtherCar and Theft are not conditionally related under Mileage,0
OtherCar and Theft are not conditionally related under Antilock,0
OtherCar and Theft are not conditionally related under DrivingSkill,0
OtherCar and Theft are not conditionally related under SeniorTrain,0
OtherCar and Theft are not conditionally related under ThisCarCost,0
OtherCar and Theft are not conditionally related under CarValue,0
OtherCar and Theft are not conditionally related under HomeBase,0
OtherCar and Theft are not conditionally related under AntiTheft,0
OtherCar and Theft are not conditionally related under PropCost,0
OtherCar and Theft are not conditionally related under OtherCarCost,0
OtherCar and Theft are not conditionally related under MedCost,0
OtherCar and Theft are not conditionally related under Cushioning,0
OtherCar and Theft are not conditionally related under Airbag,0
OtherCar and Theft are not conditionally related under ILiCost,0
OtherCar and Theft are not conditionally related under DrivHist,0
OtherCar and CarValue are not conditionally related under GoodStudent,0
OtherCar and CarValue are conditionally related under Age,1
OtherCar and CarValue are conditionally related under SocioEcon,1
OtherCar and CarValue are not conditionally related under RiskAversion,0
OtherCar and CarValue are not conditionally related under VehicleYear,0
OtherCar and CarValue are not conditionally related under ThisCarDam,0
OtherCar and CarValue are not conditionally related under RuggedAuto,0
OtherCar and CarValue are not conditionally related under Accident,0
OtherCar and CarValue are not conditionally related under MakeModel,0
OtherCar and CarValue are not conditionally related under DrivQuality,0
OtherCar and CarValue are not conditionally related under Mileage,0
OtherCar and CarValue are not conditionally related under Antilock,0
OtherCar and CarValue are not conditionally related under DrivingSkill,0
OtherCar and CarValue are not conditionally related under SeniorTrain,0
OtherCar and CarValue are not conditionally related under ThisCarCost,0
OtherCar and CarValue are not conditionally related under Theft,0
OtherCar and CarValue are not conditionally related under HomeBase,0
OtherCar and CarValue are not conditionally related under AntiTheft,0
OtherCar and CarValue are not conditionally related under PropCost,0
OtherCar and CarValue are not conditionally related under OtherCarCost,0
OtherCar and CarValue are not conditionally related under MedCost,0
OtherCar and CarValue are not conditionally related under Cushioning,0
OtherCar and CarValue are not conditionally related under Airbag,0
OtherCar and CarValue are not conditionally related under ILiCost,0
OtherCar and CarValue are not conditionally related under DrivHist,0
OtherCar and HomeBase are not conditionally related under GoodStudent,0
OtherCar and HomeBase are conditionally related under Age,1
OtherCar and HomeBase are conditionally related under SocioEcon,1
OtherCar and HomeBase are not conditionally related under RiskAversion,0
OtherCar and HomeBase are not conditionally related under VehicleYear,0
OtherCar and HomeBase are not conditionally related under ThisCarDam,0
OtherCar and HomeBase are not conditionally related under RuggedAuto,0
OtherCar and HomeBase are not conditionally related under Accident,0
OtherCar and HomeBase are not conditionally related under MakeModel,0
OtherCar and HomeBase are not conditionally related under DrivQuality,0
OtherCar and HomeBase are not conditionally related under Mileage,0
OtherCar and HomeBase are not conditionally related under Antilock,0
OtherCar and HomeBase are not conditionally related under DrivingSkill,0
OtherCar and HomeBase are not conditionally related under SeniorTrain,0
OtherCar and HomeBase are not conditionally related under ThisCarCost,0
OtherCar and HomeBase are not conditionally related under Theft,0
OtherCar and HomeBase are not conditionally related under CarValue,0
OtherCar and HomeBase are not conditionally related under AntiTheft,0
OtherCar and HomeBase are not conditionally related under PropCost,0
OtherCar and HomeBase are not conditionally related under OtherCarCost,0
OtherCar and HomeBase are not conditionally related under MedCost,0
OtherCar and HomeBase are not conditionally related under Cushioning,0
OtherCar and HomeBase are not conditionally related under Airbag,0
OtherCar and HomeBase are not conditionally related under ILiCost,0
OtherCar and HomeBase are not conditionally related under DrivHist,0
OtherCar and AntiTheft are not conditionally related under GoodStudent,0
OtherCar and AntiTheft are conditionally related under Age,1
OtherCar and AntiTheft are conditionally related under SocioEcon,1
OtherCar and AntiTheft are not conditionally related under RiskAversion,0
OtherCar and AntiTheft are not conditionally related under VehicleYear,0
OtherCar and AntiTheft are not conditionally related under ThisCarDam,0
OtherCar and AntiTheft are not conditionally related under RuggedAuto,0
OtherCar and AntiTheft are not conditionally related under Accident,0
OtherCar and AntiTheft are not conditionally related under MakeModel,0
OtherCar and AntiTheft are not conditionally related under DrivQuality,0
OtherCar and AntiTheft are not conditionally related under Mileage,0
OtherCar and AntiTheft are not conditionally related under Antilock,0
OtherCar and AntiTheft are not conditionally related under DrivingSkill,0
OtherCar and AntiTheft are not conditionally related under SeniorTrain,0
OtherCar and AntiTheft are not conditionally related under ThisCarCost,0
OtherCar and AntiTheft are not conditionally related under Theft,0
OtherCar and AntiTheft are not conditionally related under CarValue,0
OtherCar and AntiTheft are not conditionally related under HomeBase,0
OtherCar and AntiTheft are not conditionally related under PropCost,0
OtherCar and AntiTheft are not conditionally related under OtherCarCost,0
OtherCar and AntiTheft are not conditionally related under MedCost,0
OtherCar and AntiTheft are not conditionally related under Cushioning,0
OtherCar and AntiTheft are not conditionally related under Airbag,0
OtherCar and AntiTheft are not conditionally related under ILiCost,0
OtherCar and AntiTheft are not conditionally related under DrivHist,0
OtherCar and PropCost are not conditionally related under GoodStudent,0
OtherCar and PropCost are conditionally related under Age,1
OtherCar and PropCost are conditionally related under SocioEcon,1
OtherCar and PropCost are not conditionally related under RiskAversion,0
OtherCar and PropCost are not conditionally related under VehicleYear,0
OtherCar and PropCost are not conditionally related under ThisCarDam,0
OtherCar and PropCost are not conditionally related under RuggedAuto,0
OtherCar and PropCost are not conditionally related under Accident,0
OtherCar and PropCost are not conditionally related under MakeModel,0
OtherCar and PropCost are not conditionally related under DrivQuality,0
OtherCar and PropCost are not conditionally related under Mileage,0
OtherCar and PropCost are not conditionally related under Antilock,0
OtherCar and PropCost are not conditionally related under DrivingSkill,0
OtherCar and PropCost are not conditionally related under SeniorTrain,0
OtherCar and PropCost are not conditionally related under ThisCarCost,0
OtherCar and PropCost are not conditionally related under Theft,0
OtherCar and PropCost are not conditionally related under CarValue,0
OtherCar and PropCost are not conditionally related under HomeBase,0
OtherCar and PropCost are not conditionally related under AntiTheft,0
OtherCar and PropCost are not conditionally related under OtherCarCost,0
OtherCar and PropCost are not conditionally related under MedCost,0
OtherCar and PropCost are not conditionally related under Cushioning,0
OtherCar and PropCost are not conditionally related under Airbag,0
OtherCar and PropCost are not conditionally related under ILiCost,0
OtherCar and PropCost are not conditionally related under DrivHist,0
OtherCar and OtherCarCost are not conditionally related under GoodStudent,0
OtherCar and OtherCarCost are conditionally related under Age,1
OtherCar and OtherCarCost are conditionally related under SocioEcon,1
OtherCar and OtherCarCost are not conditionally related under RiskAversion,0
OtherCar and OtherCarCost are not conditionally related under VehicleYear,0
OtherCar and OtherCarCost are not conditionally related under ThisCarDam,0
OtherCar and OtherCarCost are not conditionally related under RuggedAuto,0
OtherCar and OtherCarCost are not conditionally related under Accident,0
OtherCar and OtherCarCost are not conditionally related under MakeModel,0
OtherCar and OtherCarCost are not conditionally related under DrivQuality,0
OtherCar and OtherCarCost are not conditionally related under Mileage,0
OtherCar and OtherCarCost are not conditionally related under Antilock,0
OtherCar and OtherCarCost are not conditionally related under DrivingSkill,0
OtherCar and OtherCarCost are not conditionally related under SeniorTrain,0
OtherCar and OtherCarCost are not conditionally related under ThisCarCost,0
OtherCar and OtherCarCost are not conditionally related under Theft,0
OtherCar and OtherCarCost are not conditionally related under CarValue,0
OtherCar and OtherCarCost are not conditionally related under HomeBase,0
OtherCar and OtherCarCost are not conditionally related under AntiTheft,0
OtherCar and OtherCarCost are not conditionally related under PropCost,0
OtherCar and OtherCarCost are not conditionally related under MedCost,0
OtherCar and OtherCarCost are not conditionally related under Cushioning,0
OtherCar and OtherCarCost are not conditionally related under Airbag,0
OtherCar and OtherCarCost are not conditionally related under ILiCost,0
OtherCar and OtherCarCost are not conditionally related under DrivHist,0
OtherCar and MedCost are not conditionally related under GoodStudent,0
OtherCar and MedCost are conditionally related under Age,1
OtherCar and MedCost are conditionally related under SocioEcon,1
OtherCar and MedCost are not conditionally related under RiskAversion,0
OtherCar and MedCost are not conditionally related under VehicleYear,0
OtherCar and MedCost are not conditionally related under ThisCarDam,0
OtherCar and MedCost are not conditionally related under RuggedAuto,0
OtherCar and MedCost are not conditionally related under Accident,0
OtherCar and MedCost are not conditionally related under MakeModel,0
OtherCar and MedCost are not conditionally related under DrivQuality,0
OtherCar and MedCost are not conditionally related under Mileage,0
OtherCar and MedCost are not conditionally related under Antilock,0
OtherCar and MedCost are not conditionally related under DrivingSkill,0
OtherCar and MedCost are not conditionally related under SeniorTrain,0
OtherCar and MedCost are not conditionally related under ThisCarCost,0
OtherCar and MedCost are not conditionally related under Theft,0
OtherCar and MedCost are not conditionally related under CarValue,0
OtherCar and MedCost are not conditionally related under HomeBase,0
OtherCar and MedCost are not conditionally related under AntiTheft,0
OtherCar and MedCost are not conditionally related under PropCost,0
OtherCar and MedCost are not conditionally related under OtherCarCost,0
OtherCar and MedCost are not conditionally related under Cushioning,0
OtherCar and MedCost are not conditionally related under Airbag,0
OtherCar and MedCost are not conditionally related under ILiCost,0
OtherCar and MedCost are not conditionally related under DrivHist,0
OtherCar and Cushioning are not conditionally related under GoodStudent,0
OtherCar and Cushioning are conditionally related under Age,1
OtherCar and Cushioning are conditionally related under SocioEcon,1
OtherCar and Cushioning are not conditionally related under RiskAversion,0
OtherCar and Cushioning are not conditionally related under VehicleYear,0
OtherCar and Cushioning are not conditionally related under ThisCarDam,0
OtherCar and Cushioning are not conditionally related under RuggedAuto,0
OtherCar and Cushioning are not conditionally related under Accident,0
OtherCar and Cushioning are not conditionally related under MakeModel,0
OtherCar and Cushioning are not conditionally related under DrivQuality,0
OtherCar and Cushioning are not conditionally related under Mileage,0
OtherCar and Cushioning are not conditionally related under Antilock,0
OtherCar and Cushioning are not conditionally related under DrivingSkill,0
OtherCar and Cushioning are not conditionally related under SeniorTrain,0
OtherCar and Cushioning are not conditionally related under ThisCarCost,0
OtherCar and Cushioning are not conditionally related under Theft,0
OtherCar and Cushioning are not conditionally related under CarValue,0
OtherCar and Cushioning are not conditionally related under HomeBase,0
OtherCar and Cushioning are not conditionally related under AntiTheft,0
OtherCar and Cushioning are not conditionally related under PropCost,0
OtherCar and Cushioning are not conditionally related under OtherCarCost,0
OtherCar and Cushioning are not conditionally related under MedCost,0
OtherCar and Cushioning are not conditionally related under Airbag,0
OtherCar and Cushioning are not conditionally related under ILiCost,0
OtherCar and Cushioning are not conditionally related under DrivHist,0
OtherCar and Airbag are not conditionally related under GoodStudent,0
OtherCar and Airbag are conditionally related under Age,1
OtherCar and Airbag are conditionally related under SocioEcon,1
OtherCar and Airbag are not conditionally related under RiskAversion,0
OtherCar and Airbag are not conditionally related under VehicleYear,0
OtherCar and Airbag are not conditionally related under ThisCarDam,0
OtherCar and Airbag are not conditionally related under RuggedAuto,0
OtherCar and Airbag are not conditionally related under Accident,0
OtherCar and Airbag are not conditionally related under MakeModel,0
OtherCar and Airbag are not conditionally related under DrivQuality,0
OtherCar and Airbag are not conditionally related under Mileage,0
OtherCar and Airbag are not conditionally related under Antilock,0
OtherCar and Airbag are not conditionally related under DrivingSkill,0
OtherCar and Airbag are not conditionally related under SeniorTrain,0
OtherCar and Airbag are not conditionally related under ThisCarCost,0
OtherCar and Airbag are not conditionally related under Theft,0
OtherCar and Airbag are not conditionally related under CarValue,0
OtherCar and Airbag are not conditionally related under HomeBase,0
OtherCar and Airbag are not conditionally related under AntiTheft,0
OtherCar and Airbag are not conditionally related under PropCost,0
OtherCar and Airbag are not conditionally related under OtherCarCost,0
OtherCar and Airbag are not conditionally related under MedCost,0
OtherCar and Airbag are not conditionally related under Cushioning,0
OtherCar and Airbag are not conditionally related under ILiCost,0
OtherCar and Airbag are not conditionally related under DrivHist,0
OtherCar and ILiCost are not conditionally related under GoodStudent,0
OtherCar and ILiCost are conditionally related under Age,1
OtherCar and ILiCost are conditionally related under SocioEcon,1
OtherCar and ILiCost are not conditionally related under RiskAversion,0
OtherCar and ILiCost are not conditionally related under VehicleYear,0
OtherCar and ILiCost are not conditionally related under ThisCarDam,0
OtherCar and ILiCost are not conditionally related under RuggedAuto,0
OtherCar and ILiCost are not conditionally related under Accident,0
OtherCar and ILiCost are not conditionally related under MakeModel,0
OtherCar and ILiCost are not conditionally related under DrivQuality,0
OtherCar and ILiCost are not conditionally related under Mileage,0
OtherCar and ILiCost are not conditionally related under Antilock,0
OtherCar and ILiCost are not conditionally related under DrivingSkill,0
OtherCar and ILiCost are not conditionally related under SeniorTrain,0
OtherCar and ILiCost are not conditionally related under ThisCarCost,0
OtherCar and ILiCost are not conditionally related under Theft,0
OtherCar and ILiCost are not conditionally related under CarValue,0
OtherCar and ILiCost are not conditionally related under HomeBase,0
OtherCar and ILiCost are not conditionally related under AntiTheft,0
OtherCar and ILiCost are not conditionally related under PropCost,0
OtherCar and ILiCost are not conditionally related under OtherCarCost,0
OtherCar and ILiCost are not conditionally related under MedCost,0
OtherCar and ILiCost are not conditionally related under Cushioning,0
OtherCar and ILiCost are not conditionally related under Airbag,0
OtherCar and ILiCost are not conditionally related under DrivHist,0
OtherCar and DrivHist are not conditionally related under GoodStudent,0
OtherCar and DrivHist are conditionally related under Age,1
OtherCar and DrivHist are conditionally related under SocioEcon,1
OtherCar and DrivHist are not conditionally related under RiskAversion,0
OtherCar and DrivHist are not conditionally related under VehicleYear,0
OtherCar and DrivHist are not conditionally related under ThisCarDam,0
OtherCar and DrivHist are not conditionally related under RuggedAuto,0
OtherCar and DrivHist are not conditionally related under Accident,0
OtherCar and DrivHist are not conditionally related under MakeModel,0
OtherCar and DrivHist are not conditionally related under DrivQuality,0
OtherCar and DrivHist are not conditionally related under Mileage,0
OtherCar and DrivHist are not conditionally related under Antilock,0
OtherCar and DrivHist are not conditionally related under DrivingSkill,0
OtherCar and DrivHist are not conditionally related under SeniorTrain,0
OtherCar and DrivHist are not conditionally related under ThisCarCost,0
OtherCar and DrivHist are not conditionally related under Theft,0
OtherCar and DrivHist are not conditionally related under CarValue,0
OtherCar and DrivHist are not conditionally related under HomeBase,0
OtherCar and DrivHist are not conditionally related under AntiTheft,0
OtherCar and DrivHist are not conditionally related under PropCost,0
OtherCar and DrivHist are not conditionally related under OtherCarCost,0
OtherCar and DrivHist are not conditionally related under MedCost,0
OtherCar and DrivHist are not conditionally related under Cushioning,0
OtherCar and DrivHist are not conditionally related under Airbag,0
OtherCar and DrivHist are not conditionally related under ILiCost,0
MedCost and GoodStudent are conditionally related under Age,1
MedCost and GoodStudent are conditionally related under SocioEcon,1
MedCost and GoodStudent are not conditionally related under RiskAversion,0
MedCost and GoodStudent are not conditionally related under VehicleYear,0
MedCost and GoodStudent are not conditionally related under ThisCarDam,0
MedCost and GoodStudent are not conditionally related under RuggedAuto,0
MedCost and GoodStudent are not conditionally related under Accident,0
MedCost and GoodStudent are not conditionally related under MakeModel,0
MedCost and GoodStudent are not conditionally related under DrivQuality,0
MedCost and GoodStudent are not conditionally related under Mileage,0
MedCost and GoodStudent are not conditionally related under Antilock,0
MedCost and GoodStudent are not conditionally related under DrivingSkill,0
MedCost and GoodStudent are not conditionally related under SeniorTrain,0
MedCost and GoodStudent are not conditionally related under ThisCarCost,0
MedCost and GoodStudent are not conditionally related under Theft,0
MedCost and GoodStudent are not conditionally related under CarValue,0
MedCost and GoodStudent are not conditionally related under HomeBase,0
MedCost and GoodStudent are not conditionally related under AntiTheft,0
MedCost and GoodStudent are not conditionally related under PropCost,0
MedCost and GoodStudent are not conditionally related under OtherCarCost,0
MedCost and GoodStudent are not conditionally related under OtherCar,0
MedCost and GoodStudent are not conditionally related under Cushioning,0
MedCost and GoodStudent are not conditionally related under Airbag,0
MedCost and GoodStudent are not conditionally related under ILiCost,0
MedCost and GoodStudent are not conditionally related under DrivHist,0
MedCost and Age are related,1
MedCost and SocioEcon are related,1
MedCost and RiskAversion are related,1
MedCost and VehicleYear are related,1
MedCost and ThisCarDam are not conditionally related under GoodStudent,0
MedCost and ThisCarDam are conditionally related under Age,1
MedCost and ThisCarDam are conditionally related under SocioEcon,1
MedCost and ThisCarDam are conditionally related under RiskAversion,1
MedCost and ThisCarDam are conditionally related under VehicleYear,1
MedCost and ThisCarDam are conditionally related under RuggedAuto,1
MedCost and ThisCarDam are conditionally related under Accident,1
MedCost and ThisCarDam are conditionally related under MakeModel,1
MedCost and ThisCarDam are conditionally related under DrivQuality,1
MedCost and ThisCarDam are conditionally related under Mileage,1
MedCost and ThisCarDam are conditionally related under Antilock,1
MedCost and ThisCarDam are conditionally related under DrivingSkill,1
MedCost and ThisCarDam are conditionally related under SeniorTrain,1
MedCost and ThisCarDam are not conditionally related under ThisCarCost,0
MedCost and ThisCarDam are not conditionally related under Theft,0
MedCost and ThisCarDam are not conditionally related under CarValue,0
MedCost and ThisCarDam are not conditionally related under HomeBase,0
MedCost and ThisCarDam are not conditionally related under AntiTheft,0
MedCost and ThisCarDam are not conditionally related under PropCost,0
MedCost and ThisCarDam are not conditionally related under OtherCarCost,0
MedCost and ThisCarDam are not conditionally related under OtherCar,0
MedCost and ThisCarDam are not conditionally related under Cushioning,0
MedCost and ThisCarDam are not conditionally related under Airbag,0
MedCost and ThisCarDam are not conditionally related under ILiCost,0
MedCost and ThisCarDam are not conditionally related under DrivHist,0
MedCost and RuggedAuto are related,1
MedCost and Accident are related,1
MedCost and MakeModel are related,1
MedCost and DrivQuality are related,1
MedCost and Mileage are related,1
MedCost and Antilock are related,1
MedCost and DrivingSkill are related,1
MedCost and SeniorTrain are related,1
MedCost and ThisCarCost are not conditionally related under GoodStudent,0
MedCost and ThisCarCost are conditionally related under Age,1
MedCost and ThisCarCost are conditionally related under SocioEcon,1
MedCost and ThisCarCost are conditionally related under RiskAversion,1
MedCost and ThisCarCost are conditionally related under VehicleYear,1
MedCost and ThisCarCost are not conditionally related under ThisCarDam,0
MedCost and ThisCarCost are conditionally related under RuggedAuto,1
MedCost and ThisCarCost are conditionally related under Accident,1
MedCost and ThisCarCost are conditionally related under MakeModel,1
MedCost and ThisCarCost are conditionally related under DrivQuality,1
MedCost and ThisCarCost are conditionally related under Mileage,1
MedCost and ThisCarCost are conditionally related under Antilock,1
MedCost and ThisCarCost are conditionally related under DrivingSkill,1
MedCost and ThisCarCost are conditionally related under SeniorTrain,1
MedCost and ThisCarCost are not conditionally related under Theft,0
MedCost and ThisCarCost are not conditionally related under CarValue,0
MedCost and ThisCarCost are not conditionally related under HomeBase,0
MedCost and ThisCarCost are not conditionally related under AntiTheft,0
MedCost and ThisCarCost are not conditionally related under PropCost,0
MedCost and ThisCarCost are not conditionally related under OtherCarCost,0
MedCost and ThisCarCost are not conditionally related under OtherCar,0
MedCost and ThisCarCost are not conditionally related under Cushioning,0
MedCost and ThisCarCost are not conditionally related under Airbag,0
MedCost and ThisCarCost are not conditionally related under ILiCost,0
MedCost and ThisCarCost are not conditionally related under DrivHist,0
MedCost and Theft are not conditionally related under GoodStudent,0
MedCost and Theft are conditionally related under Age,1
MedCost and Theft are conditionally related under SocioEcon,1
MedCost and Theft are conditionally related under RiskAversion,1
MedCost and Theft are conditionally related under VehicleYear,1
MedCost and Theft are not conditionally related under ThisCarDam,0
MedCost and Theft are not conditionally related under RuggedAuto,0
MedCost and Theft are not conditionally related under Accident,0
MedCost and Theft are conditionally related under MakeModel,1
MedCost and Theft are not conditionally related under DrivQuality,0
MedCost and Theft are conditionally related under Mileage,1
MedCost and Theft are not conditionally related under Antilock,0
MedCost and Theft are not conditionally related under DrivingSkill,0
MedCost and Theft are not conditionally related under SeniorTrain,0
MedCost and Theft are not conditionally related under ThisCarCost,0
MedCost and Theft are not conditionally related under CarValue,0
MedCost and Theft are not conditionally related under HomeBase,0
MedCost and Theft are not conditionally related under AntiTheft,0
MedCost and Theft are not conditionally related under PropCost,0
MedCost and Theft are not conditionally related under OtherCarCost,0
MedCost and Theft are not conditionally related under OtherCar,0
MedCost and Theft are not conditionally related under Cushioning,0
MedCost and Theft are not conditionally related under Airbag,0
MedCost and Theft are not conditionally related under ILiCost,0
MedCost and Theft are not conditionally related under DrivHist,0
MedCost and CarValue are not conditionally related under GoodStudent,0
MedCost and CarValue are conditionally related under Age,1
MedCost and CarValue are conditionally related under SocioEcon,1
MedCost and CarValue are conditionally related under RiskAversion,1
MedCost and CarValue are conditionally related under VehicleYear,1
MedCost and CarValue are not conditionally related under ThisCarDam,0
MedCost and CarValue are not conditionally related under RuggedAuto,0
MedCost and CarValue are not conditionally related under Accident,0
MedCost and CarValue are conditionally related under MakeModel,1
MedCost and CarValue are not conditionally related under DrivQuality,0
MedCost and CarValue are conditionally related under Mileage,1
MedCost and CarValue are not conditionally related under Antilock,0
MedCost and CarValue are not conditionally related under DrivingSkill,0
MedCost and CarValue are not conditionally related under SeniorTrain,0
MedCost and CarValue are not conditionally related under ThisCarCost,0
MedCost and CarValue are not conditionally related under Theft,0
MedCost and CarValue are not conditionally related under HomeBase,0
MedCost and CarValue are not conditionally related under AntiTheft,0
MedCost and CarValue are not conditionally related under PropCost,0
MedCost and CarValue are not conditionally related under OtherCarCost,0
MedCost and CarValue are not conditionally related under OtherCar,0
MedCost and CarValue are not conditionally related under Cushioning,0
MedCost and CarValue are not conditionally related under Airbag,0
MedCost and CarValue are not conditionally related under ILiCost,0
MedCost and CarValue are not conditionally related under DrivHist,0
MedCost and HomeBase are not conditionally related under GoodStudent,0
MedCost and HomeBase are conditionally related under Age,1
MedCost and HomeBase are conditionally related under SocioEcon,1
MedCost and HomeBase are conditionally related under RiskAversion,1
MedCost and HomeBase are not conditionally related under VehicleYear,0
MedCost and HomeBase are not conditionally related under ThisCarDam,0
MedCost and HomeBase are not conditionally related under RuggedAuto,0
MedCost and HomeBase are not conditionally related under Accident,0
MedCost and HomeBase are not conditionally related under MakeModel,0
MedCost and HomeBase are not conditionally related under DrivQuality,0
MedCost and HomeBase are not conditionally related under Mileage,0
MedCost and HomeBase are not conditionally related under Antilock,0
MedCost and HomeBase are not conditionally related under DrivingSkill,0
MedCost and HomeBase are not conditionally related under SeniorTrain,0
MedCost and HomeBase are not conditionally related under ThisCarCost,0
MedCost and HomeBase are not conditionally related under Theft,0
MedCost and HomeBase are not conditionally related under CarValue,0
MedCost and HomeBase are not conditionally related under AntiTheft,0
MedCost and HomeBase are not conditionally related under PropCost,0
MedCost and HomeBase are not conditionally related under OtherCarCost,0
MedCost and HomeBase are not conditionally related under OtherCar,0
MedCost and HomeBase are not conditionally related under Cushioning,0
MedCost and HomeBase are not conditionally related under Airbag,0
MedCost and HomeBase are not conditionally related under ILiCost,0
MedCost and HomeBase are not conditionally related under DrivHist,0
MedCost and AntiTheft are not conditionally related under GoodStudent,0
MedCost and AntiTheft are conditionally related under Age,1
MedCost and AntiTheft are conditionally related under SocioEcon,1
MedCost and AntiTheft are conditionally related under RiskAversion,1
MedCost and AntiTheft are not conditionally related under VehicleYear,0
MedCost and AntiTheft are not conditionally related under ThisCarDam,0
MedCost and AntiTheft are not conditionally related under RuggedAuto,0
MedCost and AntiTheft are not conditionally related under Accident,0
MedCost and AntiTheft are not conditionally related under MakeModel,0
MedCost and AntiTheft are not conditionally related under DrivQuality,0
MedCost and AntiTheft are not conditionally related under Mileage,0
MedCost and AntiTheft are not conditionally related under Antilock,0
MedCost and AntiTheft are not conditionally related under DrivingSkill,0
MedCost and AntiTheft are not conditionally related under SeniorTrain,0
MedCost and AntiTheft are not conditionally related under ThisCarCost,0
MedCost and AntiTheft are not conditionally related under Theft,0
MedCost and AntiTheft are not conditionally related under CarValue,0
MedCost and AntiTheft are not conditionally related under HomeBase,0
MedCost and AntiTheft are not conditionally related under PropCost,0
MedCost and AntiTheft are not conditionally related under OtherCarCost,0
MedCost and AntiTheft are not conditionally related under OtherCar,0
MedCost and AntiTheft are not conditionally related under Cushioning,0
MedCost and AntiTheft are not conditionally related under Airbag,0
MedCost and AntiTheft are not conditionally related under ILiCost,0
MedCost and AntiTheft are not conditionally related under DrivHist,0
MedCost and PropCost are not conditionally related under GoodStudent,0
MedCost and PropCost are conditionally related under Age,1
MedCost and PropCost are conditionally related under SocioEcon,1
MedCost and PropCost are conditionally related under RiskAversion,1
MedCost and PropCost are conditionally related under VehicleYear,1
MedCost and PropCost are not conditionally related under ThisCarDam,0
MedCost and PropCost are conditionally related under RuggedAuto,1
MedCost and PropCost are conditionally related under Accident,1
MedCost and PropCost are conditionally related under MakeModel,1
MedCost and PropCost are conditionally related under DrivQuality,1
MedCost and PropCost are conditionally related under Mileage,1
MedCost and PropCost are conditionally related under Antilock,1
MedCost and PropCost are conditionally related under DrivingSkill,1
MedCost and PropCost are conditionally related under SeniorTrain,1
MedCost and PropCost are not conditionally related under ThisCarCost,0
MedCost and PropCost are not conditionally related under Theft,0
MedCost and PropCost are not conditionally related under CarValue,0
MedCost and PropCost are not conditionally related under HomeBase,0
MedCost and PropCost are not conditionally related under AntiTheft,0
MedCost and PropCost are not conditionally related under OtherCarCost,0
MedCost and PropCost are not conditionally related under OtherCar,0
MedCost and PropCost are not conditionally related under Cushioning,0
MedCost and PropCost are not conditionally related under Airbag,0
MedCost and PropCost are not conditionally related under ILiCost,0
MedCost and PropCost are not conditionally related under DrivHist,0
MedCost and OtherCarCost are not conditionally related under GoodStudent,0
MedCost and OtherCarCost are conditionally related under Age,1
MedCost and OtherCarCost are conditionally related under SocioEcon,1
MedCost and OtherCarCost are conditionally related under RiskAversion,1
MedCost and OtherCarCost are conditionally related under VehicleYear,1
MedCost and OtherCarCost are not conditionally related under ThisCarDam,0
MedCost and OtherCarCost are conditionally related under RuggedAuto,1
MedCost and OtherCarCost are conditionally related under Accident,1
MedCost and OtherCarCost are conditionally related under MakeModel,1
MedCost and OtherCarCost are conditionally related under DrivQuality,1
MedCost and OtherCarCost are conditionally related under Mileage,1
MedCost and OtherCarCost are conditionally related under Antilock,1
MedCost and OtherCarCost are conditionally related under DrivingSkill,1
MedCost and OtherCarCost are conditionally related under SeniorTrain,1
MedCost and OtherCarCost are not conditionally related under ThisCarCost,0
MedCost and OtherCarCost are not conditionally related under Theft,0
MedCost and OtherCarCost are not conditionally related under CarValue,0
MedCost and OtherCarCost are not conditionally related under HomeBase,0
MedCost and OtherCarCost are not conditionally related under AntiTheft,0
MedCost and OtherCarCost are not conditionally related under PropCost,0
MedCost and OtherCarCost are not conditionally related under OtherCar,0
MedCost and OtherCarCost are not conditionally related under Cushioning,0
MedCost and OtherCarCost are not conditionally related under Airbag,0
MedCost and OtherCarCost are not conditionally related under ILiCost,0
MedCost and OtherCarCost are not conditionally related under DrivHist,0
MedCost and OtherCar are not conditionally related under GoodStudent,0
MedCost and OtherCar are conditionally related under Age,1
MedCost and OtherCar are conditionally related under SocioEcon,1
MedCost and OtherCar are not conditionally related under RiskAversion,0
MedCost and OtherCar are not conditionally related under VehicleYear,0
MedCost and OtherCar are not conditionally related under ThisCarDam,0
MedCost and OtherCar are not conditionally related under RuggedAuto,0
MedCost and OtherCar are not conditionally related under Accident,0
MedCost and OtherCar are not conditionally related under MakeModel,0
MedCost and OtherCar are not conditionally related under DrivQuality,0
MedCost and OtherCar are not conditionally related under Mileage,0
MedCost and OtherCar are not conditionally related under Antilock,0
MedCost and OtherCar are not conditionally related under DrivingSkill,0
MedCost and OtherCar are not conditionally related under SeniorTrain,0
MedCost and OtherCar are not conditionally related under ThisCarCost,0
MedCost and OtherCar are not conditionally related under Theft,0
MedCost and OtherCar are not conditionally related under CarValue,0
MedCost and OtherCar are not conditionally related under HomeBase,0
MedCost and OtherCar are not conditionally related under AntiTheft,0
MedCost and OtherCar are not conditionally related under PropCost,0
MedCost and OtherCar are not conditionally related under OtherCarCost,0
MedCost and OtherCar are not conditionally related under Cushioning,0
MedCost and OtherCar are not conditionally related under Airbag,0
MedCost and OtherCar are not conditionally related under ILiCost,0
MedCost and OtherCar are not conditionally related under DrivHist,0
MedCost and Cushioning are related,1
MedCost and Airbag are related,1
MedCost and ILiCost are not conditionally related under GoodStudent,0
MedCost and ILiCost are conditionally related under Age,1
MedCost and ILiCost are conditionally related under SocioEcon,1
MedCost and ILiCost are conditionally related under RiskAversion,1
MedCost and ILiCost are conditionally related under VehicleYear,1
MedCost and ILiCost are not conditionally related under ThisCarDam,0
MedCost and ILiCost are not conditionally related under RuggedAuto,0
MedCost and ILiCost are conditionally related under Accident,1
MedCost and ILiCost are conditionally related under MakeModel,1
MedCost and ILiCost are conditionally related under DrivQuality,1
MedCost and ILiCost are conditionally related under Mileage,1
MedCost and ILiCost are conditionally related under Antilock,1
MedCost and ILiCost are conditionally related under DrivingSkill,1
MedCost and ILiCost are conditionally related under SeniorTrain,1
MedCost and ILiCost are not conditionally related under ThisCarCost,0
MedCost and ILiCost are not conditionally related under Theft,0
MedCost and ILiCost are not conditionally related under CarValue,0
MedCost and ILiCost are not conditionally related under HomeBase,0
MedCost and ILiCost are not conditionally related under AntiTheft,0
MedCost and ILiCost are not conditionally related under PropCost,0
MedCost and ILiCost are not conditionally related under OtherCarCost,0
MedCost and ILiCost are not conditionally related under OtherCar,0
MedCost and ILiCost are not conditionally related under Cushioning,0
MedCost and ILiCost are not conditionally related under Airbag,0
MedCost and ILiCost are not conditionally related under DrivHist,0
MedCost and DrivHist are not conditionally related under GoodStudent,0
MedCost and DrivHist are conditionally related under Age,1
MedCost and DrivHist are conditionally related under SocioEcon,1
MedCost and DrivHist are conditionally related under RiskAversion,1
MedCost and DrivHist are not conditionally related under VehicleYear,0
MedCost and DrivHist are not conditionally related under ThisCarDam,0
MedCost and DrivHist are not conditionally related under RuggedAuto,0
MedCost and DrivHist are not conditionally related under Accident,0
MedCost and DrivHist are not conditionally related under MakeModel,0
MedCost and DrivHist are not conditionally related under DrivQuality,0
MedCost and DrivHist are not conditionally related under Mileage,0
MedCost and DrivHist are not conditionally related under Antilock,0
MedCost and DrivHist are conditionally related under DrivingSkill,1
MedCost and DrivHist are conditionally related under SeniorTrain,1
MedCost and DrivHist are not conditionally related under ThisCarCost,0
MedCost and DrivHist are not conditionally related under Theft,0
MedCost and DrivHist are not conditionally related under CarValue,0
MedCost and DrivHist are not conditionally related under HomeBase,0
MedCost and DrivHist are not conditionally related under AntiTheft,0
MedCost and DrivHist are not conditionally related under PropCost,0
MedCost and DrivHist are not conditionally related under OtherCarCost,0
MedCost and DrivHist are not conditionally related under OtherCar,0
MedCost and DrivHist are not conditionally related under Cushioning,0
MedCost and DrivHist are not conditionally related under Airbag,0
MedCost and DrivHist are not conditionally related under ILiCost,0
Cushioning and GoodStudent are conditionally related under Age,1
Cushioning and GoodStudent are conditionally related under SocioEcon,1
Cushioning and GoodStudent are not conditionally related under RiskAversion,0
Cushioning and GoodStudent are not conditionally related under VehicleYear,0
Cushioning and GoodStudent are not conditionally related under ThisCarDam,0
Cushioning and GoodStudent are not conditionally related under RuggedAuto,0
Cushioning and GoodStudent are not conditionally related under Accident,0
Cushioning and GoodStudent are not conditionally related under MakeModel,0
Cushioning and GoodStudent are not conditionally related under DrivQuality,0
Cushioning and GoodStudent are not conditionally related under Mileage,0
Cushioning and GoodStudent are not conditionally related under Antilock,0
Cushioning and GoodStudent are not conditionally related under DrivingSkill,0
Cushioning and GoodStudent are not conditionally related under SeniorTrain,0
Cushioning and GoodStudent are not conditionally related under ThisCarCost,0
Cushioning and GoodStudent are not conditionally related under Theft,0
Cushioning and GoodStudent are not conditionally related under CarValue,0
Cushioning and GoodStudent are not conditionally related under HomeBase,0
Cushioning and GoodStudent are not conditionally related under AntiTheft,0
Cushioning and GoodStudent are not conditionally related under PropCost,0
Cushioning and GoodStudent are not conditionally related under OtherCarCost,0
Cushioning and GoodStudent are not conditionally related under OtherCar,0
Cushioning and GoodStudent are not conditionally related under MedCost,0
Cushioning and GoodStudent are not conditionally related under Airbag,0
Cushioning and GoodStudent are not conditionally related under ILiCost,0
Cushioning and GoodStudent are not conditionally related under DrivHist,0
Cushioning and Age are related,1
Cushioning and SocioEcon are related,1
Cushioning and RiskAversion are related,1
Cushioning and VehicleYear are related,1
Cushioning and ThisCarDam are not conditionally related under GoodStudent,0
Cushioning and ThisCarDam are conditionally related under Age,1
Cushioning and ThisCarDam are conditionally related under SocioEcon,1
Cushioning and ThisCarDam are conditionally related under RiskAversion,1
Cushioning and ThisCarDam are conditionally related under VehicleYear,1
Cushioning and ThisCarDam are conditionally related under RuggedAuto,1
Cushioning and ThisCarDam are not conditionally related under Accident,0
Cushioning and ThisCarDam are conditionally related under MakeModel,1
Cushioning and ThisCarDam are not conditionally related under DrivQuality,0
Cushioning and ThisCarDam are not conditionally related under Mileage,0
Cushioning and ThisCarDam are not conditionally related under Antilock,0
Cushioning and ThisCarDam are not conditionally related under DrivingSkill,0
Cushioning and ThisCarDam are not conditionally related under SeniorTrain,0
Cushioning and ThisCarDam are not conditionally related under ThisCarCost,0
Cushioning and ThisCarDam are not conditionally related under Theft,0
Cushioning and ThisCarDam are not conditionally related under CarValue,0
Cushioning and ThisCarDam are not conditionally related under HomeBase,0
Cushioning and ThisCarDam are not conditionally related under AntiTheft,0
Cushioning and ThisCarDam are not conditionally related under PropCost,0
Cushioning and ThisCarDam are not conditionally related under OtherCarCost,0
Cushioning and ThisCarDam are not conditionally related under OtherCar,0
Cushioning and ThisCarDam are not conditionally related under MedCost,0
Cushioning and ThisCarDam are not conditionally related under Airbag,0
Cushioning and ThisCarDam are not conditionally related under ILiCost,0
Cushioning and ThisCarDam are not conditionally related under DrivHist,0
Cushioning and RuggedAuto are related,1
Cushioning and Accident are not conditionally related under GoodStudent,0
Cushioning and Accident are conditionally related under Age,1
Cushioning and Accident are conditionally related under SocioEcon,1
Cushioning and Accident are conditionally related under RiskAversion,1
Cushioning and Accident are conditionally related under VehicleYear,1
Cushioning and Accident are not conditionally related under ThisCarDam,0
Cushioning and Accident are not conditionally related under RuggedAuto,0
Cushioning and Accident are conditionally related under MakeModel,1
Cushioning and Accident are not conditionally related under DrivQuality,0
Cushioning and Accident are not conditionally related under Mileage,0
Cushioning and Accident are not conditionally related under Antilock,0
Cushioning and Accident are not conditionally related under DrivingSkill,0
Cushioning and Accident are not conditionally related under SeniorTrain,0
Cushioning and Accident are not conditionally related under ThisCarCost,0
Cushioning and Accident are not conditionally related under Theft,0
Cushioning and Accident are not conditionally related under CarValue,0
Cushioning and Accident are not conditionally related under HomeBase,0
Cushioning and Accident are not conditionally related under AntiTheft,0
Cushioning and Accident are not conditionally related under PropCost,0
Cushioning and Accident are not conditionally related under OtherCarCost,0
Cushioning and Accident are not conditionally related under OtherCar,0
Cushioning and Accident are conditionally related under MedCost,1
Cushioning and Accident are not conditionally related under Airbag,0
Cushioning and Accident are not conditionally related under ILiCost,0
Cushioning and Accident are not conditionally related under DrivHist,0
Cushioning and MakeModel are related,1
Cushioning and DrivQuality are not conditionally related under GoodStudent,0
Cushioning and DrivQuality are conditionally related under Age,1
Cushioning and DrivQuality are conditionally related under SocioEcon,1
Cushioning and DrivQuality are conditionally related under RiskAversion,1
Cushioning and DrivQuality are not conditionally related under VehicleYear,0
Cushioning and DrivQuality are not conditionally related under ThisCarDam,0
Cushioning and DrivQuality are not conditionally related under RuggedAuto,0
Cushioning and DrivQuality are not conditionally related under Accident,0
Cushioning and DrivQuality are not conditionally related under MakeModel,0
Cushioning and DrivQuality are not conditionally related under Mileage,0
Cushioning and DrivQuality are not conditionally related under Antilock,0
Cushioning and DrivQuality are not conditionally related under DrivingSkill,0
Cushioning and DrivQuality are not conditionally related under SeniorTrain,0
Cushioning and DrivQuality are not conditionally related under ThisCarCost,0
Cushioning and DrivQuality are not conditionally related under Theft,0
Cushioning and DrivQuality are not conditionally related under CarValue,0
Cushioning and DrivQuality are not conditionally related under HomeBase,0
Cushioning and DrivQuality are not conditionally related under AntiTheft,0
Cushioning and DrivQuality are not conditionally related under PropCost,0
Cushioning and DrivQuality are not conditionally related under OtherCarCost,0
Cushioning and DrivQuality are not conditionally related under OtherCar,0
Cushioning and DrivQuality are conditionally related under MedCost,1
Cushioning and DrivQuality are not conditionally related under Airbag,0
Cushioning and DrivQuality are not conditionally related under ILiCost,0
Cushioning and DrivQuality are not conditionally related under DrivHist,0
Cushioning and Mileage are not conditionally related under GoodStudent,0
Cushioning and Mileage are not conditionally related under Age,0
Cushioning and Mileage are not conditionally related under SocioEcon,0
Cushioning and Mileage are not conditionally related under RiskAversion,0
Cushioning and Mileage are not conditionally related under VehicleYear,0
Cushioning and Mileage are not conditionally related under ThisCarDam,0
Cushioning and Mileage are not conditionally related under RuggedAuto,0
Cushioning and Mileage are not conditionally related under Accident,0
Cushioning and Mileage are not conditionally related under MakeModel,0
Cushioning and Mileage are not conditionally related under DrivQuality,0
Cushioning and Mileage are not conditionally related under Antilock,0
Cushioning and Mileage are not conditionally related under DrivingSkill,0
Cushioning and Mileage are not conditionally related under SeniorTrain,0
Cushioning and Mileage are not conditionally related under ThisCarCost,0
Cushioning and Mileage are not conditionally related under Theft,0
Cushioning and Mileage are not conditionally related under CarValue,0
Cushioning and Mileage are not conditionally related under HomeBase,0
Cushioning and Mileage are not conditionally related under AntiTheft,0
Cushioning and Mileage are not conditionally related under PropCost,0
Cushioning and Mileage are not conditionally related under OtherCarCost,0
Cushioning and Mileage are not conditionally related under OtherCar,0
Cushioning and Mileage are conditionally related under MedCost,1
Cushioning and Mileage are not conditionally related under Airbag,0
Cushioning and Mileage are not conditionally related under ILiCost,0
Cushioning and Mileage are not conditionally related under DrivHist,0
Cushioning and Antilock are not conditionally related under GoodStudent,0
Cushioning and Antilock are conditionally related under Age,1
Cushioning and Antilock are conditionally related under SocioEcon,1
Cushioning and Antilock are conditionally related under RiskAversion,1
Cushioning and Antilock are conditionally related under VehicleYear,1
Cushioning and Antilock are not conditionally related under ThisCarDam,0
Cushioning and Antilock are not conditionally related under RuggedAuto,0
Cushioning and Antilock are not conditionally related under Accident,0
Cushioning and Antilock are conditionally related under MakeModel,1
Cushioning and Antilock are not conditionally related under DrivQuality,0
Cushioning and Antilock are not conditionally related under Mileage,0
Cushioning and Antilock are not conditionally related under DrivingSkill,0
Cushioning and Antilock are not conditionally related under SeniorTrain,0
Cushioning and Antilock are not conditionally related under ThisCarCost,0
Cushioning and Antilock are not conditionally related under Theft,0
Cushioning and Antilock are not conditionally related under CarValue,0
Cushioning and Antilock are not conditionally related under HomeBase,0
Cushioning and Antilock are not conditionally related under AntiTheft,0
Cushioning and Antilock are not conditionally related under PropCost,0
Cushioning and Antilock are not conditionally related under OtherCarCost,0
Cushioning and Antilock are not conditionally related under OtherCar,0
Cushioning and Antilock are conditionally related under MedCost,1
Cushioning and Antilock are not conditionally related under Airbag,0
Cushioning and Antilock are not conditionally related under ILiCost,0
Cushioning and Antilock are not conditionally related under DrivHist,0
Cushioning and DrivingSkill are not conditionally related under GoodStudent,0
Cushioning and DrivingSkill are conditionally related under Age,1
Cushioning and DrivingSkill are conditionally related under SocioEcon,1
Cushioning and DrivingSkill are conditionally related under RiskAversion,1
Cushioning and DrivingSkill are not conditionally related under VehicleYear,0
Cushioning and DrivingSkill are not conditionally related under ThisCarDam,0
Cushioning and DrivingSkill are not conditionally related under RuggedAuto,0
Cushioning and DrivingSkill are not conditionally related under Accident,0
Cushioning and DrivingSkill are not conditionally related under MakeModel,0
Cushioning and DrivingSkill are not conditionally related under DrivQuality,0
Cushioning and DrivingSkill are not conditionally related under Mileage,0
Cushioning and DrivingSkill are not conditionally related under Antilock,0
Cushioning and DrivingSkill are not conditionally related under SeniorTrain,0
Cushioning and DrivingSkill are not conditionally related under ThisCarCost,0
Cushioning and DrivingSkill are not conditionally related under Theft,0
Cushioning and DrivingSkill are not conditionally related under CarValue,0
Cushioning and DrivingSkill are not conditionally related under HomeBase,0
Cushioning and DrivingSkill are not conditionally related under AntiTheft,0
Cushioning and DrivingSkill are not conditionally related under PropCost,0
Cushioning and DrivingSkill are not conditionally related under OtherCarCost,0
Cushioning and DrivingSkill are not conditionally related under OtherCar,0
Cushioning and DrivingSkill are conditionally related under MedCost,1
Cushioning and DrivingSkill are not conditionally related under Airbag,0
Cushioning and DrivingSkill are not conditionally related under ILiCost,0
Cushioning and DrivingSkill are not conditionally related under DrivHist,0
Cushioning and SeniorTrain are not conditionally related under GoodStudent,0
Cushioning and SeniorTrain are conditionally related under Age,1
Cushioning and SeniorTrain are conditionally related under SocioEcon,1
Cushioning and SeniorTrain are conditionally related under RiskAversion,1
Cushioning and SeniorTrain are not conditionally related under VehicleYear,0
Cushioning and SeniorTrain are not conditionally related under ThisCarDam,0
Cushioning and SeniorTrain are not conditionally related under RuggedAuto,0
Cushioning and SeniorTrain are not conditionally related under Accident,0
Cushioning and SeniorTrain are not conditionally related under MakeModel,0
Cushioning and SeniorTrain are not conditionally related under DrivQuality,0
Cushioning and SeniorTrain are not conditionally related under Mileage,0
Cushioning and SeniorTrain are not conditionally related under Antilock,0
Cushioning and SeniorTrain are not conditionally related under DrivingSkill,0
Cushioning and SeniorTrain are not conditionally related under ThisCarCost,0
Cushioning and SeniorTrain are not conditionally related under Theft,0
Cushioning and SeniorTrain are not conditionally related under CarValue,0
Cushioning and SeniorTrain are not conditionally related under HomeBase,0
Cushioning and SeniorTrain are not conditionally related under AntiTheft,0
Cushioning and SeniorTrain are not conditionally related under PropCost,0
Cushioning and SeniorTrain are not conditionally related under OtherCarCost,0
Cushioning and SeniorTrain are not conditionally related under OtherCar,0
Cushioning and SeniorTrain are conditionally related under MedCost,1
Cushioning and SeniorTrain are not conditionally related under Airbag,0
Cushioning and SeniorTrain are not conditionally related under ILiCost,0
Cushioning and SeniorTrain are not conditionally related under DrivHist,0
Cushioning and ThisCarCost are not conditionally related under GoodStudent,0
Cushioning and ThisCarCost are conditionally related under Age,1
Cushioning and ThisCarCost are conditionally related under SocioEcon,1
Cushioning and ThisCarCost are conditionally related under RiskAversion,1
Cushioning and ThisCarCost are conditionally related under VehicleYear,1
Cushioning and ThisCarCost are not conditionally related under ThisCarDam,0
Cushioning and ThisCarCost are conditionally related under RuggedAuto,1
Cushioning and ThisCarCost are not conditionally related under Accident,0
Cushioning and ThisCarCost are conditionally related under MakeModel,1
Cushioning and ThisCarCost are not conditionally related under DrivQuality,0
Cushioning and ThisCarCost are not conditionally related under Mileage,0
Cushioning and ThisCarCost are not conditionally related under Antilock,0
Cushioning and ThisCarCost are not conditionally related under DrivingSkill,0
Cushioning and ThisCarCost are not conditionally related under SeniorTrain,0
Cushioning and ThisCarCost are not conditionally related under Theft,0
Cushioning and ThisCarCost are not conditionally related under CarValue,0
Cushioning and ThisCarCost are not conditionally related under HomeBase,0
Cushioning and ThisCarCost are not conditionally related under AntiTheft,0
Cushioning and ThisCarCost are not conditionally related under PropCost,0
Cushioning and ThisCarCost are not conditionally related under OtherCarCost,0
Cushioning and ThisCarCost are not conditionally related under OtherCar,0
Cushioning and ThisCarCost are not conditionally related under MedCost,0
Cushioning and ThisCarCost are not conditionally related under Airbag,0
Cushioning and ThisCarCost are not conditionally related under ILiCost,0
Cushioning and ThisCarCost are not conditionally related under DrivHist,0
Cushioning and Theft are not conditionally related under GoodStudent,0
Cushioning and Theft are conditionally related under Age,1
Cushioning and Theft are conditionally related under SocioEcon,1
Cushioning and Theft are conditionally related under RiskAversion,1
Cushioning and Theft are conditionally related under VehicleYear,1
Cushioning and Theft are not conditionally related under ThisCarDam,0
Cushioning and Theft are not conditionally related under RuggedAuto,0
Cushioning and Theft are not conditionally related under Accident,0
Cushioning and Theft are conditionally related under MakeModel,1
Cushioning and Theft are not conditionally related under DrivQuality,0
Cushioning and Theft are not conditionally related under Mileage,0
Cushioning and Theft are not conditionally related under Antilock,0
Cushioning and Theft are not conditionally related under DrivingSkill,0
Cushioning and Theft are not conditionally related under SeniorTrain,0
Cushioning and Theft are not conditionally related under ThisCarCost,0
Cushioning and Theft are not conditionally related under CarValue,0
Cushioning and Theft are not conditionally related under HomeBase,0
Cushioning and Theft are not conditionally related under AntiTheft,0
Cushioning and Theft are not conditionally related under PropCost,0
Cushioning and Theft are not conditionally related under OtherCarCost,0
Cushioning and Theft are not conditionally related under OtherCar,0
Cushioning and Theft are not conditionally related under MedCost,0
Cushioning and Theft are not conditionally related under Airbag,0
Cushioning and Theft are not conditionally related under ILiCost,0
Cushioning and Theft are not conditionally related under DrivHist,0
Cushioning and CarValue are not conditionally related under GoodStudent,0
Cushioning and CarValue are conditionally related under Age,1
Cushioning and CarValue are conditionally related under SocioEcon,1
Cushioning and CarValue are conditionally related under RiskAversion,1
Cushioning and CarValue are conditionally related under VehicleYear,1
Cushioning and CarValue are not conditionally related under ThisCarDam,0
Cushioning and CarValue are not conditionally related under RuggedAuto,0
Cushioning and CarValue are not conditionally related under Accident,0
Cushioning and CarValue are conditionally related under MakeModel,1
Cushioning and CarValue are not conditionally related under DrivQuality,0
Cushioning and CarValue are not conditionally related under Mileage,0
Cushioning and CarValue are not conditionally related under Antilock,0
Cushioning and CarValue are not conditionally related under DrivingSkill,0
Cushioning and CarValue are not conditionally related under SeniorTrain,0
Cushioning and CarValue are not conditionally related under ThisCarCost,0
Cushioning and CarValue are not conditionally related under Theft,0
Cushioning and CarValue are not conditionally related under HomeBase,0
Cushioning and CarValue are not conditionally related under AntiTheft,0
Cushioning and CarValue are not conditionally related under PropCost,0
Cushioning and CarValue are not conditionally related under OtherCarCost,0
Cushioning and CarValue are not conditionally related under OtherCar,0
Cushioning and CarValue are not conditionally related under MedCost,0
Cushioning and CarValue are not conditionally related under Airbag,0
Cushioning and CarValue are not conditionally related under ILiCost,0
Cushioning and CarValue are not conditionally related under DrivHist,0
Cushioning and HomeBase are not conditionally related under GoodStudent,0
Cushioning and HomeBase are conditionally related under Age,1
Cushioning and HomeBase are conditionally related under SocioEcon,1
Cushioning and HomeBase are conditionally related under RiskAversion,1
Cushioning and HomeBase are not conditionally related under VehicleYear,0
Cushioning and HomeBase are not conditionally related under ThisCarDam,0
Cushioning and HomeBase are not conditionally related under RuggedAuto,0
Cushioning and HomeBase are not conditionally related under Accident,0
Cushioning and HomeBase are not conditionally related under MakeModel,0
Cushioning and HomeBase are not conditionally related under DrivQuality,0
Cushioning and HomeBase are not conditionally related under Mileage,0
Cushioning and HomeBase are not conditionally related under Antilock,0
Cushioning and HomeBase are not conditionally related under DrivingSkill,0
Cushioning and HomeBase are not conditionally related under SeniorTrain,0
Cushioning and HomeBase are not conditionally related under ThisCarCost,0
Cushioning and HomeBase are not conditionally related under Theft,0
Cushioning and HomeBase are not conditionally related under CarValue,0
Cushioning and HomeBase are not conditionally related under AntiTheft,0
Cushioning and HomeBase are not conditionally related under PropCost,0
Cushioning and HomeBase are not conditionally related under OtherCarCost,0
Cushioning and HomeBase are not conditionally related under OtherCar,0
Cushioning and HomeBase are not conditionally related under MedCost,0
Cushioning and HomeBase are not conditionally related under Airbag,0
Cushioning and HomeBase are not conditionally related under ILiCost,0
Cushioning and HomeBase are not conditionally related under DrivHist,0
Cushioning and AntiTheft are not conditionally related under GoodStudent,0
Cushioning and AntiTheft are conditionally related under Age,1
Cushioning and AntiTheft are conditionally related under SocioEcon,1
Cushioning and AntiTheft are conditionally related under RiskAversion,1
Cushioning and AntiTheft are not conditionally related under VehicleYear,0
Cushioning and AntiTheft are not conditionally related under ThisCarDam,0
Cushioning and AntiTheft are not conditionally related under RuggedAuto,0
Cushioning and AntiTheft are not conditionally related under Accident,0
Cushioning and AntiTheft are not conditionally related under MakeModel,0
Cushioning and AntiTheft are not conditionally related under DrivQuality,0
Cushioning and AntiTheft are not conditionally related under Mileage,0
Cushioning and AntiTheft are not conditionally related under Antilock,0
Cushioning and AntiTheft are not conditionally related under DrivingSkill,0
Cushioning and AntiTheft are not conditionally related under SeniorTrain,0
Cushioning and AntiTheft are not conditionally related under ThisCarCost,0
Cushioning and AntiTheft are not conditionally related under Theft,0
Cushioning and AntiTheft are not conditionally related under CarValue,0
Cushioning and AntiTheft are not conditionally related under HomeBase,0
Cushioning and AntiTheft are not conditionally related under PropCost,0
Cushioning and AntiTheft are not conditionally related under OtherCarCost,0
Cushioning and AntiTheft are not conditionally related under OtherCar,0
Cushioning and AntiTheft are not conditionally related under MedCost,0
Cushioning and AntiTheft are not conditionally related under Airbag,0
Cushioning and AntiTheft are not conditionally related under ILiCost,0
Cushioning and AntiTheft are not conditionally related under DrivHist,0
Cushioning and PropCost are not conditionally related under GoodStudent,0
Cushioning and PropCost are conditionally related under Age,1
Cushioning and PropCost are conditionally related under SocioEcon,1
Cushioning and PropCost are conditionally related under RiskAversion,1
Cushioning and PropCost are conditionally related under VehicleYear,1
Cushioning and PropCost are not conditionally related under ThisCarDam,0
Cushioning and PropCost are conditionally related under RuggedAuto,1
Cushioning and PropCost are not conditionally related under Accident,0
Cushioning and PropCost are conditionally related under MakeModel,1
Cushioning and PropCost are not conditionally related under DrivQuality,0
Cushioning and PropCost are not conditionally related under Mileage,0
Cushioning and PropCost are not conditionally related under Antilock,0
Cushioning and PropCost are not conditionally related under DrivingSkill,0
Cushioning and PropCost are not conditionally related under SeniorTrain,0
Cushioning and PropCost are not conditionally related under ThisCarCost,0
Cushioning and PropCost are not conditionally related under Theft,0
Cushioning and PropCost are not conditionally related under CarValue,0
Cushioning and PropCost are not conditionally related under HomeBase,0
Cushioning and PropCost are not conditionally related under AntiTheft,0
Cushioning and PropCost are not conditionally related under OtherCarCost,0
Cushioning and PropCost are not conditionally related under OtherCar,0
Cushioning and PropCost are not conditionally related under MedCost,0
Cushioning and PropCost are not conditionally related under Airbag,0
Cushioning and PropCost are not conditionally related under ILiCost,0
Cushioning and PropCost are not conditionally related under DrivHist,0
Cushioning and OtherCarCost are not conditionally related under GoodStudent,0
Cushioning and OtherCarCost are conditionally related under Age,1
Cushioning and OtherCarCost are conditionally related under SocioEcon,1
Cushioning and OtherCarCost are conditionally related under RiskAversion,1
Cushioning and OtherCarCost are conditionally related under VehicleYear,1
Cushioning and OtherCarCost are not conditionally related under ThisCarDam,0
Cushioning and OtherCarCost are conditionally related under RuggedAuto,1
Cushioning and OtherCarCost are not conditionally related under Accident,0
Cushioning and OtherCarCost are conditionally related under MakeModel,1
Cushioning and OtherCarCost are not conditionally related under DrivQuality,0
Cushioning and OtherCarCost are not conditionally related under Mileage,0
Cushioning and OtherCarCost are not conditionally related under Antilock,0
Cushioning and OtherCarCost are not conditionally related under DrivingSkill,0
Cushioning and OtherCarCost are not conditionally related under SeniorTrain,0
Cushioning and OtherCarCost are not conditionally related under ThisCarCost,0
Cushioning and OtherCarCost are not conditionally related under Theft,0
Cushioning and OtherCarCost are not conditionally related under CarValue,0
Cushioning and OtherCarCost are not conditionally related under HomeBase,0
Cushioning and OtherCarCost are not conditionally related under AntiTheft,0
Cushioning and OtherCarCost are not conditionally related under PropCost,0
Cushioning and OtherCarCost are not conditionally related under OtherCar,0
Cushioning and OtherCarCost are not conditionally related under MedCost,0
Cushioning and OtherCarCost are not conditionally related under Airbag,0
Cushioning and OtherCarCost are not conditionally related under ILiCost,0
Cushioning and OtherCarCost are not conditionally related under DrivHist,0
Cushioning and OtherCar are not conditionally related under GoodStudent,0
Cushioning and OtherCar are conditionally related under Age,1
Cushioning and OtherCar are conditionally related under SocioEcon,1
Cushioning and OtherCar are not conditionally related under RiskAversion,0
Cushioning and OtherCar are not conditionally related under VehicleYear,0
Cushioning and OtherCar are not conditionally related under ThisCarDam,0
Cushioning and OtherCar are not conditionally related under RuggedAuto,0
Cushioning and OtherCar are not conditionally related under Accident,0
Cushioning and OtherCar are not conditionally related under MakeModel,0
Cushioning and OtherCar are not conditionally related under DrivQuality,0
Cushioning and OtherCar are not conditionally related under Mileage,0
Cushioning and OtherCar are not conditionally related under Antilock,0
Cushioning and OtherCar are not conditionally related under DrivingSkill,0
Cushioning and OtherCar are not conditionally related under SeniorTrain,0
Cushioning and OtherCar are not conditionally related under ThisCarCost,0
Cushioning and OtherCar are not conditionally related under Theft,0
Cushioning and OtherCar are not conditionally related under CarValue,0
Cushioning and OtherCar are not conditionally related under HomeBase,0
Cushioning and OtherCar are not conditionally related under AntiTheft,0
Cushioning and OtherCar are not conditionally related under PropCost,0
Cushioning and OtherCar are not conditionally related under OtherCarCost,0
Cushioning and OtherCar are not conditionally related under MedCost,0
Cushioning and OtherCar are not conditionally related under Airbag,0
Cushioning and OtherCar are not conditionally related under ILiCost,0
Cushioning and OtherCar are not conditionally related under DrivHist,0
Cushioning and MedCost are related,1
Cushioning and Airbag are related,1
Cushioning and ILiCost are not conditionally related under GoodStudent,0
Cushioning and ILiCost are conditionally related under Age,1
Cushioning and ILiCost are conditionally related under SocioEcon,1
Cushioning and ILiCost are conditionally related under RiskAversion,1
Cushioning and ILiCost are conditionally related under VehicleYear,1
Cushioning and ILiCost are not conditionally related under ThisCarDam,0
Cushioning and ILiCost are not conditionally related under RuggedAuto,0
Cushioning and ILiCost are not conditionally related under Accident,0
Cushioning and ILiCost are conditionally related under MakeModel,1
Cushioning and ILiCost are not conditionally related under DrivQuality,0
Cushioning and ILiCost are not conditionally related under Mileage,0
Cushioning and ILiCost are not conditionally related under Antilock,0
Cushioning and ILiCost are not conditionally related under DrivingSkill,0
Cushioning and ILiCost are not conditionally related under SeniorTrain,0
Cushioning and ILiCost are not conditionally related under ThisCarCost,0
Cushioning and ILiCost are not conditionally related under Theft,0
Cushioning and ILiCost are not conditionally related under CarValue,0
Cushioning and ILiCost are not conditionally related under HomeBase,0
Cushioning and ILiCost are not conditionally related under AntiTheft,0
Cushioning and ILiCost are not conditionally related under PropCost,0
Cushioning and ILiCost are not conditionally related under OtherCarCost,0
Cushioning and ILiCost are not conditionally related under OtherCar,0
Cushioning and ILiCost are not conditionally related under MedCost,0
Cushioning and ILiCost are not conditionally related under Airbag,0
Cushioning and ILiCost are not conditionally related under DrivHist,0
Cushioning and DrivHist are not conditionally related under GoodStudent,0
Cushioning and DrivHist are conditionally related under Age,1
Cushioning and DrivHist are conditionally related under SocioEcon,1
Cushioning and DrivHist are conditionally related under RiskAversion,1
Cushioning and DrivHist are not conditionally related under VehicleYear,0
Cushioning and DrivHist are not conditionally related under ThisCarDam,0
Cushioning and DrivHist are not conditionally related under RuggedAuto,0
Cushioning and DrivHist are not conditionally related under Accident,0
Cushioning and DrivHist are not conditionally related under MakeModel,0
Cushioning and DrivHist are not conditionally related under DrivQuality,0
Cushioning and DrivHist are not conditionally related under Mileage,0
Cushioning and DrivHist are not conditionally related under Antilock,0
Cushioning and DrivHist are not conditionally related under DrivingSkill,0
Cushioning and DrivHist are not conditionally related under SeniorTrain,0
Cushioning and DrivHist are not conditionally related under ThisCarCost,0
Cushioning and DrivHist are not conditionally related under Theft,0
Cushioning and DrivHist are not conditionally related under CarValue,0
Cushioning and DrivHist are not conditionally related under HomeBase,0
Cushioning and DrivHist are not conditionally related under AntiTheft,0
Cushioning and DrivHist are not conditionally related under PropCost,0
Cushioning and DrivHist are not conditionally related under OtherCarCost,0
Cushioning and DrivHist are not conditionally related under OtherCar,0
Cushioning and DrivHist are not conditionally related under MedCost,0
Cushioning and DrivHist are not conditionally related under Airbag,0
Cushioning and DrivHist are not conditionally related under ILiCost,0
Airbag and GoodStudent are conditionally related under Age,1
Airbag and GoodStudent are conditionally related under SocioEcon,1
Airbag and GoodStudent are not conditionally related under RiskAversion,0
Airbag and GoodStudent are not conditionally related under VehicleYear,0
Airbag and GoodStudent are not conditionally related under ThisCarDam,0
Airbag and GoodStudent are not conditionally related under RuggedAuto,0
Airbag and GoodStudent are not conditionally related under Accident,0
Airbag and GoodStudent are not conditionally related under MakeModel,0
Airbag and GoodStudent are not conditionally related under DrivQuality,0
Airbag and GoodStudent are not conditionally related under Mileage,0
Airbag and GoodStudent are not conditionally related under Antilock,0
Airbag and GoodStudent are not conditionally related under DrivingSkill,0
Airbag and GoodStudent are not conditionally related under SeniorTrain,0
Airbag and GoodStudent are not conditionally related under ThisCarCost,0
Airbag and GoodStudent are not conditionally related under Theft,0
Airbag and GoodStudent are not conditionally related under CarValue,0
Airbag and GoodStudent are not conditionally related under HomeBase,0
Airbag and GoodStudent are not conditionally related under AntiTheft,0
Airbag and GoodStudent are not conditionally related under PropCost,0
Airbag and GoodStudent are not conditionally related under OtherCarCost,0
Airbag and GoodStudent are not conditionally related under OtherCar,0
Airbag and GoodStudent are not conditionally related under MedCost,0
Airbag and GoodStudent are not conditionally related under Cushioning,0
Airbag and GoodStudent are not conditionally related under ILiCost,0
Airbag and GoodStudent are not conditionally related under DrivHist,0
Airbag and Age are related,1
Airbag and SocioEcon are related,1
Airbag and RiskAversion are related,1
Airbag and VehicleYear are related,1
Airbag and ThisCarDam are not conditionally related under GoodStudent,0
Airbag and ThisCarDam are conditionally related under Age,1
Airbag and ThisCarDam are conditionally related under SocioEcon,1
Airbag and ThisCarDam are conditionally related under RiskAversion,1
Airbag and ThisCarDam are conditionally related under VehicleYear,1
Airbag and ThisCarDam are not conditionally related under RuggedAuto,0
Airbag and ThisCarDam are not conditionally related under Accident,0
Airbag and ThisCarDam are conditionally related under MakeModel,1
Airbag and ThisCarDam are not conditionally related under DrivQuality,0
Airbag and ThisCarDam are not conditionally related under Mileage,0
Airbag and ThisCarDam are not conditionally related under Antilock,0
Airbag and ThisCarDam are not conditionally related under DrivingSkill,0
Airbag and ThisCarDam are not conditionally related under SeniorTrain,0
Airbag and ThisCarDam are not conditionally related under ThisCarCost,0
Airbag and ThisCarDam are not conditionally related under Theft,0
Airbag and ThisCarDam are not conditionally related under CarValue,0
Airbag and ThisCarDam are not conditionally related under HomeBase,0
Airbag and ThisCarDam are not conditionally related under AntiTheft,0
Airbag and ThisCarDam are not conditionally related under PropCost,0
Airbag and ThisCarDam are not conditionally related under OtherCarCost,0
Airbag and ThisCarDam are not conditionally related under OtherCar,0
Airbag and ThisCarDam are not conditionally related under MedCost,0
Airbag and ThisCarDam are not conditionally related under Cushioning,0
Airbag and ThisCarDam are not conditionally related under ILiCost,0
Airbag and ThisCarDam are not conditionally related under DrivHist,0
Airbag and RuggedAuto are not conditionally related under GoodStudent,0
Airbag and RuggedAuto are conditionally related under Age,1
Airbag and RuggedAuto are conditionally related under SocioEcon,1
Airbag and RuggedAuto are conditionally related under RiskAversion,1
Airbag and RuggedAuto are conditionally related under VehicleYear,1
Airbag and RuggedAuto are not conditionally related under ThisCarDam,0
Airbag and RuggedAuto are not conditionally related under Accident,0
Airbag and RuggedAuto are conditionally related under MakeModel,1
Airbag and RuggedAuto are not conditionally related under DrivQuality,0
Airbag and RuggedAuto are not conditionally related under Mileage,0
Airbag and RuggedAuto are not conditionally related under Antilock,0
Airbag and RuggedAuto are not conditionally related under DrivingSkill,0
Airbag and RuggedAuto are not conditionally related under SeniorTrain,0
Airbag and RuggedAuto are not conditionally related under ThisCarCost,0
Airbag and RuggedAuto are not conditionally related under Theft,0
Airbag and RuggedAuto are not conditionally related under CarValue,0
Airbag and RuggedAuto are not conditionally related under HomeBase,0
Airbag and RuggedAuto are not conditionally related under AntiTheft,0
Airbag and RuggedAuto are not conditionally related under PropCost,0
Airbag and RuggedAuto are not conditionally related under OtherCarCost,0
Airbag and RuggedAuto are not conditionally related under OtherCar,0
Airbag and RuggedAuto are conditionally related under MedCost,1
Airbag and RuggedAuto are conditionally related under Cushioning,1
Airbag and RuggedAuto are not conditionally related under ILiCost,0
Airbag and RuggedAuto are not conditionally related under DrivHist,0
Airbag and Accident are not conditionally related under GoodStudent,0
Airbag and Accident are conditionally related under Age,1
Airbag and Accident are conditionally related under SocioEcon,1
Airbag and Accident are conditionally related under RiskAversion,1
Airbag and Accident are conditionally related under VehicleYear,1
Airbag and Accident are not conditionally related under ThisCarDam,0
Airbag and Accident are not conditionally related under RuggedAuto,0
Airbag and Accident are conditionally related under MakeModel,1
Airbag and Accident are not conditionally related under DrivQuality,0
Airbag and Accident are not conditionally related under Mileage,0
Airbag and Accident are not conditionally related under Antilock,0
Airbag and Accident are not conditionally related under DrivingSkill,0
Airbag and Accident are not conditionally related under SeniorTrain,0
Airbag and Accident are not conditionally related under ThisCarCost,0
Airbag and Accident are not conditionally related under Theft,0
Airbag and Accident are not conditionally related under CarValue,0
Airbag and Accident are not conditionally related under HomeBase,0
Airbag and Accident are not conditionally related under AntiTheft,0
Airbag and Accident are not conditionally related under PropCost,0
Airbag and Accident are not conditionally related under OtherCarCost,0
Airbag and Accident are not conditionally related under OtherCar,0
Airbag and Accident are conditionally related under MedCost,1
Airbag and Accident are not conditionally related under Cushioning,0
Airbag and Accident are not conditionally related under ILiCost,0
Airbag and Accident are not conditionally related under DrivHist,0
Airbag and MakeModel are related,1
Airbag and DrivQuality are not conditionally related under GoodStudent,0
Airbag and DrivQuality are conditionally related under Age,1
Airbag and DrivQuality are conditionally related under SocioEcon,1
Airbag and DrivQuality are conditionally related under RiskAversion,1
Airbag and DrivQuality are not conditionally related under VehicleYear,0
Airbag and DrivQuality are not conditionally related under ThisCarDam,0
Airbag and DrivQuality are not conditionally related under RuggedAuto,0
Airbag and DrivQuality are not conditionally related under Accident,0
Airbag and DrivQuality are not conditionally related under MakeModel,0
Airbag and DrivQuality are not conditionally related under Mileage,0
Airbag and DrivQuality are not conditionally related under Antilock,0
Airbag and DrivQuality are not conditionally related under DrivingSkill,0
Airbag and DrivQuality are not conditionally related under SeniorTrain,0
Airbag and DrivQuality are not conditionally related under ThisCarCost,0
Airbag and DrivQuality are not conditionally related under Theft,0
Airbag and DrivQuality are not conditionally related under CarValue,0
Airbag and DrivQuality are not conditionally related under HomeBase,0
Airbag and DrivQuality are not conditionally related under AntiTheft,0
Airbag and DrivQuality are not conditionally related under PropCost,0
Airbag and DrivQuality are not conditionally related under OtherCarCost,0
Airbag and DrivQuality are not conditionally related under OtherCar,0
Airbag and DrivQuality are conditionally related under MedCost,1
Airbag and DrivQuality are not conditionally related under Cushioning,0
Airbag and DrivQuality are not conditionally related under ILiCost,0
Airbag and DrivQuality are not conditionally related under DrivHist,0
Airbag and Mileage are not conditionally related under GoodStudent,0
Airbag and Mileage are not conditionally related under Age,0
Airbag and Mileage are not conditionally related under SocioEcon,0
Airbag and Mileage are not conditionally related under RiskAversion,0
Airbag and Mileage are not conditionally related under VehicleYear,0
Airbag and Mileage are not conditionally related under ThisCarDam,0
Airbag and Mileage are not conditionally related under RuggedAuto,0
Airbag and Mileage are not conditionally related under Accident,0
Airbag and Mileage are not conditionally related under MakeModel,0
Airbag and Mileage are not conditionally related under DrivQuality,0
Airbag and Mileage are not conditionally related under Antilock,0
Airbag and Mileage are not conditionally related under DrivingSkill,0
Airbag and Mileage are not conditionally related under SeniorTrain,0
Airbag and Mileage are not conditionally related under ThisCarCost,0
Airbag and Mileage are not conditionally related under Theft,0
Airbag and Mileage are not conditionally related under CarValue,0
Airbag and Mileage are not conditionally related under HomeBase,0
Airbag and Mileage are not conditionally related under AntiTheft,0
Airbag and Mileage are not conditionally related under PropCost,0
Airbag and Mileage are not conditionally related under OtherCarCost,0
Airbag and Mileage are not conditionally related under OtherCar,0
Airbag and Mileage are conditionally related under MedCost,1
Airbag and Mileage are not conditionally related under Cushioning,0
Airbag and Mileage are not conditionally related under ILiCost,0
Airbag and Mileage are not conditionally related under DrivHist,0
Airbag and Antilock are not conditionally related under GoodStudent,0
Airbag and Antilock are conditionally related under Age,1
Airbag and Antilock are conditionally related under SocioEcon,1
Airbag and Antilock are conditionally related under RiskAversion,1
Airbag and Antilock are conditionally related under VehicleYear,1
Airbag and Antilock are not conditionally related under ThisCarDam,0
Airbag and Antilock are not conditionally related under RuggedAuto,0
Airbag and Antilock are not conditionally related under Accident,0
Airbag and Antilock are conditionally related under MakeModel,1
Airbag and Antilock are not conditionally related under DrivQuality,0
Airbag and Antilock are not conditionally related under Mileage,0
Airbag and Antilock are not conditionally related under DrivingSkill,0
Airbag and Antilock are not conditionally related under SeniorTrain,0
Airbag and Antilock are not conditionally related under ThisCarCost,0
Airbag and Antilock are not conditionally related under Theft,0
Airbag and Antilock are not conditionally related under CarValue,0
Airbag and Antilock are not conditionally related under HomeBase,0
Airbag and Antilock are not conditionally related under AntiTheft,0
Airbag and Antilock are not conditionally related under PropCost,0
Airbag and Antilock are not conditionally related under OtherCarCost,0
Airbag and Antilock are not conditionally related under OtherCar,0
Airbag and Antilock are conditionally related under MedCost,1
Airbag and Antilock are not conditionally related under Cushioning,0
Airbag and Antilock are not conditionally related under ILiCost,0
Airbag and Antilock are not conditionally related under DrivHist,0
Airbag and DrivingSkill are not conditionally related under GoodStudent,0
Airbag and DrivingSkill are conditionally related under Age,1
Airbag and DrivingSkill are conditionally related under SocioEcon,1
Airbag and DrivingSkill are conditionally related under RiskAversion,1
Airbag and DrivingSkill are not conditionally related under VehicleYear,0
Airbag and DrivingSkill are not conditionally related under ThisCarDam,0
Airbag and DrivingSkill are not conditionally related under RuggedAuto,0
Airbag and DrivingSkill are not conditionally related under Accident,0
Airbag and DrivingSkill are not conditionally related under MakeModel,0
Airbag and DrivingSkill are not conditionally related under DrivQuality,0
Airbag and DrivingSkill are not conditionally related under Mileage,0
Airbag and DrivingSkill are not conditionally related under Antilock,0
Airbag and DrivingSkill are not conditionally related under SeniorTrain,0
Airbag and DrivingSkill are not conditionally related under ThisCarCost,0
Airbag and DrivingSkill are not conditionally related under Theft,0
Airbag and DrivingSkill are not conditionally related under CarValue,0
Airbag and DrivingSkill are not conditionally related under HomeBase,0
Airbag and DrivingSkill are not conditionally related under AntiTheft,0
Airbag and DrivingSkill are not conditionally related under PropCost,0
Airbag and DrivingSkill are not conditionally related under OtherCarCost,0
Airbag and DrivingSkill are not conditionally related under OtherCar,0
Airbag and DrivingSkill are conditionally related under MedCost,1
Airbag and DrivingSkill are not conditionally related under Cushioning,0
Airbag and DrivingSkill are not conditionally related under ILiCost,0
Airbag and DrivingSkill are not conditionally related under DrivHist,0
Airbag and SeniorTrain are not conditionally related under GoodStudent,0
Airbag and SeniorTrain are conditionally related under Age,1
Airbag and SeniorTrain are conditionally related under SocioEcon,1
Airbag and SeniorTrain are conditionally related under RiskAversion,1
Airbag and SeniorTrain are not conditionally related under VehicleYear,0
Airbag and SeniorTrain are not conditionally related under ThisCarDam,0
Airbag and SeniorTrain are not conditionally related under RuggedAuto,0
Airbag and SeniorTrain are not conditionally related under Accident,0
Airbag and SeniorTrain are not conditionally related under MakeModel,0
Airbag and SeniorTrain are not conditionally related under DrivQuality,0
Airbag and SeniorTrain are not conditionally related under Mileage,0
Airbag and SeniorTrain are not conditionally related under Antilock,0
Airbag and SeniorTrain are not conditionally related under DrivingSkill,0
Airbag and SeniorTrain are not conditionally related under ThisCarCost,0
Airbag and SeniorTrain are not conditionally related under Theft,0
Airbag and SeniorTrain are not conditionally related under CarValue,0
Airbag and SeniorTrain are not conditionally related under HomeBase,0
Airbag and SeniorTrain are not conditionally related under AntiTheft,0
Airbag and SeniorTrain are not conditionally related under PropCost,0
Airbag and SeniorTrain are not conditionally related under OtherCarCost,0
Airbag and SeniorTrain are not conditionally related under OtherCar,0
Airbag and SeniorTrain are conditionally related under MedCost,1
Airbag and SeniorTrain are not conditionally related under Cushioning,0
Airbag and SeniorTrain are not conditionally related under ILiCost,0
Airbag and SeniorTrain are not conditionally related under DrivHist,0
Airbag and ThisCarCost are not conditionally related under GoodStudent,0
Airbag and ThisCarCost are conditionally related under Age,1
Airbag and ThisCarCost are conditionally related under SocioEcon,1
Airbag and ThisCarCost are conditionally related under RiskAversion,1
Airbag and ThisCarCost are conditionally related under VehicleYear,1
Airbag and ThisCarCost are not conditionally related under ThisCarDam,0
Airbag and ThisCarCost are not conditionally related under RuggedAuto,0
Airbag and ThisCarCost are not conditionally related under Accident,0
Airbag and ThisCarCost are conditionally related under MakeModel,1
Airbag and ThisCarCost are not conditionally related under DrivQuality,0
Airbag and ThisCarCost are not conditionally related under Mileage,0
Airbag and ThisCarCost are not conditionally related under Antilock,0
Airbag and ThisCarCost are not conditionally related under DrivingSkill,0
Airbag and ThisCarCost are not conditionally related under SeniorTrain,0
Airbag and ThisCarCost are not conditionally related under Theft,0
Airbag and ThisCarCost are not conditionally related under CarValue,0
Airbag and ThisCarCost are not conditionally related under HomeBase,0
Airbag and ThisCarCost are not conditionally related under AntiTheft,0
Airbag and ThisCarCost are not conditionally related under PropCost,0
Airbag and ThisCarCost are not conditionally related under OtherCarCost,0
Airbag and ThisCarCost are not conditionally related under OtherCar,0
Airbag and ThisCarCost are not conditionally related under MedCost,0
Airbag and ThisCarCost are not conditionally related under Cushioning,0
Airbag and ThisCarCost are not conditionally related under ILiCost,0
Airbag and ThisCarCost are not conditionally related under DrivHist,0
Airbag and Theft are not conditionally related under GoodStudent,0
Airbag and Theft are conditionally related under Age,1
Airbag and Theft are conditionally related under SocioEcon,1
Airbag and Theft are conditionally related under RiskAversion,1
Airbag and Theft are conditionally related under VehicleYear,1
Airbag and Theft are not conditionally related under ThisCarDam,0
Airbag and Theft are not conditionally related under RuggedAuto,0
Airbag and Theft are not conditionally related under Accident,0
Airbag and Theft are conditionally related under MakeModel,1
Airbag and Theft are not conditionally related under DrivQuality,0
Airbag and Theft are not conditionally related under Mileage,0
Airbag and Theft are not conditionally related under Antilock,0
Airbag and Theft are not conditionally related under DrivingSkill,0
Airbag and Theft are not conditionally related under SeniorTrain,0
Airbag and Theft are not conditionally related under ThisCarCost,0
Airbag and Theft are not conditionally related under CarValue,0
Airbag and Theft are not conditionally related under HomeBase,0
Airbag and Theft are not conditionally related under AntiTheft,0
Airbag and Theft are not conditionally related under PropCost,0
Airbag and Theft are not conditionally related under OtherCarCost,0
Airbag and Theft are not conditionally related under OtherCar,0
Airbag and Theft are not conditionally related under MedCost,0
Airbag and Theft are not conditionally related under Cushioning,0
Airbag and Theft are not conditionally related under ILiCost,0
Airbag and Theft are not conditionally related under DrivHist,0
Airbag and CarValue are not conditionally related under GoodStudent,0
Airbag and CarValue are conditionally related under Age,1
Airbag and CarValue are conditionally related under SocioEcon,1
Airbag and CarValue are conditionally related under RiskAversion,1
Airbag and CarValue are conditionally related under VehicleYear,1
Airbag and CarValue are not conditionally related under ThisCarDam,0
Airbag and CarValue are not conditionally related under RuggedAuto,0
Airbag and CarValue are not conditionally related under Accident,0
Airbag and CarValue are conditionally related under MakeModel,1
Airbag and CarValue are not conditionally related under DrivQuality,0
Airbag and CarValue are not conditionally related under Mileage,0
Airbag and CarValue are not conditionally related under Antilock,0
Airbag and CarValue are not conditionally related under DrivingSkill,0
Airbag and CarValue are not conditionally related under SeniorTrain,0
Airbag and CarValue are not conditionally related under ThisCarCost,0
Airbag and CarValue are not conditionally related under Theft,0
Airbag and CarValue are not conditionally related under HomeBase,0
Airbag and CarValue are not conditionally related under AntiTheft,0
Airbag and CarValue are not conditionally related under PropCost,0
Airbag and CarValue are not conditionally related under OtherCarCost,0
Airbag and CarValue are not conditionally related under OtherCar,0
Airbag and CarValue are not conditionally related under MedCost,0
Airbag and CarValue are not conditionally related under Cushioning,0
Airbag and CarValue are not conditionally related under ILiCost,0
Airbag and CarValue are not conditionally related under DrivHist,0
Airbag and HomeBase are not conditionally related under GoodStudent,0
Airbag and HomeBase are conditionally related under Age,1
Airbag and HomeBase are conditionally related under SocioEcon,1
Airbag and HomeBase are conditionally related under RiskAversion,1
Airbag and HomeBase are not conditionally related under VehicleYear,0
Airbag and HomeBase are not conditionally related under ThisCarDam,0
Airbag and HomeBase are not conditionally related under RuggedAuto,0
Airbag and HomeBase are not conditionally related under Accident,0
Airbag and HomeBase are not conditionally related under MakeModel,0
Airbag and HomeBase are not conditionally related under DrivQuality,0
Airbag and HomeBase are not conditionally related under Mileage,0
Airbag and HomeBase are not conditionally related under Antilock,0
Airbag and HomeBase are not conditionally related under DrivingSkill,0
Airbag and HomeBase are not conditionally related under SeniorTrain,0
Airbag and HomeBase are not conditionally related under ThisCarCost,0
Airbag and HomeBase are not conditionally related under Theft,0
Airbag and HomeBase are not conditionally related under CarValue,0
Airbag and HomeBase are not conditionally related under AntiTheft,0
Airbag and HomeBase are not conditionally related under PropCost,0
Airbag and HomeBase are not conditionally related under OtherCarCost,0
Airbag and HomeBase are not conditionally related under OtherCar,0
Airbag and HomeBase are not conditionally related under MedCost,0
Airbag and HomeBase are not conditionally related under Cushioning,0
Airbag and HomeBase are not conditionally related under ILiCost,0
Airbag and HomeBase are not conditionally related under DrivHist,0
Airbag and AntiTheft are not conditionally related under GoodStudent,0
Airbag and AntiTheft are conditionally related under Age,1
Airbag and AntiTheft are conditionally related under SocioEcon,1
Airbag and AntiTheft are conditionally related under RiskAversion,1
Airbag and AntiTheft are not conditionally related under VehicleYear,0
Airbag and AntiTheft are not conditionally related under ThisCarDam,0
Airbag and AntiTheft are not conditionally related under RuggedAuto,0
Airbag and AntiTheft are not conditionally related under Accident,0
Airbag and AntiTheft are not conditionally related under MakeModel,0
Airbag and AntiTheft are not conditionally related under DrivQuality,0
Airbag and AntiTheft are not conditionally related under Mileage,0
Airbag and AntiTheft are not conditionally related under Antilock,0
Airbag and AntiTheft are not conditionally related under DrivingSkill,0
Airbag and AntiTheft are not conditionally related under SeniorTrain,0
Airbag and AntiTheft are not conditionally related under ThisCarCost,0
Airbag and AntiTheft are not conditionally related under Theft,0
Airbag and AntiTheft are not conditionally related under CarValue,0
Airbag and AntiTheft are not conditionally related under HomeBase,0
Airbag and AntiTheft are not conditionally related under PropCost,0
Airbag and AntiTheft are not conditionally related under OtherCarCost,0
Airbag and AntiTheft are not conditionally related under OtherCar,0
Airbag and AntiTheft are not conditionally related under MedCost,0
Airbag and AntiTheft are not conditionally related under Cushioning,0
Airbag and AntiTheft are not conditionally related under ILiCost,0
Airbag and AntiTheft are not conditionally related under DrivHist,0
Airbag and PropCost are not conditionally related under GoodStudent,0
Airbag and PropCost are conditionally related under Age,1
Airbag and PropCost are conditionally related under SocioEcon,1
Airbag and PropCost are conditionally related under RiskAversion,1
Airbag and PropCost are conditionally related under VehicleYear,1
Airbag and PropCost are not conditionally related under ThisCarDam,0
Airbag and PropCost are not conditionally related under RuggedAuto,0
Airbag and PropCost are not conditionally related under Accident,0
Airbag and PropCost are conditionally related under MakeModel,1
Airbag and PropCost are not conditionally related under DrivQuality,0
Airbag and PropCost are not conditionally related under Mileage,0
Airbag and PropCost are not conditionally related under Antilock,0
Airbag and PropCost are not conditionally related under DrivingSkill,0
Airbag and PropCost are not conditionally related under SeniorTrain,0
Airbag and PropCost are not conditionally related under ThisCarCost,0
Airbag and PropCost are not conditionally related under Theft,0
Airbag and PropCost are not conditionally related under CarValue,0
Airbag and PropCost are not conditionally related under HomeBase,0
Airbag and PropCost are not conditionally related under AntiTheft,0
Airbag and PropCost are not conditionally related under OtherCarCost,0
Airbag and PropCost are not conditionally related under OtherCar,0
Airbag and PropCost are not conditionally related under MedCost,0
Airbag and PropCost are not conditionally related under Cushioning,0
Airbag and PropCost are not conditionally related under ILiCost,0
Airbag and PropCost are not conditionally related under DrivHist,0
Airbag and OtherCarCost are not conditionally related under GoodStudent,0
Airbag and OtherCarCost are conditionally related under Age,1
Airbag and OtherCarCost are conditionally related under SocioEcon,1
Airbag and OtherCarCost are conditionally related under RiskAversion,1
Airbag and OtherCarCost are conditionally related under VehicleYear,1
Airbag and OtherCarCost are not conditionally related under ThisCarDam,0
Airbag and OtherCarCost are not conditionally related under RuggedAuto,0
Airbag and OtherCarCost are not conditionally related under Accident,0
Airbag and OtherCarCost are conditionally related under MakeModel,1
Airbag and OtherCarCost are not conditionally related under DrivQuality,0
Airbag and OtherCarCost are not conditionally related under Mileage,0
Airbag and OtherCarCost are not conditionally related under Antilock,0
Airbag and OtherCarCost are not conditionally related under DrivingSkill,0
Airbag and OtherCarCost are not conditionally related under SeniorTrain,0
Airbag and OtherCarCost are not conditionally related under ThisCarCost,0
Airbag and OtherCarCost are not conditionally related under Theft,0
Airbag and OtherCarCost are not conditionally related under CarValue,0
Airbag and OtherCarCost are not conditionally related under HomeBase,0
Airbag and OtherCarCost are not conditionally related under AntiTheft,0
Airbag and OtherCarCost are not conditionally related under PropCost,0
Airbag and OtherCarCost are not conditionally related under OtherCar,0
Airbag and OtherCarCost are not conditionally related under MedCost,0
Airbag and OtherCarCost are not conditionally related under Cushioning,0
Airbag and OtherCarCost are not conditionally related under ILiCost,0
Airbag and OtherCarCost are not conditionally related under DrivHist,0
Airbag and OtherCar are not conditionally related under GoodStudent,0
Airbag and OtherCar are conditionally related under Age,1
Airbag and OtherCar are conditionally related under SocioEcon,1
Airbag and OtherCar are not conditionally related under RiskAversion,0
Airbag and OtherCar are not conditionally related under VehicleYear,0
Airbag and OtherCar are not conditionally related under ThisCarDam,0
Airbag and OtherCar are not conditionally related under RuggedAuto,0
Airbag and OtherCar are not conditionally related under Accident,0
Airbag and OtherCar are not conditionally related under MakeModel,0
Airbag and OtherCar are not conditionally related under DrivQuality,0
Airbag and OtherCar are not conditionally related under Mileage,0
Airbag and OtherCar are not conditionally related under Antilock,0
Airbag and OtherCar are not conditionally related under DrivingSkill,0
Airbag and OtherCar are not conditionally related under SeniorTrain,0
Airbag and OtherCar are not conditionally related under ThisCarCost,0
Airbag and OtherCar are not conditionally related under Theft,0
Airbag and OtherCar are not conditionally related under CarValue,0
Airbag and OtherCar are not conditionally related under HomeBase,0
Airbag and OtherCar are not conditionally related under AntiTheft,0
Airbag and OtherCar are not conditionally related under PropCost,0
Airbag and OtherCar are not conditionally related under OtherCarCost,0
Airbag and OtherCar are not conditionally related under MedCost,0
Airbag and OtherCar are not conditionally related under Cushioning,0
Airbag and OtherCar are not conditionally related under ILiCost,0
Airbag and OtherCar are not conditionally related under DrivHist,0
Airbag and MedCost are related,1
Airbag and Cushioning are related,1
Airbag and ILiCost are not conditionally related under GoodStudent,0
Airbag and ILiCost are conditionally related under Age,1
Airbag and ILiCost are conditionally related under SocioEcon,1
Airbag and ILiCost are conditionally related under RiskAversion,1
Airbag and ILiCost are conditionally related under VehicleYear,1
Airbag and ILiCost are not conditionally related under ThisCarDam,0
Airbag and ILiCost are not conditionally related under RuggedAuto,0
Airbag and ILiCost are not conditionally related under Accident,0
Airbag and ILiCost are conditionally related under MakeModel,1
Airbag and ILiCost are not conditionally related under DrivQuality,0
Airbag and ILiCost are not conditionally related under Mileage,0
Airbag and ILiCost are not conditionally related under Antilock,0
Airbag and ILiCost are not conditionally related under DrivingSkill,0
Airbag and ILiCost are not conditionally related under SeniorTrain,0
Airbag and ILiCost are not conditionally related under ThisCarCost,0
Airbag and ILiCost are not conditionally related under Theft,0
Airbag and ILiCost are not conditionally related under CarValue,0
Airbag and ILiCost are not conditionally related under HomeBase,0
Airbag and ILiCost are not conditionally related under AntiTheft,0
Airbag and ILiCost are not conditionally related under PropCost,0
Airbag and ILiCost are not conditionally related under OtherCarCost,0
Airbag and ILiCost are not conditionally related under OtherCar,0
Airbag and ILiCost are not conditionally related under MedCost,0
Airbag and ILiCost are not conditionally related under Cushioning,0
Airbag and ILiCost are not conditionally related under DrivHist,0
Airbag and DrivHist are not conditionally related under GoodStudent,0
Airbag and DrivHist are conditionally related under Age,1
Airbag and DrivHist are conditionally related under SocioEcon,1
Airbag and DrivHist are conditionally related under RiskAversion,1
Airbag and DrivHist are not conditionally related under VehicleYear,0
Airbag and DrivHist are not conditionally related under ThisCarDam,0
Airbag and DrivHist are not conditionally related under RuggedAuto,0
Airbag and DrivHist are not conditionally related under Accident,0
Airbag and DrivHist are not conditionally related under MakeModel,0
Airbag and DrivHist are not conditionally related under DrivQuality,0
Airbag and DrivHist are not conditionally related under Mileage,0
Airbag and DrivHist are not conditionally related under Antilock,0
Airbag and DrivHist are not conditionally related under DrivingSkill,0
Airbag and DrivHist are not conditionally related under SeniorTrain,0
Airbag and DrivHist are not conditionally related under ThisCarCost,0
Airbag and DrivHist are not conditionally related under Theft,0
Airbag and DrivHist are not conditionally related under CarValue,0
Airbag and DrivHist are not conditionally related under HomeBase,0
Airbag and DrivHist are not conditionally related under AntiTheft,0
Airbag and DrivHist are not conditionally related under PropCost,0
Airbag and DrivHist are not conditionally related under OtherCarCost,0
Airbag and DrivHist are not conditionally related under OtherCar,0
Airbag and DrivHist are not conditionally related under MedCost,0
Airbag and DrivHist are not conditionally related under Cushioning,0
Airbag and DrivHist are not conditionally related under ILiCost,0
ILiCost and GoodStudent are conditionally related under Age,1
ILiCost and GoodStudent are conditionally related under SocioEcon,1
ILiCost and GoodStudent are not conditionally related under RiskAversion,0
ILiCost and GoodStudent are not conditionally related under VehicleYear,0
ILiCost and GoodStudent are not conditionally related under ThisCarDam,0
ILiCost and GoodStudent are not conditionally related under RuggedAuto,0
ILiCost and GoodStudent are not conditionally related under Accident,0
ILiCost and GoodStudent are not conditionally related under MakeModel,0
ILiCost and GoodStudent are not conditionally related under DrivQuality,0
ILiCost and GoodStudent are not conditionally related under Mileage,0
ILiCost and GoodStudent are not conditionally related under Antilock,0
ILiCost and GoodStudent are not conditionally related under DrivingSkill,0
ILiCost and GoodStudent are not conditionally related under SeniorTrain,0
ILiCost and GoodStudent are not conditionally related under ThisCarCost,0
ILiCost and GoodStudent are not conditionally related under Theft,0
ILiCost and GoodStudent are not conditionally related under CarValue,0
ILiCost and GoodStudent are not conditionally related under HomeBase,0
ILiCost and GoodStudent are not conditionally related under AntiTheft,0
ILiCost and GoodStudent are not conditionally related under PropCost,0
ILiCost and GoodStudent are not conditionally related under OtherCarCost,0
ILiCost and GoodStudent are not conditionally related under OtherCar,0
ILiCost and GoodStudent are not conditionally related under MedCost,0
ILiCost and GoodStudent are not conditionally related under Cushioning,0
ILiCost and GoodStudent are not conditionally related under Airbag,0
ILiCost and GoodStudent are not conditionally related under DrivHist,0
ILiCost and Age are related,1
ILiCost and SocioEcon are related,1
ILiCost and RiskAversion are related,1
ILiCost and VehicleYear are related,1
ILiCost and ThisCarDam are not conditionally related under GoodStudent,0
ILiCost and ThisCarDam are conditionally related under Age,1
ILiCost and ThisCarDam are conditionally related under SocioEcon,1
ILiCost and ThisCarDam are conditionally related under RiskAversion,1
ILiCost and ThisCarDam are conditionally related under VehicleYear,1
ILiCost and ThisCarDam are not conditionally related under RuggedAuto,0
ILiCost and ThisCarDam are conditionally related under Accident,1
ILiCost and ThisCarDam are conditionally related under MakeModel,1
ILiCost and ThisCarDam are conditionally related under DrivQuality,1
ILiCost and ThisCarDam are conditionally related under Mileage,1
ILiCost and ThisCarDam are conditionally related under Antilock,1
ILiCost and ThisCarDam are conditionally related under DrivingSkill,1
ILiCost and ThisCarDam are conditionally related under SeniorTrain,1
ILiCost and ThisCarDam are not conditionally related under ThisCarCost,0
ILiCost and ThisCarDam are not conditionally related under Theft,0
ILiCost and ThisCarDam are not conditionally related under CarValue,0
ILiCost and ThisCarDam are not conditionally related under HomeBase,0
ILiCost and ThisCarDam are not conditionally related under AntiTheft,0
ILiCost and ThisCarDam are not conditionally related under PropCost,0
ILiCost and ThisCarDam are not conditionally related under OtherCarCost,0
ILiCost and ThisCarDam are not conditionally related under OtherCar,0
ILiCost and ThisCarDam are not conditionally related under MedCost,0
ILiCost and ThisCarDam are not conditionally related under Cushioning,0
ILiCost and ThisCarDam are not conditionally related under Airbag,0
ILiCost and ThisCarDam are not conditionally related under DrivHist,0
ILiCost and RuggedAuto are not conditionally related under GoodStudent,0
ILiCost and RuggedAuto are conditionally related under Age,1
ILiCost and RuggedAuto are conditionally related under SocioEcon,1
ILiCost and RuggedAuto are conditionally related under RiskAversion,1
ILiCost and RuggedAuto are conditionally related under VehicleYear,1
ILiCost and RuggedAuto are not conditionally related under ThisCarDam,0
ILiCost and RuggedAuto are not conditionally related under Accident,0
ILiCost and RuggedAuto are conditionally related under MakeModel,1
ILiCost and RuggedAuto are not conditionally related under DrivQuality,0
ILiCost and RuggedAuto are not conditionally related under Mileage,0
ILiCost and RuggedAuto are not conditionally related under Antilock,0
ILiCost and RuggedAuto are not conditionally related under DrivingSkill,0
ILiCost and RuggedAuto are not conditionally related under SeniorTrain,0
ILiCost and RuggedAuto are not conditionally related under ThisCarCost,0
ILiCost and RuggedAuto are not conditionally related under Theft,0
ILiCost and RuggedAuto are not conditionally related under CarValue,0
ILiCost and RuggedAuto are not conditionally related under HomeBase,0
ILiCost and RuggedAuto are not conditionally related under AntiTheft,0
ILiCost and RuggedAuto are not conditionally related under PropCost,0
ILiCost and RuggedAuto are not conditionally related under OtherCarCost,0
ILiCost and RuggedAuto are not conditionally related under OtherCar,0
ILiCost and RuggedAuto are not conditionally related under MedCost,0
ILiCost and RuggedAuto are not conditionally related under Cushioning,0
ILiCost and RuggedAuto are not conditionally related under Airbag,0
ILiCost and RuggedAuto are not conditionally related under DrivHist,0
ILiCost and Accident are related,1
ILiCost and MakeModel are related,1
ILiCost and DrivQuality are related,1
ILiCost and Mileage are related,1
ILiCost and Antilock are related,1
ILiCost and DrivingSkill are related,1
ILiCost and SeniorTrain are related,1
ILiCost and ThisCarCost are not conditionally related under GoodStudent,0
ILiCost and ThisCarCost are conditionally related under Age,1
ILiCost and ThisCarCost are conditionally related under SocioEcon,1
ILiCost and ThisCarCost are conditionally related under RiskAversion,1
ILiCost and ThisCarCost are conditionally related under VehicleYear,1
ILiCost and ThisCarCost are not conditionally related under ThisCarDam,0
ILiCost and ThisCarCost are not conditionally related under RuggedAuto,0
ILiCost and ThisCarCost are conditionally related under Accident,1
ILiCost and ThisCarCost are conditionally related under MakeModel,1
ILiCost and ThisCarCost are conditionally related under DrivQuality,1
ILiCost and ThisCarCost are conditionally related under Mileage,1
ILiCost and ThisCarCost are conditionally related under Antilock,1
ILiCost and ThisCarCost are conditionally related under DrivingSkill,1
ILiCost and ThisCarCost are conditionally related under SeniorTrain,1
ILiCost and ThisCarCost are not conditionally related under Theft,0
ILiCost and ThisCarCost are not conditionally related under CarValue,0
ILiCost and ThisCarCost are not conditionally related under HomeBase,0
ILiCost and ThisCarCost are not conditionally related under AntiTheft,0
ILiCost and ThisCarCost are not conditionally related under PropCost,0
ILiCost and ThisCarCost are not conditionally related under OtherCarCost,0
ILiCost and ThisCarCost are not conditionally related under OtherCar,0
ILiCost and ThisCarCost are not conditionally related under MedCost,0
ILiCost and ThisCarCost are not conditionally related under Cushioning,0
ILiCost and ThisCarCost are not conditionally related under Airbag,0
ILiCost and ThisCarCost are not conditionally related under DrivHist,0
ILiCost and Theft are not conditionally related under GoodStudent,0
ILiCost and Theft are conditionally related under Age,1
ILiCost and Theft are conditionally related under SocioEcon,1
ILiCost and Theft are conditionally related under RiskAversion,1
ILiCost and Theft are conditionally related under VehicleYear,1
ILiCost and Theft are not conditionally related under ThisCarDam,0
ILiCost and Theft are not conditionally related under RuggedAuto,0
ILiCost and Theft are not conditionally related under Accident,0
ILiCost and Theft are conditionally related under MakeModel,1
ILiCost and Theft are not conditionally related under DrivQuality,0
ILiCost and Theft are conditionally related under Mileage,1
ILiCost and Theft are not conditionally related under Antilock,0
ILiCost and Theft are not conditionally related under DrivingSkill,0
ILiCost and Theft are not conditionally related under SeniorTrain,0
ILiCost and Theft are not conditionally related under ThisCarCost,0
ILiCost and Theft are not conditionally related under CarValue,0
ILiCost and Theft are not conditionally related under HomeBase,0
ILiCost and Theft are not conditionally related under AntiTheft,0
ILiCost and Theft are not conditionally related under PropCost,0
ILiCost and Theft are not conditionally related under OtherCarCost,0
ILiCost and Theft are not conditionally related under OtherCar,0
ILiCost and Theft are not conditionally related under MedCost,0
ILiCost and Theft are not conditionally related under Cushioning,0
ILiCost and Theft are not conditionally related under Airbag,0
ILiCost and Theft are not conditionally related under DrivHist,0
ILiCost and CarValue are not conditionally related under GoodStudent,0
ILiCost and CarValue are conditionally related under Age,1
ILiCost and CarValue are conditionally related under SocioEcon,1
ILiCost and CarValue are conditionally related under RiskAversion,1
ILiCost and CarValue are conditionally related under VehicleYear,1
ILiCost and CarValue are not conditionally related under ThisCarDam,0
ILiCost and CarValue are not conditionally related under RuggedAuto,0
ILiCost and CarValue are not conditionally related under Accident,0
ILiCost and CarValue are conditionally related under MakeModel,1
ILiCost and CarValue are not conditionally related under DrivQuality,0
ILiCost and CarValue are conditionally related under Mileage,1
ILiCost and CarValue are not conditionally related under Antilock,0
ILiCost and CarValue are not conditionally related under DrivingSkill,0
ILiCost and CarValue are not conditionally related under SeniorTrain,0
ILiCost and CarValue are not conditionally related under ThisCarCost,0
ILiCost and CarValue are not conditionally related under Theft,0
ILiCost and CarValue are not conditionally related under HomeBase,0
ILiCost and CarValue are not conditionally related under AntiTheft,0
ILiCost and CarValue are not conditionally related under PropCost,0
ILiCost and CarValue are not conditionally related under OtherCarCost,0
ILiCost and CarValue are not conditionally related under OtherCar,0
ILiCost and CarValue are not conditionally related under MedCost,0
ILiCost and CarValue are not conditionally related under Cushioning,0
ILiCost and CarValue are not conditionally related under Airbag,0
ILiCost and CarValue are not conditionally related under DrivHist,0
ILiCost and HomeBase are not conditionally related under GoodStudent,0
ILiCost and HomeBase are conditionally related under Age,1
ILiCost and HomeBase are conditionally related under SocioEcon,1
ILiCost and HomeBase are conditionally related under RiskAversion,1
ILiCost and HomeBase are not conditionally related under VehicleYear,0
ILiCost and HomeBase are not conditionally related under ThisCarDam,0
ILiCost and HomeBase are not conditionally related under RuggedAuto,0
ILiCost and HomeBase are not conditionally related under Accident,0
ILiCost and HomeBase are not conditionally related under MakeModel,0
ILiCost and HomeBase are not conditionally related under DrivQuality,0
ILiCost and HomeBase are not conditionally related under Mileage,0
ILiCost and HomeBase are not conditionally related under Antilock,0
ILiCost and HomeBase are not conditionally related under DrivingSkill,0
ILiCost and HomeBase are not conditionally related under SeniorTrain,0
ILiCost and HomeBase are not conditionally related under ThisCarCost,0
ILiCost and HomeBase are not conditionally related under Theft,0
ILiCost and HomeBase are not conditionally related under CarValue,0
ILiCost and HomeBase are not conditionally related under AntiTheft,0
ILiCost and HomeBase are not conditionally related under PropCost,0
ILiCost and HomeBase are not conditionally related under OtherCarCost,0
ILiCost and HomeBase are not conditionally related under OtherCar,0
ILiCost and HomeBase are not conditionally related under MedCost,0
ILiCost and HomeBase are not conditionally related under Cushioning,0
ILiCost and HomeBase are not conditionally related under Airbag,0
ILiCost and HomeBase are not conditionally related under DrivHist,0
ILiCost and AntiTheft are not conditionally related under GoodStudent,0
ILiCost and AntiTheft are conditionally related under Age,1
ILiCost and AntiTheft are conditionally related under SocioEcon,1
ILiCost and AntiTheft are conditionally related under RiskAversion,1
ILiCost and AntiTheft are not conditionally related under VehicleYear,0
ILiCost and AntiTheft are not conditionally related under ThisCarDam,0
ILiCost and AntiTheft are not conditionally related under RuggedAuto,0
ILiCost and AntiTheft are not conditionally related under Accident,0
ILiCost and AntiTheft are not conditionally related under MakeModel,0
ILiCost and AntiTheft are not conditionally related under DrivQuality,0
ILiCost and AntiTheft are not conditionally related under Mileage,0
ILiCost and AntiTheft are not conditionally related under Antilock,0
ILiCost and AntiTheft are not conditionally related under DrivingSkill,0
ILiCost and AntiTheft are not conditionally related under SeniorTrain,0
ILiCost and AntiTheft are not conditionally related under ThisCarCost,0
ILiCost and AntiTheft are not conditionally related under Theft,0
ILiCost and AntiTheft are not conditionally related under CarValue,0
ILiCost and AntiTheft are not conditionally related under HomeBase,0
ILiCost and AntiTheft are not conditionally related under PropCost,0
ILiCost and AntiTheft are not conditionally related under OtherCarCost,0
ILiCost and AntiTheft are not conditionally related under OtherCar,0
ILiCost and AntiTheft are not conditionally related under MedCost,0
ILiCost and AntiTheft are not conditionally related under Cushioning,0
ILiCost and AntiTheft are not conditionally related under Airbag,0
ILiCost and AntiTheft are not conditionally related under DrivHist,0
ILiCost and PropCost are not conditionally related under GoodStudent,0
ILiCost and PropCost are conditionally related under Age,1
ILiCost and PropCost are conditionally related under SocioEcon,1
ILiCost and PropCost are conditionally related under RiskAversion,1
ILiCost and PropCost are conditionally related under VehicleYear,1
ILiCost and PropCost are not conditionally related under ThisCarDam,0
ILiCost and PropCost are not conditionally related under RuggedAuto,0
ILiCost and PropCost are conditionally related under Accident,1
ILiCost and PropCost are conditionally related under MakeModel,1
ILiCost and PropCost are conditionally related under DrivQuality,1
ILiCost and PropCost are conditionally related under Mileage,1
ILiCost and PropCost are conditionally related under Antilock,1
ILiCost and PropCost are conditionally related under DrivingSkill,1
ILiCost and PropCost are conditionally related under SeniorTrain,1
ILiCost and PropCost are not conditionally related under ThisCarCost,0
ILiCost and PropCost are not conditionally related under Theft,0
ILiCost and PropCost are not conditionally related under CarValue,0
ILiCost and PropCost are not conditionally related under HomeBase,0
ILiCost and PropCost are not conditionally related under AntiTheft,0
ILiCost and PropCost are not conditionally related under OtherCarCost,0
ILiCost and PropCost are not conditionally related under OtherCar,0
ILiCost and PropCost are not conditionally related under MedCost,0
ILiCost and PropCost are not conditionally related under Cushioning,0
ILiCost and PropCost are not conditionally related under Airbag,0
ILiCost and PropCost are not conditionally related under DrivHist,0
ILiCost and OtherCarCost are not conditionally related under GoodStudent,0
ILiCost and OtherCarCost are conditionally related under Age,1
ILiCost and OtherCarCost are conditionally related under SocioEcon,1
ILiCost and OtherCarCost are conditionally related under RiskAversion,1
ILiCost and OtherCarCost are conditionally related under VehicleYear,1
ILiCost and OtherCarCost are not conditionally related under ThisCarDam,0
ILiCost and OtherCarCost are not conditionally related under RuggedAuto,0
ILiCost and OtherCarCost are conditionally related under Accident,1
ILiCost and OtherCarCost are conditionally related under MakeModel,1
ILiCost and OtherCarCost are conditionally related under DrivQuality,1
ILiCost and OtherCarCost are conditionally related under Mileage,1
ILiCost and OtherCarCost are conditionally related under Antilock,1
ILiCost and OtherCarCost are conditionally related under DrivingSkill,1
ILiCost and OtherCarCost are conditionally related under SeniorTrain,1
ILiCost and OtherCarCost are not conditionally related under ThisCarCost,0
ILiCost and OtherCarCost are not conditionally related under Theft,0
ILiCost and OtherCarCost are not conditionally related under CarValue,0
ILiCost and OtherCarCost are not conditionally related under HomeBase,0
ILiCost and OtherCarCost are not conditionally related under AntiTheft,0
ILiCost and OtherCarCost are not conditionally related under PropCost,0
ILiCost and OtherCarCost are not conditionally related under OtherCar,0
ILiCost and OtherCarCost are not conditionally related under MedCost,0
ILiCost and OtherCarCost are not conditionally related under Cushioning,0
ILiCost and OtherCarCost are not conditionally related under Airbag,0
ILiCost and OtherCarCost are not conditionally related under DrivHist,0
ILiCost and OtherCar are not conditionally related under GoodStudent,0
ILiCost and OtherCar are conditionally related under Age,1
ILiCost and OtherCar are conditionally related under SocioEcon,1
ILiCost and OtherCar are not conditionally related under RiskAversion,0
ILiCost and OtherCar are not conditionally related under VehicleYear,0
ILiCost and OtherCar are not conditionally related under ThisCarDam,0
ILiCost and OtherCar are not conditionally related under RuggedAuto,0
ILiCost and OtherCar are not conditionally related under Accident,0
ILiCost and OtherCar are not conditionally related under MakeModel,0
ILiCost and OtherCar are not conditionally related under DrivQuality,0
ILiCost and OtherCar are not conditionally related under Mileage,0
ILiCost and OtherCar are not conditionally related under Antilock,0
ILiCost and OtherCar are not conditionally related under DrivingSkill,0
ILiCost and OtherCar are not conditionally related under SeniorTrain,0
ILiCost and OtherCar are not conditionally related under ThisCarCost,0
ILiCost and OtherCar are not conditionally related under Theft,0
ILiCost and OtherCar are not conditionally related under CarValue,0
ILiCost and OtherCar are not conditionally related under HomeBase,0
ILiCost and OtherCar are not conditionally related under AntiTheft,0
ILiCost and OtherCar are not conditionally related under PropCost,0
ILiCost and OtherCar are not conditionally related under OtherCarCost,0
ILiCost and OtherCar are not conditionally related under MedCost,0
ILiCost and OtherCar are not conditionally related under Cushioning,0
ILiCost and OtherCar are not conditionally related under Airbag,0
ILiCost and OtherCar are not conditionally related under DrivHist,0
ILiCost and MedCost are not conditionally related under GoodStudent,0
ILiCost and MedCost are conditionally related under Age,1
ILiCost and MedCost are conditionally related under SocioEcon,1
ILiCost and MedCost are conditionally related under RiskAversion,1
ILiCost and MedCost are conditionally related under VehicleYear,1
ILiCost and MedCost are not conditionally related under ThisCarDam,0
ILiCost and MedCost are not conditionally related under RuggedAuto,0
ILiCost and MedCost are conditionally related under Accident,1
ILiCost and MedCost are conditionally related under MakeModel,1
ILiCost and MedCost are conditionally related under DrivQuality,1
ILiCost and MedCost are conditionally related under Mileage,1
ILiCost and MedCost are conditionally related under Antilock,1
ILiCost and MedCost are conditionally related under DrivingSkill,1
ILiCost and MedCost are conditionally related under SeniorTrain,1
ILiCost and MedCost are not conditionally related under ThisCarCost,0
ILiCost and MedCost are not conditionally related under Theft,0
ILiCost and MedCost are not conditionally related under CarValue,0
ILiCost and MedCost are not conditionally related under HomeBase,0
ILiCost and MedCost are not conditionally related under AntiTheft,0
ILiCost and MedCost are not conditionally related under PropCost,0
ILiCost and MedCost are not conditionally related under OtherCarCost,0
ILiCost and MedCost are not conditionally related under OtherCar,0
ILiCost and MedCost are not conditionally related under Cushioning,0
ILiCost and MedCost are not conditionally related under Airbag,0
ILiCost and MedCost are not conditionally related under DrivHist,0
ILiCost and Cushioning are not conditionally related under GoodStudent,0
ILiCost and Cushioning are conditionally related under Age,1
ILiCost and Cushioning are conditionally related under SocioEcon,1
ILiCost and Cushioning are conditionally related under RiskAversion,1
ILiCost and Cushioning are conditionally related under VehicleYear,1
ILiCost and Cushioning are not conditionally related under ThisCarDam,0
ILiCost and Cushioning are not conditionally related under RuggedAuto,0
ILiCost and Cushioning are not conditionally related under Accident,0
ILiCost and Cushioning are conditionally related under MakeModel,1
ILiCost and Cushioning are not conditionally related under DrivQuality,0
ILiCost and Cushioning are not conditionally related under Mileage,0
ILiCost and Cushioning are not conditionally related under Antilock,0
ILiCost and Cushioning are not conditionally related under DrivingSkill,0
ILiCost and Cushioning are not conditionally related under SeniorTrain,0
ILiCost and Cushioning are not conditionally related under ThisCarCost,0
ILiCost and Cushioning are not conditionally related under Theft,0
ILiCost and Cushioning are not conditionally related under CarValue,0
ILiCost and Cushioning are not conditionally related under HomeBase,0
ILiCost and Cushioning are not conditionally related under AntiTheft,0
ILiCost and Cushioning are not conditionally related under PropCost,0
ILiCost and Cushioning are not conditionally related under OtherCarCost,0
ILiCost and Cushioning are not conditionally related under OtherCar,0
ILiCost and Cushioning are not conditionally related under MedCost,0
ILiCost and Cushioning are not conditionally related under Airbag,0
ILiCost and Cushioning are not conditionally related under DrivHist,0
ILiCost and Airbag are not conditionally related under GoodStudent,0
ILiCost and Airbag are conditionally related under Age,1
ILiCost and Airbag are conditionally related under SocioEcon,1
ILiCost and Airbag are conditionally related under RiskAversion,1
ILiCost and Airbag are conditionally related under VehicleYear,1
ILiCost and Airbag are not conditionally related under ThisCarDam,0
ILiCost and Airbag are not conditionally related under RuggedAuto,0
ILiCost and Airbag are not conditionally related under Accident,0
ILiCost and Airbag are conditionally related under MakeModel,1
ILiCost and Airbag are not conditionally related under DrivQuality,0
ILiCost and Airbag are not conditionally related under Mileage,0
ILiCost and Airbag are not conditionally related under Antilock,0
ILiCost and Airbag are not conditionally related under DrivingSkill,0
ILiCost and Airbag are not conditionally related under SeniorTrain,0
ILiCost and Airbag are not conditionally related under ThisCarCost,0
ILiCost and Airbag are not conditionally related under Theft,0
ILiCost and Airbag are not conditionally related under CarValue,0
ILiCost and Airbag are not conditionally related under HomeBase,0
ILiCost and Airbag are not conditionally related under AntiTheft,0
ILiCost and Airbag are not conditionally related under PropCost,0
ILiCost and Airbag are not conditionally related under OtherCarCost,0
ILiCost and Airbag are not conditionally related under OtherCar,0
ILiCost and Airbag are not conditionally related under MedCost,0
ILiCost and Airbag are not conditionally related under Cushioning,0
ILiCost and Airbag are not conditionally related under DrivHist,0
ILiCost and DrivHist are not conditionally related under GoodStudent,0
ILiCost and DrivHist are conditionally related under Age,1
ILiCost and DrivHist are conditionally related under SocioEcon,1
ILiCost and DrivHist are conditionally related under RiskAversion,1
ILiCost and DrivHist are not conditionally related under VehicleYear,0
ILiCost and DrivHist are not conditionally related under ThisCarDam,0
ILiCost and DrivHist are not conditionally related under RuggedAuto,0
ILiCost and DrivHist are not conditionally related under Accident,0
ILiCost and DrivHist are not conditionally related under MakeModel,0
ILiCost and DrivHist are not conditionally related under DrivQuality,0
ILiCost and DrivHist are not conditionally related under Mileage,0
ILiCost and DrivHist are not conditionally related under Antilock,0
ILiCost and DrivHist are conditionally related under DrivingSkill,1
ILiCost and DrivHist are conditionally related under SeniorTrain,1
ILiCost and DrivHist are not conditionally related under ThisCarCost,0
ILiCost and DrivHist are not conditionally related under Theft,0
ILiCost and DrivHist are not conditionally related under CarValue,0
ILiCost and DrivHist are not conditionally related under HomeBase,0
ILiCost and DrivHist are not conditionally related under AntiTheft,0
ILiCost and DrivHist are not conditionally related under PropCost,0
ILiCost and DrivHist are not conditionally related under OtherCarCost,0
ILiCost and DrivHist are not conditionally related under OtherCar,0
ILiCost and DrivHist are not conditionally related under MedCost,0
ILiCost and DrivHist are not conditionally related under Cushioning,0
ILiCost and DrivHist are not conditionally related under Airbag,0
DrivHist and GoodStudent are conditionally related under Age,1
DrivHist and GoodStudent are conditionally related under SocioEcon,1
DrivHist and GoodStudent are not conditionally related under RiskAversion,0
DrivHist and GoodStudent are not conditionally related under VehicleYear,0
DrivHist and GoodStudent are not conditionally related under ThisCarDam,0
DrivHist and GoodStudent are not conditionally related under RuggedAuto,0
DrivHist and GoodStudent are not conditionally related under Accident,0
DrivHist and GoodStudent are not conditionally related under MakeModel,0
DrivHist and GoodStudent are not conditionally related under DrivQuality,0
DrivHist and GoodStudent are not conditionally related under Mileage,0
DrivHist and GoodStudent are not conditionally related under Antilock,0
DrivHist and GoodStudent are not conditionally related under DrivingSkill,0
DrivHist and GoodStudent are not conditionally related under SeniorTrain,0
DrivHist and GoodStudent are not conditionally related under ThisCarCost,0
DrivHist and GoodStudent are not conditionally related under Theft,0
DrivHist and GoodStudent are not conditionally related under CarValue,0
DrivHist and GoodStudent are not conditionally related under HomeBase,0
DrivHist and GoodStudent are not conditionally related under AntiTheft,0
DrivHist and GoodStudent are not conditionally related under PropCost,0
DrivHist and GoodStudent are not conditionally related under OtherCarCost,0
DrivHist and GoodStudent are not conditionally related under OtherCar,0
DrivHist and GoodStudent are not conditionally related under MedCost,0
DrivHist and GoodStudent are not conditionally related under Cushioning,0
DrivHist and GoodStudent are not conditionally related under Airbag,0
DrivHist and GoodStudent are not conditionally related under ILiCost,0
DrivHist and Age are related,1
DrivHist and SocioEcon are related,1
DrivHist and RiskAversion are related,1
DrivHist and VehicleYear are not conditionally related under GoodStudent,0
DrivHist and VehicleYear are conditionally related under Age,1
DrivHist and VehicleYear are conditionally related under SocioEcon,1
DrivHist and VehicleYear are conditionally related under RiskAversion,1
DrivHist and VehicleYear are not conditionally related under ThisCarDam,0
DrivHist and VehicleYear are not conditionally related under RuggedAuto,0
DrivHist and VehicleYear are not conditionally related under Accident,0
DrivHist and VehicleYear are not conditionally related under MakeModel,0
DrivHist and VehicleYear are not conditionally related under DrivQuality,0
DrivHist and VehicleYear are not conditionally related under Mileage,0
DrivHist and VehicleYear are not conditionally related under Antilock,0
DrivHist and VehicleYear are not conditionally related under DrivingSkill,0
DrivHist and VehicleYear are not conditionally related under SeniorTrain,0
DrivHist and VehicleYear are not conditionally related under ThisCarCost,0
DrivHist and VehicleYear are not conditionally related under Theft,0
DrivHist and VehicleYear are not conditionally related under CarValue,0
DrivHist and VehicleYear are not conditionally related under HomeBase,0
DrivHist and VehicleYear are not conditionally related under AntiTheft,0
DrivHist and VehicleYear are not conditionally related under PropCost,0
DrivHist and VehicleYear are not conditionally related under OtherCarCost,0
DrivHist and VehicleYear are not conditionally related under OtherCar,0
DrivHist and VehicleYear are not conditionally related under MedCost,0
DrivHist and VehicleYear are not conditionally related under Cushioning,0
DrivHist and VehicleYear are not conditionally related under Airbag,0
DrivHist and VehicleYear are not conditionally related under ILiCost,0
DrivHist and ThisCarDam are not conditionally related under GoodStudent,0
DrivHist and ThisCarDam are conditionally related under Age,1
DrivHist and ThisCarDam are conditionally related under SocioEcon,1
DrivHist and ThisCarDam are conditionally related under RiskAversion,1
DrivHist and ThisCarDam are not conditionally related under VehicleYear,0
DrivHist and ThisCarDam are not conditionally related under RuggedAuto,0
DrivHist and ThisCarDam are not conditionally related under Accident,0
DrivHist and ThisCarDam are not conditionally related under MakeModel,0
DrivHist and ThisCarDam are not conditionally related under DrivQuality,0
DrivHist and ThisCarDam are not conditionally related under Mileage,0
DrivHist and ThisCarDam are not conditionally related under Antilock,0
DrivHist and ThisCarDam are conditionally related under DrivingSkill,1
DrivHist and ThisCarDam are conditionally related under SeniorTrain,1
DrivHist and ThisCarDam are not conditionally related under ThisCarCost,0
DrivHist and ThisCarDam are not conditionally related under Theft,0
DrivHist and ThisCarDam are not conditionally related under CarValue,0
DrivHist and ThisCarDam are not conditionally related under HomeBase,0
DrivHist and ThisCarDam are not conditionally related under AntiTheft,0
DrivHist and ThisCarDam are not conditionally related under PropCost,0
DrivHist and ThisCarDam are not conditionally related under OtherCarCost,0
DrivHist and ThisCarDam are not conditionally related under OtherCar,0
DrivHist and ThisCarDam are not conditionally related under MedCost,0
DrivHist and ThisCarDam are not conditionally related under Cushioning,0
DrivHist and ThisCarDam are not conditionally related under Airbag,0
DrivHist and ThisCarDam are not conditionally related under ILiCost,0
DrivHist and RuggedAuto are not conditionally related under GoodStudent,0
DrivHist and RuggedAuto are conditionally related under Age,1
DrivHist and RuggedAuto are conditionally related under SocioEcon,1
DrivHist and RuggedAuto are conditionally related under RiskAversion,1
DrivHist and RuggedAuto are not conditionally related under VehicleYear,0
DrivHist and RuggedAuto are not conditionally related under ThisCarDam,0
DrivHist and RuggedAuto are not conditionally related under Accident,0
DrivHist and RuggedAuto are not conditionally related under MakeModel,0
DrivHist and RuggedAuto are not conditionally related under DrivQuality,0
DrivHist and RuggedAuto are not conditionally related under Mileage,0
DrivHist and RuggedAuto are not conditionally related under Antilock,0
DrivHist and RuggedAuto are not conditionally related under DrivingSkill,0
DrivHist and RuggedAuto are not conditionally related under SeniorTrain,0
DrivHist and RuggedAuto are not conditionally related under ThisCarCost,0
DrivHist and RuggedAuto are not conditionally related under Theft,0
DrivHist and RuggedAuto are not conditionally related under CarValue,0
DrivHist and RuggedAuto are not conditionally related under HomeBase,0
DrivHist and RuggedAuto are not conditionally related under AntiTheft,0
DrivHist and RuggedAuto are not conditionally related under PropCost,0
DrivHist and RuggedAuto are not conditionally related under OtherCarCost,0
DrivHist and RuggedAuto are not conditionally related under OtherCar,0
DrivHist and RuggedAuto are not conditionally related under MedCost,0
DrivHist and RuggedAuto are not conditionally related under Cushioning,0
DrivHist and RuggedAuto are not conditionally related under Airbag,0
DrivHist and RuggedAuto are not conditionally related under ILiCost,0
DrivHist and Accident are not conditionally related under GoodStudent,0
DrivHist and Accident are conditionally related under Age,1
DrivHist and Accident are conditionally related under SocioEcon,1
DrivHist and Accident are conditionally related under RiskAversion,1
DrivHist and Accident are not conditionally related under VehicleYear,0
DrivHist and Accident are not conditionally related under ThisCarDam,0
DrivHist and Accident are not conditionally related under RuggedAuto,0
DrivHist and Accident are not conditionally related under MakeModel,0
DrivHist and Accident are not conditionally related under DrivQuality,0
DrivHist and Accident are not conditionally related under Mileage,0
DrivHist and Accident are not conditionally related under Antilock,0
DrivHist and Accident are conditionally related under DrivingSkill,1
DrivHist and Accident are conditionally related under SeniorTrain,1
DrivHist and Accident are not conditionally related under ThisCarCost,0
DrivHist and Accident are not conditionally related under Theft,0
DrivHist and Accident are not conditionally related under CarValue,0
DrivHist and Accident are not conditionally related under HomeBase,0
DrivHist and Accident are not conditionally related under AntiTheft,0
DrivHist and Accident are not conditionally related under PropCost,0
DrivHist and Accident are not conditionally related under OtherCarCost,0
DrivHist and Accident are not conditionally related under OtherCar,0
DrivHist and Accident are not conditionally related under MedCost,0
DrivHist and Accident are not conditionally related under Cushioning,0
DrivHist and Accident are not conditionally related under Airbag,0
DrivHist and Accident are not conditionally related under ILiCost,0
DrivHist and MakeModel are not conditionally related under GoodStudent,0
DrivHist and MakeModel are conditionally related under Age,1
DrivHist and MakeModel are conditionally related under SocioEcon,1
DrivHist and MakeModel are conditionally related under RiskAversion,1
DrivHist and MakeModel are not conditionally related under VehicleYear,0
DrivHist and MakeModel are not conditionally related under ThisCarDam,0
DrivHist and MakeModel are not conditionally related under RuggedAuto,0
DrivHist and MakeModel are not conditionally related under Accident,0
DrivHist and MakeModel are not conditionally related under DrivQuality,0
DrivHist and MakeModel are not conditionally related under Mileage,0
DrivHist and MakeModel are not conditionally related under Antilock,0
DrivHist and MakeModel are not conditionally related under DrivingSkill,0
DrivHist and MakeModel are not conditionally related under SeniorTrain,0
DrivHist and MakeModel are not conditionally related under ThisCarCost,0
DrivHist and MakeModel are not conditionally related under Theft,0
DrivHist and MakeModel are not conditionally related under CarValue,0
DrivHist and MakeModel are not conditionally related under HomeBase,0
DrivHist and MakeModel are not conditionally related under AntiTheft,0
DrivHist and MakeModel are not conditionally related under PropCost,0
DrivHist and MakeModel are not conditionally related under OtherCarCost,0
DrivHist and MakeModel are not conditionally related under OtherCar,0
DrivHist and MakeModel are not conditionally related under MedCost,0
DrivHist and MakeModel are not conditionally related under Cushioning,0
DrivHist and MakeModel are not conditionally related under Airbag,0
DrivHist and MakeModel are not conditionally related under ILiCost,0
DrivHist and DrivQuality are not conditionally related under GoodStudent,0
DrivHist and DrivQuality are conditionally related under Age,1
DrivHist and DrivQuality are conditionally related under SocioEcon,1
DrivHist and DrivQuality are conditionally related under RiskAversion,1
DrivHist and DrivQuality are not conditionally related under VehicleYear,0
DrivHist and DrivQuality are not conditionally related under ThisCarDam,0
DrivHist and DrivQuality are not conditionally related under RuggedAuto,0
DrivHist and DrivQuality are not conditionally related under Accident,0
DrivHist and DrivQuality are not conditionally related under MakeModel,0
DrivHist and DrivQuality are not conditionally related under Mileage,0
DrivHist and DrivQuality are not conditionally related under Antilock,0
DrivHist and DrivQuality are conditionally related under DrivingSkill,1
DrivHist and DrivQuality are conditionally related under SeniorTrain,1
DrivHist and DrivQuality are not conditionally related under ThisCarCost,0
DrivHist and DrivQuality are not conditionally related under Theft,0
DrivHist and DrivQuality are not conditionally related under CarValue,0
DrivHist and DrivQuality are not conditionally related under HomeBase,0
DrivHist and DrivQuality are not conditionally related under AntiTheft,0
DrivHist and DrivQuality are not conditionally related under PropCost,0
DrivHist and DrivQuality are not conditionally related under OtherCarCost,0
DrivHist and DrivQuality are not conditionally related under OtherCar,0
DrivHist and DrivQuality are not conditionally related under MedCost,0
DrivHist and DrivQuality are not conditionally related under Cushioning,0
DrivHist and DrivQuality are not conditionally related under Airbag,0
DrivHist and DrivQuality are not conditionally related under ILiCost,0
DrivHist and Mileage are not conditionally related under GoodStudent,0
DrivHist and Mileage are not conditionally related under Age,0
DrivHist and Mileage are not conditionally related under SocioEcon,0
DrivHist and Mileage are not conditionally related under RiskAversion,0
DrivHist and Mileage are not conditionally related under VehicleYear,0
DrivHist and Mileage are not conditionally related under ThisCarDam,0
DrivHist and Mileage are not conditionally related under RuggedAuto,0
DrivHist and Mileage are not conditionally related under Accident,0
DrivHist and Mileage are not conditionally related under MakeModel,0
DrivHist and Mileage are not conditionally related under DrivQuality,0
DrivHist and Mileage are not conditionally related under Antilock,0
DrivHist and Mileage are not conditionally related under DrivingSkill,0
DrivHist and Mileage are not conditionally related under SeniorTrain,0
DrivHist and Mileage are not conditionally related under ThisCarCost,0
DrivHist and Mileage are not conditionally related under Theft,0
DrivHist and Mileage are not conditionally related under CarValue,0
DrivHist and Mileage are not conditionally related under HomeBase,0
DrivHist and Mileage are not conditionally related under AntiTheft,0
DrivHist and Mileage are not conditionally related under PropCost,0
DrivHist and Mileage are not conditionally related under OtherCarCost,0
DrivHist and Mileage are not conditionally related under OtherCar,0
DrivHist and Mileage are not conditionally related under MedCost,0
DrivHist and Mileage are not conditionally related under Cushioning,0
DrivHist and Mileage are not conditionally related under Airbag,0
DrivHist and Mileage are not conditionally related under ILiCost,0
DrivHist and Antilock are not conditionally related under GoodStudent,0
DrivHist and Antilock are conditionally related under Age,1
DrivHist and Antilock are conditionally related under SocioEcon,1
DrivHist and Antilock are conditionally related under RiskAversion,1
DrivHist and Antilock are not conditionally related under VehicleYear,0
DrivHist and Antilock are not conditionally related under ThisCarDam,0
DrivHist and Antilock are not conditionally related under RuggedAuto,0
DrivHist and Antilock are not conditionally related under Accident,0
DrivHist and Antilock are not conditionally related under MakeModel,0
DrivHist and Antilock are not conditionally related under DrivQuality,0
DrivHist and Antilock are not conditionally related under Mileage,0
DrivHist and Antilock are not conditionally related under DrivingSkill,0
DrivHist and Antilock are not conditionally related under SeniorTrain,0
DrivHist and Antilock are not conditionally related under ThisCarCost,0
DrivHist and Antilock are not conditionally related under Theft,0
DrivHist and Antilock are not conditionally related under CarValue,0
DrivHist and Antilock are not conditionally related under HomeBase,0
DrivHist and Antilock are not conditionally related under AntiTheft,0
DrivHist and Antilock are not conditionally related under PropCost,0
DrivHist and Antilock are not conditionally related under OtherCarCost,0
DrivHist and Antilock are not conditionally related under OtherCar,0
DrivHist and Antilock are not conditionally related under MedCost,0
DrivHist and Antilock are not conditionally related under Cushioning,0
DrivHist and Antilock are not conditionally related under Airbag,0
DrivHist and Antilock are not conditionally related under ILiCost,0
DrivHist and DrivingSkill are related,1
DrivHist and SeniorTrain are related,1
DrivHist and ThisCarCost are not conditionally related under GoodStudent,0
DrivHist and ThisCarCost are conditionally related under Age,1
DrivHist and ThisCarCost are conditionally related under SocioEcon,1
DrivHist and ThisCarCost are conditionally related under RiskAversion,1
DrivHist and ThisCarCost are not conditionally related under VehicleYear,0
DrivHist and ThisCarCost are not conditionally related under ThisCarDam,0
DrivHist and ThisCarCost are not conditionally related under RuggedAuto,0
DrivHist and ThisCarCost are not conditionally related under Accident,0
DrivHist and ThisCarCost are not conditionally related under MakeModel,0
DrivHist and ThisCarCost are not conditionally related under DrivQuality,0
DrivHist and ThisCarCost are not conditionally related under Mileage,0
DrivHist and ThisCarCost are not conditionally related under Antilock,0
DrivHist and ThisCarCost are conditionally related under DrivingSkill,1
DrivHist and ThisCarCost are conditionally related under SeniorTrain,1
DrivHist and ThisCarCost are not conditionally related under Theft,0
DrivHist and ThisCarCost are not conditionally related under CarValue,0
DrivHist and ThisCarCost are not conditionally related under HomeBase,0
DrivHist and ThisCarCost are not conditionally related under AntiTheft,0
DrivHist and ThisCarCost are not conditionally related under PropCost,0
DrivHist and ThisCarCost are not conditionally related under OtherCarCost,0
DrivHist and ThisCarCost are not conditionally related under OtherCar,0
DrivHist and ThisCarCost are not conditionally related under MedCost,0
DrivHist and ThisCarCost are not conditionally related under Cushioning,0
DrivHist and ThisCarCost are not conditionally related under Airbag,0
DrivHist and ThisCarCost are not conditionally related under ILiCost,0
DrivHist and Theft are not conditionally related under GoodStudent,0
DrivHist and Theft are conditionally related under Age,1
DrivHist and Theft are conditionally related under SocioEcon,1
DrivHist and Theft are conditionally related under RiskAversion,1
DrivHist and Theft are not conditionally related under VehicleYear,0
DrivHist and Theft are not conditionally related under ThisCarDam,0
DrivHist and Theft are not conditionally related under RuggedAuto,0
DrivHist and Theft are not conditionally related under Accident,0
DrivHist and Theft are not conditionally related under MakeModel,0
DrivHist and Theft are not conditionally related under DrivQuality,0
DrivHist and Theft are not conditionally related under Mileage,0
DrivHist and Theft are not conditionally related under Antilock,0
DrivHist and Theft are not conditionally related under DrivingSkill,0
DrivHist and Theft are not conditionally related under SeniorTrain,0
DrivHist and Theft are not conditionally related under ThisCarCost,0
DrivHist and Theft are not conditionally related under CarValue,0
DrivHist and Theft are not conditionally related under HomeBase,0
DrivHist and Theft are not conditionally related under AntiTheft,0
DrivHist and Theft are not conditionally related under PropCost,0
DrivHist and Theft are not conditionally related under OtherCarCost,0
DrivHist and Theft are not conditionally related under OtherCar,0
DrivHist and Theft are not conditionally related under MedCost,0
DrivHist and Theft are not conditionally related under Cushioning,0
DrivHist and Theft are not conditionally related under Airbag,0
DrivHist and Theft are not conditionally related under ILiCost,0
DrivHist and CarValue are not conditionally related under GoodStudent,0
DrivHist and CarValue are conditionally related under Age,1
DrivHist and CarValue are conditionally related under SocioEcon,1
DrivHist and CarValue are conditionally related under RiskAversion,1
DrivHist and CarValue are not conditionally related under VehicleYear,0
DrivHist and CarValue are not conditionally related under ThisCarDam,0
DrivHist and CarValue are not conditionally related under RuggedAuto,0
DrivHist and CarValue are not conditionally related under Accident,0
DrivHist and CarValue are not conditionally related under MakeModel,0
DrivHist and CarValue are not conditionally related under DrivQuality,0
DrivHist and CarValue are not conditionally related under Mileage,0
DrivHist and CarValue are not conditionally related under Antilock,0
DrivHist and CarValue are not conditionally related under DrivingSkill,0
DrivHist and CarValue are not conditionally related under SeniorTrain,0
DrivHist and CarValue are not conditionally related under ThisCarCost,0
DrivHist and CarValue are not conditionally related under Theft,0
DrivHist and CarValue are not conditionally related under HomeBase,0
DrivHist and CarValue are not conditionally related under AntiTheft,0
DrivHist and CarValue are not conditionally related under PropCost,0
DrivHist and CarValue are not conditionally related under OtherCarCost,0
DrivHist and CarValue are not conditionally related under OtherCar,0
DrivHist and CarValue are not conditionally related under MedCost,0
DrivHist and CarValue are not conditionally related under Cushioning,0
DrivHist and CarValue are not conditionally related under Airbag,0
DrivHist and CarValue are not conditionally related under ILiCost,0
DrivHist and HomeBase are not conditionally related under GoodStudent,0
DrivHist and HomeBase are conditionally related under Age,1
DrivHist and HomeBase are conditionally related under SocioEcon,1
DrivHist and HomeBase are conditionally related under RiskAversion,1
DrivHist and HomeBase are not conditionally related under VehicleYear,0
DrivHist and HomeBase are not conditionally related under ThisCarDam,0
DrivHist and HomeBase are not conditionally related under RuggedAuto,0
DrivHist and HomeBase are not conditionally related under Accident,0
DrivHist and HomeBase are not conditionally related under MakeModel,0
DrivHist and HomeBase are not conditionally related under DrivQuality,0
DrivHist and HomeBase are not conditionally related under Mileage,0
DrivHist and HomeBase are not conditionally related under Antilock,0
DrivHist and HomeBase are not conditionally related under DrivingSkill,0
DrivHist and HomeBase are not conditionally related under SeniorTrain,0
DrivHist and HomeBase are not conditionally related under ThisCarCost,0
DrivHist and HomeBase are not conditionally related under Theft,0
DrivHist and HomeBase are not conditionally related under CarValue,0
DrivHist and HomeBase are not conditionally related under AntiTheft,0
DrivHist and HomeBase are not conditionally related under PropCost,0
DrivHist and HomeBase are not conditionally related under OtherCarCost,0
DrivHist and HomeBase are not conditionally related under OtherCar,0
DrivHist and HomeBase are not conditionally related under MedCost,0
DrivHist and HomeBase are not conditionally related under Cushioning,0
DrivHist and HomeBase are not conditionally related under Airbag,0
DrivHist and HomeBase are not conditionally related under ILiCost,0
DrivHist and AntiTheft are not conditionally related under GoodStudent,0
DrivHist and AntiTheft are conditionally related under Age,1
DrivHist and AntiTheft are conditionally related under SocioEcon,1
DrivHist and AntiTheft are conditionally related under RiskAversion,1
DrivHist and AntiTheft are not conditionally related under VehicleYear,0
DrivHist and AntiTheft are not conditionally related under ThisCarDam,0
DrivHist and AntiTheft are not conditionally related under RuggedAuto,0
DrivHist and AntiTheft are not conditionally related under Accident,0
DrivHist and AntiTheft are not conditionally related under MakeModel,0
DrivHist and AntiTheft are not conditionally related under DrivQuality,0
DrivHist and AntiTheft are not conditionally related under Mileage,0
DrivHist and AntiTheft are not conditionally related under Antilock,0
DrivHist and AntiTheft are not conditionally related under DrivingSkill,0
DrivHist and AntiTheft are not conditionally related under SeniorTrain,0
DrivHist and AntiTheft are not conditionally related under ThisCarCost,0
DrivHist and AntiTheft are not conditionally related under Theft,0
DrivHist and AntiTheft are not conditionally related under CarValue,0
DrivHist and AntiTheft are not conditionally related under HomeBase,0
DrivHist and AntiTheft are not conditionally related under PropCost,0
DrivHist and AntiTheft are not conditionally related under OtherCarCost,0
DrivHist and AntiTheft are not conditionally related under OtherCar,0
DrivHist and AntiTheft are not conditionally related under MedCost,0
DrivHist and AntiTheft are not conditionally related under Cushioning,0
DrivHist and AntiTheft are not conditionally related under Airbag,0
DrivHist and AntiTheft are not conditionally related under ILiCost,0
DrivHist and PropCost are not conditionally related under GoodStudent,0
DrivHist and PropCost are conditionally related under Age,1
DrivHist and PropCost are conditionally related under SocioEcon,1
DrivHist and PropCost are conditionally related under RiskAversion,1
DrivHist and PropCost are not conditionally related under VehicleYear,0
DrivHist and PropCost are not conditionally related under ThisCarDam,0
DrivHist and PropCost are not conditionally related under RuggedAuto,0
DrivHist and PropCost are not conditionally related under Accident,0
DrivHist and PropCost are not conditionally related under MakeModel,0
DrivHist and PropCost are not conditionally related under DrivQuality,0
DrivHist and PropCost are not conditionally related under Mileage,0
DrivHist and PropCost are not conditionally related under Antilock,0
DrivHist and PropCost are conditionally related under DrivingSkill,1
DrivHist and PropCost are conditionally related under SeniorTrain,1
DrivHist and PropCost are not conditionally related under ThisCarCost,0
DrivHist and PropCost are not conditionally related under Theft,0
DrivHist and PropCost are not conditionally related under CarValue,0
DrivHist and PropCost are not conditionally related under HomeBase,0
DrivHist and PropCost are not conditionally related under AntiTheft,0
DrivHist and PropCost are not conditionally related under OtherCarCost,0
DrivHist and PropCost are not conditionally related under OtherCar,0
DrivHist and PropCost are not conditionally related under MedCost,0
DrivHist and PropCost are not conditionally related under Cushioning,0
DrivHist and PropCost are not conditionally related under Airbag,0
DrivHist and PropCost are not conditionally related under ILiCost,0
DrivHist and OtherCarCost are not conditionally related under GoodStudent,0
DrivHist and OtherCarCost are conditionally related under Age,1
DrivHist and OtherCarCost are conditionally related under SocioEcon,1
DrivHist and OtherCarCost are conditionally related under RiskAversion,1
DrivHist and OtherCarCost are not conditionally related under VehicleYear,0
DrivHist and OtherCarCost are not conditionally related under ThisCarDam,0
DrivHist and OtherCarCost are not conditionally related under RuggedAuto,0
DrivHist and OtherCarCost are not conditionally related under Accident,0
DrivHist and OtherCarCost are not conditionally related under MakeModel,0
DrivHist and OtherCarCost are not conditionally related under DrivQuality,0
DrivHist and OtherCarCost are not conditionally related under Mileage,0
DrivHist and OtherCarCost are not conditionally related under Antilock,0
DrivHist and OtherCarCost are conditionally related under DrivingSkill,1
DrivHist and OtherCarCost are conditionally related under SeniorTrain,1
DrivHist and OtherCarCost are not conditionally related under ThisCarCost,0
DrivHist and OtherCarCost are not conditionally related under Theft,0
DrivHist and OtherCarCost are not conditionally related under CarValue,0
DrivHist and OtherCarCost are not conditionally related under HomeBase,0
DrivHist and OtherCarCost are not conditionally related under AntiTheft,0
DrivHist and OtherCarCost are not conditionally related under PropCost,0
DrivHist and OtherCarCost are not conditionally related under OtherCar,0
DrivHist and OtherCarCost are not conditionally related under MedCost,0
DrivHist and OtherCarCost are not conditionally related under Cushioning,0
DrivHist and OtherCarCost are not conditionally related under Airbag,0
DrivHist and OtherCarCost are not conditionally related under ILiCost,0
DrivHist and OtherCar are not conditionally related under GoodStudent,0
DrivHist and OtherCar are conditionally related under Age,1
DrivHist and OtherCar are conditionally related under SocioEcon,1
DrivHist and OtherCar are not conditionally related under RiskAversion,0
DrivHist and OtherCar are not conditionally related under VehicleYear,0
DrivHist and OtherCar are not conditionally related under ThisCarDam,0
DrivHist and OtherCar are not conditionally related under RuggedAuto,0
DrivHist and OtherCar are not conditionally related under Accident,0
DrivHist and OtherCar are not conditionally related under MakeModel,0
DrivHist and OtherCar are not conditionally related under DrivQuality,0
DrivHist and OtherCar are not conditionally related under Mileage,0
DrivHist and OtherCar are not conditionally related under Antilock,0
DrivHist and OtherCar are not conditionally related under DrivingSkill,0
DrivHist and OtherCar are not conditionally related under SeniorTrain,0
DrivHist and OtherCar are not conditionally related under ThisCarCost,0
DrivHist and OtherCar are not conditionally related under Theft,0
DrivHist and OtherCar are not conditionally related under CarValue,0
DrivHist and OtherCar are not conditionally related under HomeBase,0
DrivHist and OtherCar are not conditionally related under AntiTheft,0
DrivHist and OtherCar are not conditionally related under PropCost,0
DrivHist and OtherCar are not conditionally related under OtherCarCost,0
DrivHist and OtherCar are not conditionally related under MedCost,0
DrivHist and OtherCar are not conditionally related under Cushioning,0
DrivHist and OtherCar are not conditionally related under Airbag,0
DrivHist and OtherCar are not conditionally related under ILiCost,0
DrivHist and MedCost are not conditionally related under GoodStudent,0
DrivHist and MedCost are conditionally related under Age,1
DrivHist and MedCost are conditionally related under SocioEcon,1
DrivHist and MedCost are conditionally related under RiskAversion,1
DrivHist and MedCost are not conditionally related under VehicleYear,0
DrivHist and MedCost are not conditionally related under ThisCarDam,0
DrivHist and MedCost are not conditionally related under RuggedAuto,0
DrivHist and MedCost are not conditionally related under Accident,0
DrivHist and MedCost are not conditionally related under MakeModel,0
DrivHist and MedCost are not conditionally related under DrivQuality,0
DrivHist and MedCost are not conditionally related under Mileage,0
DrivHist and MedCost are not conditionally related under Antilock,0
DrivHist and MedCost are conditionally related under DrivingSkill,1
DrivHist and MedCost are conditionally related under SeniorTrain,1
DrivHist and MedCost are not conditionally related under ThisCarCost,0
DrivHist and MedCost are not conditionally related under Theft,0
DrivHist and MedCost are not conditionally related under CarValue,0
DrivHist and MedCost are not conditionally related under HomeBase,0
DrivHist and MedCost are not conditionally related under AntiTheft,0
DrivHist and MedCost are not conditionally related under PropCost,0
DrivHist and MedCost are not conditionally related under OtherCarCost,0
DrivHist and MedCost are not conditionally related under OtherCar,0
DrivHist and MedCost are not conditionally related under Cushioning,0
DrivHist and MedCost are not conditionally related under Airbag,0
DrivHist and MedCost are not conditionally related under ILiCost,0
DrivHist and Cushioning are not conditionally related under GoodStudent,0
DrivHist and Cushioning are conditionally related under Age,1
DrivHist and Cushioning are conditionally related under SocioEcon,1
DrivHist and Cushioning are conditionally related under RiskAversion,1
DrivHist and Cushioning are not conditionally related under VehicleYear,0
DrivHist and Cushioning are not conditionally related under ThisCarDam,0
DrivHist and Cushioning are not conditionally related under RuggedAuto,0
DrivHist and Cushioning are not conditionally related under Accident,0
DrivHist and Cushioning are not conditionally related under MakeModel,0
DrivHist and Cushioning are not conditionally related under DrivQuality,0
DrivHist and Cushioning are not conditionally related under Mileage,0
DrivHist and Cushioning are not conditionally related under Antilock,0
DrivHist and Cushioning are not conditionally related under DrivingSkill,0
DrivHist and Cushioning are not conditionally related under SeniorTrain,0
DrivHist and Cushioning are not conditionally related under ThisCarCost,0
DrivHist and Cushioning are not conditionally related under Theft,0
DrivHist and Cushioning are not conditionally related under CarValue,0
DrivHist and Cushioning are not conditionally related under HomeBase,0
DrivHist and Cushioning are not conditionally related under AntiTheft,0
DrivHist and Cushioning are not conditionally related under PropCost,0
DrivHist and Cushioning are not conditionally related under OtherCarCost,0
DrivHist and Cushioning are not conditionally related under OtherCar,0
DrivHist and Cushioning are not conditionally related under MedCost,0
DrivHist and Cushioning are not conditionally related under Airbag,0
DrivHist and Cushioning are not conditionally related under ILiCost,0
DrivHist and Airbag are not conditionally related under GoodStudent,0
DrivHist and Airbag are conditionally related under Age,1
DrivHist and Airbag are conditionally related under SocioEcon,1
DrivHist and Airbag are conditionally related under RiskAversion,1
DrivHist and Airbag are not conditionally related under VehicleYear,0
DrivHist and Airbag are not conditionally related under ThisCarDam,0
DrivHist and Airbag are not conditionally related under RuggedAuto,0
DrivHist and Airbag are not conditionally related under Accident,0
DrivHist and Airbag are not conditionally related under MakeModel,0
DrivHist and Airbag are not conditionally related under DrivQuality,0
DrivHist and Airbag are not conditionally related under Mileage,0
DrivHist and Airbag are not conditionally related under Antilock,0
DrivHist and Airbag are not conditionally related under DrivingSkill,0
DrivHist and Airbag are not conditionally related under SeniorTrain,0
DrivHist and Airbag are not conditionally related under ThisCarCost,0
DrivHist and Airbag are not conditionally related under Theft,0
DrivHist and Airbag are not conditionally related under CarValue,0
DrivHist and Airbag are not conditionally related under HomeBase,0
DrivHist and Airbag are not conditionally related under AntiTheft,0
DrivHist and Airbag are not conditionally related under PropCost,0
DrivHist and Airbag are not conditionally related under OtherCarCost,0
DrivHist and Airbag are not conditionally related under OtherCar,0
DrivHist and Airbag are not conditionally related under MedCost,0
DrivHist and Airbag are not conditionally related under Cushioning,0
DrivHist and Airbag are not conditionally related under ILiCost,0
DrivHist and ILiCost are not conditionally related under GoodStudent,0
DrivHist and ILiCost are conditionally related under Age,1
DrivHist and ILiCost are conditionally related under SocioEcon,1
DrivHist and ILiCost are conditionally related under RiskAversion,1
DrivHist and ILiCost are not conditionally related under VehicleYear,0
DrivHist and ILiCost are not conditionally related under ThisCarDam,0
DrivHist and ILiCost are not conditionally related under RuggedAuto,0
DrivHist and ILiCost are not conditionally related under Accident,0
DrivHist and ILiCost are not conditionally related under MakeModel,0
DrivHist and ILiCost are not conditionally related under DrivQuality,0
DrivHist and ILiCost are not conditionally related under Mileage,0
DrivHist and ILiCost are not conditionally related under Antilock,0
DrivHist and ILiCost are conditionally related under DrivingSkill,1
DrivHist and ILiCost are conditionally related under SeniorTrain,1
DrivHist and ILiCost are not conditionally related under ThisCarCost,0
DrivHist and ILiCost are not conditionally related under Theft,0
DrivHist and ILiCost are not conditionally related under CarValue,0
DrivHist and ILiCost are not conditionally related under HomeBase,0
DrivHist and ILiCost are not conditionally related under AntiTheft,0
DrivHist and ILiCost are not conditionally related under PropCost,0
DrivHist and ILiCost are not conditionally related under OtherCarCost,0
DrivHist and ILiCost are not conditionally related under OtherCar,0
DrivHist and ILiCost are not conditionally related under MedCost,0
DrivHist and ILiCost are not conditionally related under Cushioning,0
DrivHist and ILiCost are not conditionally related under Airbag,0
